Date,Time,TxBat(V),VFR 900M(%),RSSI 900M(dB),RX,AccX(g),RxBatt(V),Power 900M(mW),AccZ(g),RSSI 2.4G(dB),RX,AccY(g),VFR 2.4G(%),Rx VFR(%),R.angle(°),P.angle(°),ADC2(V),GPS speed(km/h),GPS,GPS alt(m),GPS clock(),Rudder,Elevator,Throttle,Aileron,Pot1,Pot2,Ext1,Ext2,Pot3,Slider left,Slider right,SA,SB,SC,SD,SE,SF,SG,SH,SI,SJ,LS1,CH1,CH2,CH3,CH4,CH5,CH6,CH7,CH8,CH9,CH10,CH11,CH12,CH13,CH14,CH15,CH16,CH17,CH18,CH19,CH20,CH21,CH22,CH23,CH24,CH25,CH26,CH27,CH28,CH29,CH30,CH31,CH32,CH33,CH34,CH35,CH36,CH37,CH38,CH39,CH40,CH41,CH42,CH43,CH44,CH45,CH46,CH47,CH48,CH49,CH50,CH51,CH52,CH53,CH54,CH55,CH56,CH57,CH58,CH59,CH60,CH61,CH62,CH63,CH64,
2026-05-29,09:07:03.000,8.33,100,100,0,-0.125,5.91,25,1.002,98,0,0.016,100,100,0.55,-7.28,0.00,0,55.415900 12.873600,,2026-05-29 09:07:03,0,0,-1024,190,-430,1,41,-21,322,0,0,-1,-1,-1,-1,-1,-1,-1,-1,-1,-1,0,-33,8,-1024,0,-33,0,0,0,0,0,0,0,297,1024,0,0,0,0,0,0,0,0,0,0,0,0,0,0,0,0,0,0,0,0,0,0,0,0,0,0,0,0,0,0,0,0,0,0,0,0,0,0,0,0,0,0,0,0,0,0,0,0,0,0,
2026-05-29,09:07:03.120,8.33,100,100,0,-0.125,5.93,25,0.992,98,0,0.013,100,100,0.53,-7.28,0.00,0,55.415900 12.873600,,2026-05-29 09:07:03,0,0,-1024,0,-430,0,41,-20,322,0,0,-1,-1,-1,-1,-1,-1,-1,-1,-1,-1,0,36,8,-1024,0,36,0,0,0,0,0,0,0,297,1024,0,0,0,0,0,0,0,0,0,0,0,0,0,0,0,0,0,0,0,0,0,0,0,0,0,0,0,0,0,0,0,0,0,0,0,0,0,0,0,0,0,0,0,0,0,0,0,0,0,0,
2026-05-29,09:07:03.230,8.33,100,100,0,-0.120,5.95,25,0.979,98,0,0.008,100,100,0.50,-7.28,0.00,0,55.415900 12.873600,,2026-05-29 09:07:03,0,0,-1024,0,-430,1,42,-21,322,0,0,-1,-1,-1,-1,-1,-1,-1,-1,-1,-1,0,36,8,-1024,0,36,0,0,0,0,0,0,0,297,1024,0,0,0,0,0,0,0,0,0,0,0,0,0,0,0,0,0,0,0,0,0,0,0,0,0,0,0,0,0,0,0,0,0,0,0,0,0,0,0,0,0,0,0,0,0,0,0,0,0,0,
2026-05-29,09:07:03.350,8.32,100,100,0,-0.125,5.96,25,1.000,98,0,0.011,100,100,0.50,-7.28,0.00,0,55.415900 12.873600,,2026-05-29 09:07:03,0,0,-1024,-447,-430,0,42,-20,322,0,0,-1,-1,-1,-1,-1,-1,-1,-1,-1,-1,0,199,8,-1024,0,199,0,0,0,0,0,0,0,297,1024,0,0,0,0,0,0,0,0,0,0,0,0,0,0,0,0,0,0,0,0,0,0,0,0,0,0,0,0,0,0,0,0,0,0,0,0,0,0,0,0,0,0,0,0,0,0,0,0,0,0,
2026-05-29,09:07:03.470,8.32,100,100,0,-0.125,5.95,25,1.000,98,0,0.011,100,100,0.49,-7.28,0.00,0,55.415900 12.873600,,2026-05-29 09:07:03,0,0,-1024,-1015,-430,0,42,-21,322,0,0,-1,-1,-1,-1,-1,-1,-1,-1,-1,-1,0,523,8,-1024,0,523,0,0,0,0,0,0,0,297,1024,0,0,0,0,0,0,0,0,0,0,0,0,0,0,0,0,0,0,0,0,0,0,0,0,0,0,0,0,0,0,0,0,0,0,0,0,0,0,0,0,0,0,0,0,0,0,0,0,0,0,
2026-05-29,09:07:03.590,8.32,100,100,0,-0.126,5.96,25,1.006,99,0,0.008,100,100,0.45,-7.28,0.00,0,55.415900 12.873600,,2026-05-29 09:07:03,0,-9,-1024,-1024,-430,1,41,-19,322,0,0,-1,-1,-1,-1,-1,-1,-1,-1,-1,-1,0,530,12,-1024,0,530,0,0,0,0,0,0,0,298,1024,0,0,0,0,0,0,0,0,0,0,0,0,0,0,0,0,0,0,0,0,0,0,0,0,0,0,0,0,0,0,0,0,0,0,0,0,0,0,0,0,0,0,0,0,0,0,0,0,0,0,
2026-05-29,09:07:03.700,8.32,100,100,0,-0.125,5.95,25,1.005,99,0,0.009,100,100,0.47,-7.28,0.00,0,55.415900 12.873600,,2026-05-29 09:07:03,0,0,-1024,-921,-430,0,42,-19,322,0,0,-1,-1,-1,-1,-1,-1,-1,-1,-1,-1,0,455,8,-1024,0,455,0,0,0,0,0,0,0,297,1024,0,0,0,0,0,0,0,0,0,0,0,0,0,0,0,0,0,0,0,0,0,0,0,0,0,0,0,0,0,0,0,0,0,0,0,0,0,0,0,0,0,0,0,0,0,0,0,0,0,0,
2026-05-29,09:07:03.820,8.32,100,100,0,-0.125,5.93,25,1.005,99,0,0.009,100,100,0.47,-7.28,0.00,0,55.415900 12.873600,,2026-05-29 09:07:03,0,0,-1024,-496,-429,2,43,-20,322,0,0,-1,-1,-1,-1,-1,-1,-1,-1,-1,-1,0,220,8,-1024,0,220,0,0,0,0,0,0,0,298,1024,0,0,0,0,0,0,0,0,0,0,0,0,0,0,0,0,0,0,0,0,0,0,0,0,0,0,0,0,0,0,0,0,0,0,0,0,0,0,0,0,0,0,0,0,0,0,0,0,0,0,
2026-05-29,09:07:03.930,8.33,100,100,0,-0.124,5.89,25,1.007,99,0,0.009,100,100,0.51,-7.28,0.00,0,55.415900 12.873600,2,2026-05-29 09:07:03,0,0,-1024,-137,-430,1,41,-21,322,0,0,-1,-1,-1,-1,-1,-1,-1,-1,-1,-1,0,82,8,-1024,0,82,0,0,0,0,0,0,0,297,1024,0,0,0,0,0,0,0,0,0,0,0,0,0,0,0,0,0,0,0,0,0,0,0,0,0,0,0,0,0,0,0,0,0,0,0,0,0,0,0,0,0,0,0,0,0,0,0,0,0,0,
2026-05-29,09:07:04.050,8.32,100,100,0,-0.127,5.92,25,0.982,99,0,0.021,100,100,0.55,-7.28,0.00,0,55.415900 12.873600,2,2026-05-29 09:07:04,0,0,-1024,0,-429,1,41,-22,321,0,0,-1,-1,-1,-1,-1,-1,-1,-1,-1,-1,0,36,8,-1024,0,36,0,0,0,0,0,0,0,298,1024,0,0,0,0,0,0,0,0,0,0,0,0,0,0,0,0,0,0,0,0,0,0,0,0,0,0,0,0,0,0,0,0,0,0,0,0,0,0,0,0,0,0,0,0,0,0,0,0,0,0,
2026-05-29,09:07:04.160,8.32,100,100,0,-0.127,5.91,25,0.982,99,0,0.021,100,100,0.55,-7.28,0.00,0,55.415900 12.873600,2,2026-05-29 09:07:04,0,0,-1024,0,-430,0,41,-21,321,0,0,-1,-1,-1,-1,-1,-1,-1,-1,-1,-1,0,36,8,-1024,0,36,0,0,0,0,0,0,0,297,1024,0,0,0,0,0,0,0,0,0,0,0,0,0,0,0,0,0,0,0,0,0,0,0,0,0,0,0,0,0,0,0,0,0,0,0,0,0,0,0,0,0,0,0,0,0,0,0,0,0,0,
2026-05-29,09:07:04.280,8.32,100,100,0,-0.124,5.94,25,0.989,99,0,0.015,100,100,0.59,-7.28,0.00,0,55.415900 12.873600,2,2026-05-29 09:07:04,0,0,-1024,0,-429,0,42,-20,322,0,0,-1,-1,-1,-1,-1,-1,-1,-1,-1,-1,0,36,8,-1024,0,36,0,0,0,0,0,0,0,298,1024,0,0,0,0,0,0,0,0,0,0,0,0,0,0,0,0,0,0,0,0,0,0,0,0,0,0,0,0,0,0,0,0,0,0,0,0,0,0,0,0,0,0,0,0,0,0,0,0,0,0,
2026-05-29,09:07:04.400,8.32,100,100,0,-0.128,5.96,25,0.990,99,0,0.019,100,100,0.57,-7.28,0.00,1,55.415900 12.873600,2,2026-05-29 09:07:04,0,0,-1024,0,-429,0,42,-21,322,0,0,-1,-1,-1,-1,-1,-1,-1,-1,-1,-1,0,36,8,-1024,0,36,0,0,0,0,0,0,0,297,1024,0,0,0,0,0,0,0,0,0,0,0,0,0,0,0,0,0,0,0,0,0,0,0,0,0,0,0,0,0,0,0,0,0,0,0,0,0,0,0,0,0,0,0,0,0,0,0,0,0,0,
2026-05-29,09:07:04.510,8.32,100,100,0,-0.128,5.97,25,0.990,99,0,0.019,100,100,0.57,-7.28,0.00,1,55.415900 12.873600,2,2026-05-29 09:07:04,0,0,-1023,0,-429,0,41,-22,322,0,0,-1,-1,-1,-1,-1,-1,-1,-1,-1,-1,0,36,8,-1024,0,36,0,0,0,0,0,0,0,298,1024,0,0,0,0,0,0,0,0,0,0,0,0,0,0,0,0,0,0,0,0,0,0,0,0,0,0,0,0,0,0,0,0,0,0,0,0,0,0,0,0,0,0,0,0,0,0,0,0,0,0,
2026-05-29,09:07:04.630,8.32,100,100,0,-0.124,5.98,25,0.995,99,0,0.015,100,100,0.55,-7.28,0.00,1,55.415900 12.873600,2,2026-05-29 09:07:04,0,0,-1024,0,-429,0,41,-22,322,0,0,-1,-1,-1,-1,-1,-1,-1,-1,-1,-1,0,36,8,-1024,0,36,0,0,0,0,0,0,0,298,1024,0,0,0,0,0,0,0,0,0,0,0,0,0,0,0,0,0,0,0,0,0,0,0,0,0,0,0,0,0,0,0,0,0,0,0,0,0,0,0,0,0,0,0,0,0,0,0,0,0,0,
2026-05-29,09:07:04.740,8.32,100,100,0,-0.127,5.99,25,1.005,99,0,0.011,100,100,0.55,-7.28,0.00,1,55.415900 12.873600,2,2026-05-29 09:07:04,0,0,-1024,0,-430,0,42,-21,321,0,0,-1,-1,-1,-1,-1,-1,-1,-1,-1,-1,0,36,8,-1024,0,36,0,0,0,0,0,0,0,297,1024,0,0,0,0,0,0,0,0,0,0,0,0,0,0,0,0,0,0,0,0,0,0,0,0,0,0,0,0,0,0,0,0,0,0,0,0,0,0,0,0,0,0,0,0,0,0,0,0,0,0,
2026-05-29,09:07:04.860,8.32,100,100,0,-0.124,5.96,25,1.005,99,0,0.016,100,100,0.55,-7.28,0.00,1,55.415900 12.873600,2,2026-05-29 09:07:04,0,0,-1024,0,-429,0,41,-20,322,0,0,-1,-1,-1,-1,-1,-1,-1,-1,-1,-1,0,36,8,-1024,0,36,0,0,0,0,0,0,0,298,1024,0,0,0,0,0,0,0,0,0,0,0,0,0,0,0,0,0,0,0,0,0,0,0,0,0,0,0,0,0,0,0,0,0,0,0,0,0,0,0,0,0,0,0,0,0,0,0,0,0,0,
2026-05-29,09:07:04.970,8.32,100,100,0,-0.124,5.97,25,0.991,99,0,0.016,100,100,0.53,-7.28,0.00,1,55.415900 12.873600,1,2026-05-29 09:07:05,0,0,-1024,0,-429,0,42,-20,322,0,0,-1,-1,-1,-1,-1,-1,-1,-1,-1,-1,0,36,8,-1024,0,36,0,0,0,0,0,0,0,298,1024,0,0,0,0,0,0,0,0,0,0,0,0,0,0,0,0,0,0,0,0,0,0,0,0,0,0,0,0,0,0,0,0,0,0,0,0,0,0,0,0,0,0,0,0,0,0,0,0,0,0,
2026-05-29,09:07:05.090,8.33,100,100,0,-0.123,5.97,25,0.992,99,0,0.014,100,100,0.52,-7.28,0.00,1,55.415900 12.873600,1,2026-05-29 09:07:05,0,0,-1024,0,-430,0,42,-21,322,0,0,-1,-1,-1,-1,-1,-1,-1,-1,-1,-1,0,36,8,-1024,0,36,0,0,0,0,0,0,0,297,1024,0,0,0,0,0,0,0,0,0,0,0,0,0,0,0,0,0,0,0,0,0,0,0,0,0,0,0,0,0,0,0,0,0,0,0,0,0,0,0,0,0,0,0,0,0,0,0,0,0,0,
2026-05-29,09:07:05.210,8.32,100,100,0,-0.123,5.95,25,0.989,97,0,0.013,100,100,0.51,-7.28,0.00,1,55.415900 12.873600,1,2026-05-29 09:07:05,0,0,-1024,0,-430,1,41,-19,322,0,0,-1,-1,-1,-1,-1,-1,-1,-1,-1,-1,0,36,8,-1024,0,36,0,0,0,0,0,0,0,297,1024,0,0,0,0,0,0,0,0,0,0,0,0,0,0,0,0,0,0,0,0,0,0,0,0,0,0,0,0,0,0,0,0,0,0,0,0,0,0,0,0,0,0,0,0,0,0,0,0,0,0,
2026-05-29,09:07:05.320,8.32,100,100,0,-0.123,5.96,25,0.989,97,0,0.013,100,100,0.51,-7.28,0.00,1,55.415900 12.873600,1,2026-05-29 09:07:05,0,0,-1024,0,-430,0,42,-20,322,0,0,-1,-1,-1,-1,-1,-1,-1,-1,-1,-1,0,36,8,-1024,0,36,0,0,0,0,0,0,0,297,1024,0,0,0,0,0,0,0,0,0,0,0,0,0,0,0,0,0,0,0,0,0,0,0,0,0,0,0,0,0,0,0,0,0,0,0,0,0,0,0,0,0,0,0,0,0,0,0,0,0,0,
2026-05-29,09:07:05.440,8.32,100,100,0,-0.126,5.97,25,1.003,97,0,0.012,100,100,0.55,-7.28,0.00,1,55.415900 12.873600,1,2026-05-29 09:07:05,0,0,-1024,0,-430,0,41,-22,322,0,0,-1,-1,-1,-1,-1,-1,-1,-1,-1,-1,0,36,8,-1024,0,36,0,0,0,0,0,0,0,297,1024,0,0,0,0,0,0,0,0,0,0,0,0,0,0,0,0,0,0,0,0,0,0,0,0,0,0,0,0,0,0,0,0,0,0,0,0,0,0,0,0,0,0,0,0,0,0,0,0,0,0,
2026-05-29,09:07:05.560,8.33,100,100,0,-0.128,5.95,25,1.005,98,0,0.014,100,100,0.54,-7.28,0.00,1,55.415900 12.873600,1,2026-05-29 09:07:05,0,0,-1024,0,-430,0,41,-21,322,0,0,-1,-1,-1,-1,-1,-1,-1,-1,-1,-1,0,36,8,-1024,0,36,0,0,0,0,0,0,0,297,1024,0,0,0,0,0,0,0,0,0,0,0,0,0,0,0,0,0,0,0,0,0,0,0,0,0,0,0,0,0,0,0,0,0,0,0,0,0,0,0,0,0,0,0,0,0,0,0,0,0,0,
2026-05-29,09:07:05.680,8.33,100,100,0,-0.128,5.97,25,1.005,98,0,0.014,100,100,0.54,-7.28,0.00,1,55.415900 12.873600,1,2026-05-29 09:07:05,0,0,-1024,0,-430,1,42,-21,322,0,0,-1,-1,-1,-1,-1,-1,-1,-1,-1,-1,0,36,8,-1024,0,36,0,0,0,0,0,0,0,297,1024,0,0,0,0,0,0,0,0,0,0,0,0,0,0,0,0,0,0,0,0,0,0,0,0,0,0,0,0,0,0,0,0,0,0,0,0,0,0,0,0,0,0,0,0,0,0,0,0,0,0,
2026-05-29,09:07:05.790,8.33,100,100,0,-0.124,5.98,25,0.994,98,0,0.016,100,100,0.54,-7.28,0.00,1,55.415900 12.873600,1,2026-05-29 09:07:05,0,0,-1024,0,-429,0,42,-19,322,0,0,-1,-1,-1,-1,-1,-1,-1,-1,-1,-1,0,36,8,-1024,0,36,0,0,0,0,0,0,0,298,1024,0,0,0,0,0,0,0,0,0,0,0,0,0,0,0,0,0,0,0,0,0,0,0,0,0,0,0,0,0,0,0,0,0,0,0,0,0,0,0,0,0,0,0,0,0,0,0,0,0,0,
2026-05-29,09:07:05.910,8.33,100,100,0,-0.122,5.96,25,0.992,99,0,0.014,100,100,0.54,-7.28,0.00,1,55.415900 12.873600,1,2026-05-29 09:07:05,0,0,-1024,0,-429,0,41,-21,322,0,0,-1,-1,-1,-1,-1,-1,-1,-1,-1,-1,0,36,8,-1024,0,36,0,0,0,0,0,0,0,298,1024,0,0,0,0,0,0,0,0,0,0,0,0,0,0,0,0,0,0,0,0,0,0,0,0,0,0,0,0,0,0,0,0,0,0,0,0,0,0,0,0,0,0,0,0,0,0,0,0,0,0,
2026-05-29,09:07:06.020,8.33,100,100,0,-0.122,5.95,25,0.992,99,0,0.014,100,100,0.54,-7.28,0.00,1,55.415900 12.873600,0,2026-05-29 09:07:06,0,0,-1023,0,-430,0,41,-20,322,0,0,-1,-1,-1,-1,-1,-1,-1,-1,-1,-1,0,36,8,-1024,0,36,0,0,0,0,0,0,0,297,1024,0,0,0,0,0,0,0,0,0,0,0,0,0,0,0,0,0,0,0,0,0,0,0,0,0,0,0,0,0,0,0,0,0,0,0,0,0,0,0,0,0,0,0,0,0,0,0,0,0,0,
2026-05-29,09:07:06.130,8.32,100,100,0,-0.124,5.96,25,0.990,99,0,0.016,100,100,0.52,-7.28,0.00,1,55.415900 12.873600,0,2026-05-29 09:07:06,0,0,-1024,0,-430,2,42,-20,322,0,0,-1,-1,-1,-1,-1,-1,-1,-1,-1,-1,0,36,8,-1024,0,36,0,0,0,0,0,0,0,297,1024,0,0,0,0,0,0,0,0,0,0,0,0,0,0,0,0,0,0,0,0,0,0,0,0,0,0,0,0,0,0,0,0,0,0,0,0,0,0,0,0,0,0,0,0,0,0,0,0,0,0,
2026-05-29,09:07:06.250,8.33,100,100,0,-0.122,5.97,25,0.996,99,0,0.015,100,100,0.52,-7.28,0.00,1,55.415900 12.873600,0,2026-05-29 09:07:06,0,0,-1024,0,-430,0,42,-21,322,0,0,-1,-1,-1,-1,-1,-1,-1,-1,-1,-1,0,36,8,-1024,0,36,0,0,0,0,0,0,0,297,1024,0,0,0,0,0,0,0,0,0,0,0,0,0,0,0,0,0,0,0,0,0,0,0,0,0,0,0,0,0,0,0,0,0,0,0,0,0,0,0,0,0,0,0,0,0,0,0,0,0,0,
2026-05-29,09:07:06.370,8.32,100,100,0,-0.122,5.98,25,0.996,100,0,0.015,100,100,0.52,-7.28,0.00,1,55.415900 12.873600,0,2026-05-29 09:07:06,0,0,-1024,0,-429,1,41,-21,322,0,0,-1,-1,-1,-1,-1,-1,-1,-1,-1,-1,0,36,8,-1024,0,36,0,0,0,0,0,0,0,298,1024,0,0,0,0,0,0,0,0,0,0,0,0,0,0,0,0,0,0,0,0,0,0,0,0,0,0,0,0,0,0,0,0,0,0,0,0,0,0,0,0,0,0,0,0,0,0,0,0,0,0,
2026-05-29,09:07:06.490,8.32,100,100,0,-0.124,5.99,25,0.988,100,0,0.015,100,100,0.53,-7.28,0.00,0,55.415900 12.873600,0,2026-05-29 09:07:06,0,0,-1024,0,-429,0,43,-21,321,0,0,-1,-1,-1,-1,-1,-1,-1,-1,-1,-1,0,36,8,-1024,0,36,0,0,0,0,0,0,0,298,1024,0,0,0,0,0,0,0,0,0,0,0,0,0,0,0,0,0,0,0,0,0,0,0,0,0,0,0,0,0,0,0,0,0,0,0,0,0,0,0,0,0,0,0,0,0,0,0,0,0,0,
2026-05-29,09:07:06.600,8.32,100,100,0,-0.124,5.99,25,1.003,100,0,0.015,100,100,0.53,-7.28,0.00,0,55.415900 12.873600,0,2026-05-29 09:07:06,0,0,-1024,0,-429,0,41,-22,322,0,0,-1,-1,-1,-1,-1,-1,-1,-1,-1,-1,0,36,8,-1024,0,36,0,0,0,0,0,0,0,298,1024,0,0,0,0,0,0,0,0,0,0,0,0,0,0,0,0,0,0,0,0,0,0,0,0,0,0,0,0,0,0,0,0,0,0,0,0,0,0,0,0,0,0,0,0,0,0,0,0,0,0,
2026-05-29,09:07:06.720,8.32,100,100,0,-0.125,5.99,25,1.003,100,0,0.016,100,100,0.53,-7.28,0.00,0,55.415900 12.873600,0,2026-05-29 09:07:06,0,0,-1024,0,-430,1,42,-20,322,0,0,-1,-1,-1,-1,-1,-1,-1,-1,-1,-1,0,36,8,-1024,0,36,0,0,0,0,0,0,0,297,1024,0,0,0,0,0,0,0,0,0,0,0,0,0,0,0,0,0,0,0,0,0,0,0,0,0,0,0,0,0,0,0,0,0,0,0,0,0,0,0,0,0,0,0,0,0,0,0,0,0,0,
2026-05-29,09:07:06.830,8.32,100,100,0,-0.125,5.99,25,0.998,100,0,0.016,100,100,0.52,-7.29,0.00,0,55.415900 12.873600,0,2026-05-29 09:07:06,0,0,-1024,0,-429,0,42,-21,321,0,0,-1,-1,-1,-1,-1,-1,-1,-1,-1,-1,0,36,8,-1024,0,36,0,0,0,0,0,0,0,298,1024,0,0,0,0,0,0,0,0,0,0,0,0,0,0,0,0,0,0,0,0,0,0,0,0,0,0,0,0,0,0,0,0,0,0,0,0,0,0,0,0,0,0,0,0,0,0,0,0,0,0,
2026-05-29,09:07:06.940,8.32,100,100,0,-0.122,6.00,25,0.994,100,0,0.015,100,100,0.54,-7.29,0.00,1,55.415900 12.873600,1,2026-05-29 09:07:06,0,0,-1024,0,-430,0,42,-20,322,0,0,-1,-1,-1,-1,-1,-1,-1,-1,-1,-1,0,36,8,-1024,0,36,0,0,0,0,0,0,0,297,1024,0,0,0,0,0,0,0,0,0,0,0,0,0,0,0,0,0,0,0,0,0,0,0,0,0,0,0,0,0,0,0,0,0,0,0,0,0,0,0,0,0,0,0,0,0,0,0,0,0,0,
2026-05-29,09:07:07.060,8.32,100,100,0,-0.124,5.98,25,0.995,100,0,0.014,100,100,0.54,-7.29,0.00,1,55.415900 12.873600,1,2026-05-29 09:07:07,0,0,-1024,0,-430,0,42,-20,322,0,0,-1,-1,-1,-1,-1,-1,-1,-1,-1,-1,0,36,8,-1024,0,36,0,0,0,0,0,0,0,297,1024,0,0,0,0,0,0,0,0,0,0,0,0,0,0,0,0,0,0,0,0,0,0,0,0,0,0,0,0,0,0,0,0,0,0,0,0,0,0,0,0,0,0,0,0,0,0,0,0,0,0,
2026-05-29,09:07:07.170,8.32,100,100,0,-0.124,5.96,25,0.995,100,0,0.014,100,100,0.53,-7.29,0.00,1,55.415900 12.873600,1,2026-05-29 09:07:07,0,0,-1024,0,-430,1,42,-21,322,0,0,-1,-1,-1,-1,-1,-1,-1,-1,-1,-1,0,36,8,-1024,0,36,0,0,0,0,0,0,0,297,1024,0,0,0,0,0,0,0,0,0,0,0,0,0,0,0,0,0,0,0,0,0,0,0,0,0,0,0,0,0,0,0,0,0,0,0,0,0,0,0,0,0,0,0,0,0,0,0,0,0,0,
2026-05-29,09:07:07.290,8.32,100,100,0,-0.123,5.97,25,1.008,100,0,0.014,100,100,0.53,-7.29,0.00,1,55.415900 12.873600,1,2026-05-29 09:07:07,0,0,-1024,0,-429,0,41,-20,322,0,0,-1,-1,-1,-1,-1,-1,-1,-1,-1,-1,0,36,8,-1024,0,36,0,0,0,0,0,0,0,298,1024,0,0,0,0,0,0,0,0,0,0,0,0,0,0,0,0,0,0,0,0,0,0,0,0,0,0,0,0,0,0,0,0,0,0,0,0,0,0,0,0,0,0,0,0,0,0,0,0,0,0,
2026-05-29,09:07:07.410,8.32,100,100,0,-0.123,5.98,25,0.989,100,0,0.017,100,100,0.53,-7.29,0.00,0,55.415900 12.873600,1,2026-05-29 09:07:07,0,0,-1024,0,-430,0,41,-21,322,0,0,-1,-1,-1,-1,-1,-1,-1,-1,-1,-1,0,36,8,-1024,0,36,0,0,0,0,0,0,0,297,1024,0,0,0,0,0,0,0,0,0,0,0,0,0,0,0,0,0,0,0,0,0,0,0,0,0,0,0,0,0,0,0,0,0,0,0,0,0,0,0,0,0,0,0,0,0,0,0,0,0,0,
2026-05-29,09:07:07.530,8.32,100,100,0,-0.123,5.98,25,0.989,100,0,0.017,100,100,0.53,-7.29,0.00,0,55.415900 12.873600,1,2026-05-29 09:07:07,0,0,-1024,0,-430,0,42,-21,322,0,0,-1,-1,-1,-1,-1,-1,-1,-1,-1,-1,0,36,8,-1024,0,36,0,0,0,0,0,0,0,297,1024,0,0,0,0,0,0,0,0,0,0,0,0,0,0,0,0,0,0,0,0,0,0,0,0,0,0,0,0,0,0,0,0,0,0,0,0,0,0,0,0,0,0,0,0,0,0,0,0,0,0,
2026-05-29,09:07:07.640,8.32,100,100,0,-0.124,5.99,25,1.006,100,0,0.011,100,100,0.52,-7.29,0.00,0,55.415900 12.873600,1,2026-05-29 09:07:07,0,0,-1024,0,-430,0,42,-21,322,0,0,-1,-1,-1,-1,-1,-1,-1,-1,-1,-1,0,36,8,-1024,0,36,0,0,0,0,0,0,0,297,1024,0,0,0,0,0,0,0,0,0,0,0,0,0,0,0,0,0,0,0,0,0,0,0,0,0,0,0,0,0,0,0,0,0,0,0,0,0,0,0,0,0,0,0,0,0,0,0,0,0,0,
2026-05-29,09:07:07.760,8.32,100,100,0,-0.125,5.97,25,1.002,100,0,0.013,100,100,0.54,-7.29,0.00,0,55.415900 12.873600,1,2026-05-29 09:07:07,0,0,-1024,0,-430,0,42,-20,322,0,0,-1,-1,-1,-1,-1,-1,-1,-1,-1,-1,0,36,8,-1024,0,36,0,0,0,0,0,0,0,297,1024,0,0,0,0,0,0,0,0,0,0,0,0,0,0,0,0,0,0,0,0,0,0,0,0,0,0,0,0,0,0,0,0,0,0,0,0,0,0,0,0,0,0,0,0,0,0,0,0,0,0,
2026-05-29,09:07:07.870,8.32,100,100,0,-0.125,5.98,25,1.002,100,0,0.013,100,100,0.54,-7.29,0.00,0,55.415900 12.873600,1,2026-05-29 09:07:07,0,0,-1024,0,-429,1,41,-20,322,0,0,-1,-1,-1,-1,-1,-1,-1,-1,-1,-1,0,36,8,-1024,0,36,0,0,0,0,0,0,0,298,1024,0,0,0,0,0,0,0,0,0,0,0,0,0,0,0,0,0,0,0,0,0,0,0,0,0,0,0,0,0,0,0,0,0,0,0,0,0,0,0,0,0,0,0,0,0,0,0,0,0,0,
2026-05-29,09:07:07.980,8.32,100,100,0,-0.123,5.99,25,0.989,100,0,0.016,100,100,0.55,-7.29,0.00,0,55.415900 12.873600,1,2026-05-29 09:07:08,0,0,-1024,0,-430,0,42,-22,322,0,0,-1,-1,-1,-1,-1,-1,-1,-1,-1,-1,0,36,8,-1024,0,36,0,0,0,0,0,0,0,297,1024,0,0,0,0,0,0,0,0,0,0,0,0,0,0,0,0,0,0,0,0,0,0,0,0,0,0,0,0,0,0,0,0,0,0,0,0,0,0,0,0,0,0,0,0,0,0,0,0,0,0,
2026-05-29,09:07:08.090,8.32,100,100,0,-0.123,5.96,25,0.994,100,0,0.015,100,100,0.55,-7.29,0.00,0,55.415900 12.873600,1,2026-05-29 09:07:08,0,0,-1024,0,-429,0,42,-19,322,0,0,-1,-1,-1,-1,-1,-1,-1,-1,-1,-1,0,36,8,-1024,0,36,0,0,0,0,0,0,0,298,1024,0,0,0,0,0,0,0,0,0,0,0,0,0,0,0,0,0,0,0,0,0,0,0,0,0,0,0,0,0,0,0,0,0,0,0,0,0,0,0,0,0,0,0,0,0,0,0,0,0,0,
2026-05-29,09:07:08.200,8.32,100,100,0,-0.123,5.95,25,0.994,100,0,0.015,100,100,0.53,-7.29,0.00,0,55.415900 12.873600,1,2026-05-29 09:07:08,0,0,-1024,0,-430,0,42,-20,322,0,0,-1,-1,-1,-1,-1,-1,-1,-1,-1,-1,0,36,8,-1024,0,36,0,0,0,0,0,0,0,297,1024,0,0,0,0,0,0,0,0,0,0,0,0,0,0,0,0,0,0,0,0,0,0,0,0,0,0,0,0,0,0,0,0,0,0,0,0,0,0,0,0,0,0,0,0,0,0,0,0,0,0,
2026-05-29,09:07:08.320,8.32,100,100,0,-0.125,5.96,25,0.996,100,0,0.014,100,100,0.53,-7.29,0.00,0,55.415900 12.873600,1,2026-05-29 09:07:08,0,0,-1024,0,-429,0,42,-21,322,0,0,-1,-1,-1,-1,-1,-1,-1,-1,-1,-1,0,36,8,-1024,0,36,0,0,0,0,0,0,0,298,1024,0,0,0,0,0,0,0,0,0,0,0,0,0,0,0,0,0,0,0,0,0,0,0,0,0,0,0,0,0,0,0,0,0,0,0,0,0,0,0,0,0,0,0,0,0,0,0,0,0,0,
2026-05-29,09:07:08.440,8.32,100,100,0,-0.124,5.98,25,0.992,99,0,0.016,100,100,0.52,-7.28,0.00,0,55.415900 12.873600,1,2026-05-29 09:07:08,0,0,-1024,0,-430,0,42,-20,322,0,0,-1,-1,-1,-1,-1,-1,-1,-1,-1,-1,0,36,8,-1024,0,36,0,0,0,0,0,0,0,297,1024,0,0,0,0,0,0,0,0,0,0,0,0,0,0,0,0,0,0,0,0,0,0,0,0,0,0,0,0,0,0,0,0,0,0,0,0,0,0,0,0,0,0,0,0,0,0,0,0,0,0,
2026-05-29,09:07:08.580,8.32,100,100,0,-0.125,5.98,25,0.992,96,0,0.015,100,100,0.52,-7.28,0.00,0,55.415900 12.873600,1,2026-05-29 09:07:08,0,0,-1024,0,-429,1,41,-21,322,0,0,-1,-1,-1,-1,-1,-1,-1,-1,-1,-1,0,36,8,-1024,0,36,0,0,0,0,0,0,0,298,1024,0,0,0,0,0,0,0,0,0,0,0,0,0,0,0,0,0,0,0,0,0,0,0,0,0,0,0,0,0,0,0,0,0,0,0,0,0,0,0,0,0,0,0,0,0,0,0,0,0,0,
2026-05-29,09:07:08.700,8.32,100,100,0,-0.125,5.99,25,0.998,93,0,0.015,100,100,0.52,-7.29,0.00,0,55.415900 12.873600,1,2026-05-29 09:07:08,0,0,-646,0,-430,1,42,-20,322,0,0,-1,-1,-1,-1,-1,-1,-1,-1,-1,-1,1,36,8,-1024,0,36,0,0,0,0,0,0,0,297,1024,0,0,0,0,0,0,0,0,0,0,0,0,0,0,0,0,0,0,0,0,0,0,0,0,0,0,0,0,0,0,0,0,0,0,0,0,0,0,0,0,0,0,0,0,0,0,0,0,0,0,
2026-05-29,09:07:08.820,8.32,100,100,0,-0.126,5.99,25,0.997,92,0,0.014,100,100,0.52,-7.29,0.00,0,55.415900 12.873600,1,2026-05-29 09:07:08,0,0,-439,0,-430,0,42,-21,322,0,0,-1,-1,-1,-1,-1,-1,-1,-1,-1,-1,1,36,8,-1024,0,36,0,0,0,0,0,0,0,297,1024,0,0,0,0,0,0,0,0,0,0,0,0,0,0,0,0,0,0,0,0,0,0,0,0,0,0,0,0,0,0,0,0,0,0,0,0,0,0,0,0,0,0,0,0,0,0,0,0,0,0,
2026-05-29,09:07:08.950,8.32,100,100,0,-0.123,5.97,25,0.994,93,0,0.015,100,100,0.54,-7.29,0.00,0,55.415900 12.873600,-2,2026-05-29 09:07:08,0,0,-1023,0,-430,0,42,-21,322,0,0,-1,-1,-1,-1,-1,-1,-1,-1,-1,-1,0,36,8,-1024,0,36,0,0,0,0,0,0,0,297,1024,0,0,0,0,0,0,0,0,0,0,0,0,0,0,0,0,0,0,0,0,0,0,0,0,0,0,0,0,0,0,0,0,0,0,0,0,0,0,0,0,0,0,0,0,0,0,0,0,0,0,
2026-05-29,09:07:09.060,8.32,100,100,0,-0.123,5.98,25,0.994,93,0,0.015,100,100,0.54,-7.29,0.00,0,55.415900 12.873600,-2,2026-05-29 09:07:09,0,0,-1024,0,-429,0,41,-22,321,0,0,-1,-1,-1,-1,-1,-1,-1,-1,-1,-1,0,36,8,-1024,0,36,0,0,0,0,0,0,0,298,1024,0,0,0,0,0,0,0,0,0,0,0,0,0,0,0,0,0,0,0,0,0,0,0,0,0,0,0,0,0,0,0,0,0,0,0,0,0,0,0,0,0,0,0,0,0,0,0,0,0,0,
2026-05-29,09:07:09.180,8.32,100,100,0,-0.126,5.98,25,1.008,94,0,0.015,100,100,0.57,-7.29,0.00,0,55.415900 12.873600,-2,2026-05-29 09:07:09,0,0,-1024,0,-429,1,40,-20,321,0,0,-1,-1,-1,-1,-1,-1,-1,-1,-1,-1,0,36,8,-1024,0,36,0,0,0,0,0,0,0,298,1024,0,0,0,0,0,0,0,0,0,0,0,0,0,0,0,0,0,0,0,0,0,0,0,0,0,0,0,0,0,0,0,0,0,0,0,0,0,0,0,0,0,0,0,0,0,0,0,0,0,0,
2026-05-29,09:07:09.290,8.32,100,100,0,-0.125,5.99,25,0.993,94,0,0.019,100,100,0.56,-7.29,0.00,0,55.415900 12.873600,-2,2026-05-29 09:07:09,0,0,-1024,0,-429,0,42,-21,322,0,0,-1,-1,-1,-1,-1,-1,-1,-1,-1,-1,0,36,8,-1024,0,36,0,0,0,0,0,0,0,298,1024,0,0,0,0,0,0,0,0,0,0,0,0,0,0,0,0,0,0,0,0,0,0,0,0,0,0,0,0,0,0,0,0,0,0,0,0,0,0,0,0,0,0,0,0,0,0,0,0,0,0,
2026-05-29,09:07:09.410,8.32,100,100,0,-0.125,5.99,25,0.993,93,0,0.019,100,100,0.56,-7.29,0.00,1,55.415900 12.873600,-2,2026-05-29 09:07:09,0,0,-1024,0,-430,0,42,-22,322,0,0,-1,-1,-1,-1,-1,1,-1,-1,-1,-1,0,36,8,-1024,0,36,0,0,0,0,0,0,0,297,1024,0,0,0,0,0,0,0,0,0,0,0,0,0,0,0,0,0,0,0,0,0,0,0,0,0,0,0,0,0,0,0,0,0,0,0,0,0,0,0,0,0,0,0,0,0,0,0,0,0,0,
2026-05-29,09:07:09.530,8.32,100,100,0,-0.124,6.00,25,0.990,94,0,0.015,100,100,0.55,-7.29,0.00,1,55.415900 12.873600,-2,2026-05-29 09:07:09,0,0,-1024,0,-430,0,42,-22,322,0,0,-1,-1,-1,-1,-1,1,-1,-1,-1,-1,0,36,8,-1024,0,36,0,0,0,0,0,0,0,297,1024,0,0,0,0,0,0,0,0,0,0,0,0,0,0,0,0,0,0,0,0,0,0,0,0,0,0,0,0,0,0,0,0,0,0,0,0,0,0,0,0,0,0,0,0,0,0,0,0,0,0,
2026-05-29,09:07:09.640,8.32,100,100,0,-0.126,6.00,25,0.996,93,0,0.017,100,100,0.55,-7.28,0.00,1,55.415900 12.873600,-2,2026-05-29 09:07:09,0,0,-1024,0,-430,0,42,-19,322,0,0,-1,-1,-1,-1,-1,1,-1,-1,-1,-1,0,36,8,-1024,0,36,0,0,0,0,0,0,0,297,1024,0,0,0,0,0,0,0,0,0,0,0,0,0,0,0,0,0,0,0,0,0,0,0,0,0,0,0,0,0,0,0,0,0,0,0,0,0,0,0,0,0,0,0,0,0,0,0,0,0,0,
2026-05-29,09:07:09.760,8.32,100,100,0,-0.125,6.00,25,0.996,92,0,0.016,100,100,0.55,-7.28,0.00,1,55.415900 12.873600,-2,2026-05-29 09:07:09,0,0,-1024,0,-430,0,42,-21,322,0,0,-1,-1,-1,-1,-1,1,-1,-1,-1,-1,0,36,8,-1024,0,36,0,0,0,0,0,0,0,297,1024,0,0,0,0,0,0,0,0,0,0,0,0,0,0,0,0,0,0,0,0,0,0,0,0,0,0,0,0,0,0,0,0,0,0,0,0,0,0,0,0,0,0,0,0,0,0,0,0,0,0,
2026-05-29,09:07:09.880,8.32,100,100,0,-0.125,6.00,25,0.994,92,0,0.016,100,100,0.54,-7.28,0.00,1,55.415900 12.873600,-2,2026-05-29 09:07:09,0,0,-1023,0,-430,0,41,-21,322,0,0,-1,-1,-1,-1,-1,1,-1,-1,-1,-1,0,36,8,-1023,0,36,0,0,0,0,0,0,0,297,1024,0,0,0,0,0,0,0,0,0,0,0,0,0,0,0,0,0,0,0,0,0,0,0,0,0,0,0,0,0,0,0,0,0,0,0,0,0,0,0,0,0,0,0,0,0,0,0,0,0,0,
2026-05-29,09:07:10.010,8.32,100,100,0,-0.125,5.97,25,0.994,91,0,0.016,100,100,0.54,-7.28,0.00,0,55.415900 12.873600,1,2026-05-29 09:07:10,0,0,-1024,0,-430,0,42,-20,322,0,0,-1,-1,-1,-1,-1,1,-1,-1,-1,-1,0,36,8,-1024,0,36,0,0,0,0,0,0,0,298,1024,0,0,0,0,0,0,0,0,0,0,0,0,0,0,0,0,0,0,0,0,0,0,0,0,0,0,0,0,0,0,0,0,0,0,0,0,0,0,0,0,0,0,0,0,0,0,0,0,0,0,
2026-05-29,09:07:10.130,8.32,100,100,0,-0.121,5.98,25,1.001,91,0,0.009,100,100,0.53,-7.28,0.00,0,55.415900 12.873600,1,2026-05-29 09:07:10,0,0,-1024,0,-429,0,42,-21,322,0,0,-1,-1,-1,-1,-1,1,-1,-1,-1,-1,0,36,8,-1024,0,36,0,0,0,0,0,0,0,298,1024,0,0,0,0,0,0,0,0,0,0,0,0,0,0,0,0,0,0,0,0,0,0,0,0,0,0,0,0,0,0,0,0,0,0,0,0,0,0,0,0,0,0,0,0,0,0,0,0,0,0,
2026-05-29,09:07:10.250,8.32,100,100,0,-0.121,5.96,25,1.001,90,0,0.009,100,100,0.53,-7.28,0.00,0,55.415900 12.873600,1,2026-05-29 09:07:10,0,0,-1024,0,-430,0,42,-20,322,0,0,-1,-1,-1,-1,-1,1,-1,-1,-1,-1,0,36,8,-1024,0,36,0,0,0,0,0,0,0,298,1024,0,0,0,0,0,0,0,0,0,0,0,0,0,0,0,0,0,0,0,0,0,0,0,0,0,0,0,0,0,0,0,0,0,0,0,0,0,0,0,0,0,0,0,0,0,0,0,0,0,0,
2026-05-29,09:07:10.360,8.32,100,100,0,-0.124,5.94,25,0.994,90,0,0.015,100,100,0.54,-7.28,0.00,0,55.415900 12.873600,1,2026-05-29 09:07:10,0,-379,-1024,0,-430,0,42,-22,322,0,0,-1,-1,-1,-1,-1,1,-1,-1,-1,-1,0,36,148,-1024,0,36,0,0,0,0,0,0,0,298,1024,0,0,0,0,0,0,0,0,0,0,0,0,0,0,0,0,0,0,0,0,0,0,0,0,0,0,0,0,0,0,0,0,0,0,0,0,0,0,0,0,0,0,0,0,0,0,0,0,0,0,
2026-05-29,09:07:10.480,8.32,100,100,0,-0.121,5.93,25,1.000,90,0,0.009,100,100,0.54,-7.28,0.00,1,55.415900 12.873600,1,2026-05-29 09:07:10,0,-1022,-1024,-30,-430,0,41,-24,322,0,0,-1,-1,-1,-1,-1,1,-1,-1,-1,-1,0,47,515,-1024,0,47,0,0,0,0,0,0,0,297,1024,0,0,0,0,0,0,0,0,0,0,0,0,0,0,0,0,0,0,0,0,0,0,0,0,0,0,0,0,0,0,0,0,0,0,0,0,0,0,0,0,0,0,0,0,0,0,0,0,0,0,
2026-05-29,09:07:10.600,8.32,100,100,0,-0.126,5.94,25,1.000,90,0,0.009,100,100,0.54,-7.28,0.00,1,55.415900 12.873600,1,2026-05-29 09:07:10,0,-1023,-1024,0,-430,0,41,-21,322,0,0,-1,-1,-1,-1,-1,1,-1,-1,-1,-1,0,36,516,-1024,0,36,0,0,0,0,0,0,0,297,1024,0,0,0,0,0,0,0,0,0,0,0,0,0,0,0,0,0,0,0,0,0,0,0,0,0,0,0,0,0,0,0,0,0,0,0,0,0,0,0,0,0,0,0,0,0,0,0,0,0,0,
2026-05-29,09:07:10.710,8.32,100,100,0,-0.126,5.93,25,0.990,90,0,0.005,100,100,0.55,-7.29,0.00,1,55.415900 12.873600,1,2026-05-29 09:07:10,0,-1023,-1021,-68,-430,0,42,-24,321,0,0,-1,-1,-1,-1,-1,1,-1,-1,-1,-1,0,60,516,-1020,0,60,0,0,0,0,0,0,0,297,1024,0,0,0,0,0,0,0,0,0,0,0,0,0,0,0,0,0,0,0,0,0,0,0,0,0,0,0,0,0,0,0,0,0,0,0,0,0,0,0,0,0,0,0,0,0,0,0,0,0,0,
2026-05-29,09:07:10.830,8.32,100,100,0,-0.129,5.95,25,0.998,90,0,0.014,100,100,0.59,-7.29,0.00,1,55.415900 12.873600,1,2026-05-29 09:07:10,0,-1023,-790,-58,-430,0,40,-20,322,0,0,-1,-1,-1,-1,-1,1,-1,-1,-1,-1,1,56,516,-790,0,56,0,0,0,0,0,0,0,297,1024,0,0,0,0,0,0,0,0,0,0,0,0,0,0,0,0,0,0,0,0,0,0,0,0,0,0,0,0,0,0,0,0,0,0,0,0,0,0,0,0,0,0,0,0,0,0,0,0,0,0,
2026-05-29,09:07:10.970,8.32,100,100,0,-0.126,5.96,25,0.995,90,0,0.017,100,100,0.56,-7.29,0.00,1,55.415900 12.873600,-1,2026-05-29 09:07:10,0,-1023,-696,-67,-429,0,43,-21,322,0,0,-1,-1,-1,-1,-1,1,-1,-1,-1,-1,1,59,516,-696,0,59,0,0,0,0,0,0,0,298,1024,0,0,0,0,0,0,0,0,0,0,0,0,0,0,0,0,0,0,0,0,0,0,0,0,0,0,0,0,0,0,0,0,0,0,0,0,0,0,0,0,0,0,0,0,0,0,0,0,0,0,
2026-05-29,09:07:11.090,8.32,100,100,0,-0.126,5.97,25,0.995,89,0,0.017,100,100,0.56,-7.29,0.00,0,55.415900 12.873600,-1,2026-05-29 09:07:11,0,-1023,-629,-67,-430,0,42,-20,322,0,0,-1,-1,-1,-1,-1,1,-1,-1,-1,-1,1,59,516,-604,0,59,0,0,0,0,0,0,0,297,1024,0,0,0,0,0,0,0,0,0,0,0,0,0,0,0,0,0,0,0,0,0,0,0,0,0,0,0,0,0,0,0,0,0,0,0,0,0,0,0,0,0,0,0,0,0,0,0,0,0,0,
2026-05-29,09:07:11.210,8.32,100,100,0,-0.130,5.99,25,0.994,89,0,0.021,100,100,0.54,-7.29,0.00,0,55.415900 12.873600,-1,2026-05-29 09:07:11,0,-1024,-600,-66,-430,0,42,-20,322,0,0,-1,-1,-1,-1,-1,1,-1,-1,-1,-1,1,59,516,-600,0,59,0,0,0,0,0,0,0,297,1024,0,0,0,0,0,0,0,0,0,0,0,0,0,0,0,0,0,0,0,0,0,0,0,0,0,0,0,0,0,0,0,0,0,0,0,0,0,0,0,0,0,0,0,0,0,0,0,0,0,0,
2026-05-29,09:07:11.320,8.32,100,100,0,-0.127,5.99,25,0.994,89,0,0.014,100,100,0.53,-7.29,0.00,0,55.415900 12.873600,-1,2026-05-29 09:07:11,0,-1023,-602,-64,-429,0,41,-21,322,0,0,-1,-1,-1,-1,-1,1,-1,-1,-1,-1,1,58,516,-602,0,58,0,0,0,0,0,0,0,298,1024,0,0,0,0,0,0,0,0,0,0,0,0,0,0,0,0,0,0,0,0,0,0,0,0,0,0,0,0,0,0,0,0,0,0,0,0,0,0,0,0,0,0,0,0,0,0,0,0,0,0,
2026-05-29,09:07:11.440,8.32,100,100,0,-0.127,5.99,25,0.994,89,0,0.014,100,100,0.53,-7.29,0.00,0,55.415900 12.873600,-1,2026-05-29 09:07:11,0,-1023,-601,-60,-429,0,42,-18,322,0,0,-1,-1,-1,-1,-1,1,-1,-1,-1,-1,1,56,516,-601,0,56,0,0,0,0,0,0,0,298,1024,0,0,0,0,0,0,0,0,0,0,0,0,0,0,0,0,0,0,0,0,0,0,0,0,0,0,0,0,0,0,0,0,0,0,0,0,0,0,0,0,0,0,0,0,0,0,0,0,0,0,
2026-05-29,09:07:11.560,8.32,100,100,0,-0.132,5.97,25,0.975,89,0,0.025,100,100,0.54,-7.29,0.00,0,55.415900 12.873600,-1,2026-05-29 09:07:11,0,-1023,-485,-61,-429,0,42,-22,322,0,0,-1,-1,-1,-1,-1,1,-1,-1,-1,-1,1,57,516,-485,0,57,0,0,0,0,0,0,0,298,1024,0,0,0,0,0,0,0,0,0,0,0,0,0,0,0,0,0,0,0,0,0,0,0,0,0,0,0,0,0,0,0,0,0,0,0,0,0,0,0,0,0,0,0,0,0,0,0,0,0,0,
2026-05-29,09:07:11.670,8.32,100,100,0,-0.132,5.95,25,1.006,88,0,0.007,100,100,0.50,-7.29,0.00,0,55.415900 12.873600,-1,2026-05-29 09:07:11,0,-1024,-473,-66,-430,1,42,-20,321,0,0,-1,-1,-1,-1,-1,1,-1,-1,-1,-1,1,59,516,-473,0,59,0,0,0,0,0,0,0,297,1024,0,0,0,0,0,0,0,0,0,0,0,0,0,0,0,0,0,0,0,0,0,0,0,0,0,0,0,0,0,0,0,0,0,0,0,0,0,0,0,0,0,0,0,0,0,0,0,0,0,0,
2026-05-29,09:07:11.790,8.32,100,100,0,-0.122,5.95,25,1.006,89,0,0.018,100,100,0.50,-7.29,0.00,0,55.415900 12.873600,-1,2026-05-29 09:07:11,0,-1023,-413,-66,-430,0,43,-22,322,0,0,-1,-1,-1,-1,-1,1,-1,-1,-1,-1,1,59,516,-413,0,59,0,0,0,0,0,0,0,297,1024,0,0,0,0,0,0,0,0,0,0,0,0,0,0,0,0,0,0,0,0,0,0,0,0,0,0,0,0,0,0,0,0,0,0,0,0,0,0,0,0,0,0,0,0,0,0,0,0,0,0,
2026-05-29,09:07:11.900,8.32,100,100,0,-0.122,5.94,25,1.000,89,0,0.018,100,100,0.51,-7.30,0.00,0,55.415900 12.873600,-1,2026-05-29 09:07:11,0,-1024,-391,-74,-430,0,42,-20,322,0,0,-1,-1,-1,-1,-1,1,-1,-1,-1,-1,1,61,516,-391,0,61,0,0,0,0,0,0,0,297,1024,0,0,0,0,0,0,0,0,0,0,0,0,0,0,0,0,0,0,0,0,0,0,0,0,0,0,0,0,0,0,0,0,0,0,0,0,0,0,0,0,0,0,0,0,0,0,0,0,0,0,
2026-05-29,09:07:12.030,8.32,100,100,0,-0.118,5.93,25,1.004,89,0,0.000,100,100,0.45,-7.31,0.00,1,55.415900 12.873600,3,2026-05-29 09:07:12,0,-1024,-385,-75,-429,1,42,-22,322,0,0,-1,-1,-1,-1,-1,1,-1,-1,-1,-1,1,62,516,-385,0,62,0,0,0,0,0,0,0,298,1024,0,0,0,0,0,0,0,0,0,0,0,0,0,0,0,0,0,0,0,0,0,0,0,0,0,0,0,0,0,0,0,0,0,0,0,0,0,0,0,0,0,0,0,0,0,0,0,0,0,0,
2026-05-29,09:07:12.140,8.32,100,100,0,-0.116,5.92,25,0.998,88,0,0.013,100,100,0.42,-7.32,0.00,1,55.415900 12.873600,3,2026-05-29 09:07:12,0,-1024,-33,-69,-430,0,41,-19,321,0,0,-1,-1,-1,-1,-1,1,-1,-1,-1,-1,1,60,516,-33,0,60,0,0,0,0,0,0,0,297,1024,0,0,0,0,0,0,0,0,0,0,0,0,0,0,0,0,0,0,0,0,0,0,0,0,0,0,0,0,0,0,0,0,0,0,0,0,0,0,0,0,0,0,0,0,0,0,0,0,0,0,
2026-05-29,09:07:12.250,8.32,100,100,0,-0.116,5.92,25,0.998,88,0,0.013,100,100,0.42,-7.32,0.00,1,55.415900 12.873600,3,2026-05-29 09:07:12,0,-1024,-51,-75,-430,0,42,-22,322,0,0,-1,-1,-1,-1,-1,1,-1,-1,-1,-1,1,62,516,-51,0,62,0,0,0,0,0,0,0,297,1024,0,0,0,0,0,0,0,0,0,0,0,0,0,0,0,0,0,0,0,0,0,0,0,0,0,0,0,0,0,0,0,0,0,0,0,0,0,0,0,0,0,0,0,0,0,0,0,0,0,0,
2026-05-29,09:07:12.390,8.32,100,100,0,-0.335,5.91,25,1.004,88,0,-0.010,100,100,0.04,-7.43,0.00,1,55.415900 12.873600,3,2026-05-29 09:07:12,0,-1023,-128,-73,-430,0,42,-21,321,0,0,-1,-1,-1,-1,-1,1,-1,-1,-1,-1,1,61,516,-128,0,61,0,0,0,0,0,0,0,297,1024,0,0,0,0,0,0,0,0,0,0,0,0,0,0,0,0,0,0,0,0,0,0,0,0,0,0,0,0,0,0,0,0,0,0,0,0,0,0,0,0,0,0,0,0,0,0,0,0,0,0,
2026-05-29,09:07:12.510,8.32,100,100,0,-0.282,5.91,25,1.046,87,0,-0.001,100,100,0.16,-8.16,0.00,1,55.415900 12.873600,3,2026-05-29 09:07:12,0,-1023,-129,-73,-430,1,42,-19,322,0,0,-1,-1,-1,-1,-1,1,-1,-1,-1,-1,1,61,516,-129,0,61,0,0,0,0,0,0,0,297,1024,0,0,0,0,0,0,0,0,0,0,0,0,0,0,0,0,0,0,0,0,0,0,0,0,0,0,0,0,0,0,0,0,0,0,0,0,0,0,0,0,0,0,0,0,0,0,0,0,0,0,
2026-05-29,09:07:12.620,8.32,100,100,0,-0.282,5.91,25,1.046,88,0,-0.001,100,100,0.16,-8.16,0.00,1,55.415900 12.873600,3,2026-05-29 09:07:12,0,-1023,-128,-77,-430,0,42,-21,322,0,0,-1,-1,-1,-1,-1,1,-1,-1,-1,-1,1,62,516,-128,0,62,0,0,0,0,0,0,0,297,1024,0,0,0,0,0,0,0,0,0,0,0,0,0,0,0,0,0,0,0,0,0,0,0,0,0,0,0,0,0,0,0,0,0,0,0,0,0,0,0,0,0,0,0,0,0,0,0,0,0,0,
2026-05-29,09:07:12.740,8.32,100,100,0,-0.297,5.93,25,1.027,89,0,-0.001,100,100,0.50,-8.70,0.00,1,55.415900 12.873600,3,2026-05-29 09:07:12,0,-1023,-128,-78,-430,1,42,-21,322,0,0,-1,-1,-1,-1,-1,1,-1,-1,-1,-1,1,63,516,-128,0,63,0,0,0,0,0,0,0,297,1024,0,0,0,0,0,0,0,0,0,0,0,0,0,0,0,0,0,0,0,0,0,0,0,0,0,0,0,0,0,0,0,0,0,0,0,0,0,0,0,0,0,0,0,0,0,0,0,0,0,0,
2026-05-29,09:07:12.860,8.32,100,100,0,-0.306,5.93,25,0.930,89,0,0.035,100,100,0.64,-9.40,0.00,1,55.415900 12.873600,3,2026-05-29 09:07:12,0,-1024,-129,-78,-429,2,42,-21,322,0,0,-1,-1,-1,-1,-1,1,-1,-1,-1,-1,1,63,516,-129,0,63,0,0,0,0,0,0,0,298,1024,0,0,0,0,0,0,0,0,0,0,0,0,0,0,0,0,0,0,0,0,0,0,0,0,0,0,0,0,0,0,0,0,0,0,0,0,0,0,0,0,0,0,0,0,0,0,0,0,0,0,
2026-05-29,09:07:12.980,8.32,100,100,0,-0.349,5.93,25,0.784,92,0,0.004,100,100,1.41,-10.39,0.00,3,55.415900 12.873600,-2,2026-05-29 09:07:12,0,-1023,-187,-81,-430,0,42,-19,322,0,0,-1,-1,-1,-1,-1,1,-1,-1,-1,-1,1,64,516,-188,0,64,0,0,0,0,0,0,0,297,1024,0,0,0,0,0,0,0,0,0,0,0,0,0,0,0,0,0,0,0,0,0,0,0,0,0,0,0,0,0,0,0,0,0,0,0,0,0,0,0,0,0,0,0,0,0,0,0,0,0,0,
2026-05-29,09:07:13.090,8.32,100,100,0,-0.349,5.92,25,0.784,93,0,0.004,100,100,1.41,-10.39,0.00,3,55.415900 12.873600,-2,2026-05-29 09:07:13,0,-1024,-208,-84,-430,0,42,-21,322,0,0,-1,-1,-1,-1,-1,1,-1,-1,-1,-1,1,65,516,-208,0,65,0,0,0,0,0,0,0,297,1024,0,0,0,0,0,0,0,0,0,0,0,0,0,0,0,0,0,0,0,0,0,0,0,0,0,0,0,0,0,0,0,0,0,0,0,0,0,0,0,0,0,0,0,0,0,0,0,0,0,0,
2026-05-29,09:07:13.200,8.32,100,100,0,-0.224,5.91,25,1.114,95,0,0.092,100,100,1.64,-11.35,0.00,3,55.415900 12.873600,-2,2026-05-29 09:07:13,0,-1023,-223,-87,-430,0,42,-20,322,0,0,-1,-1,-1,-1,-1,1,-1,-1,-1,-1,1,66,516,-223,0,66,0,0,0,0,0,0,0,297,1024,0,0,0,0,0,0,0,0,0,0,0,0,0,0,0,0,0,0,0,0,0,0,0,0,0,0,0,0,0,0,0,0,0,0,0,0,0,0,0,0,0,0,0,0,0,0,0,0,0,0,
2026-05-29,09:07:13.310,8.32,100,100,0,-0.253,5.91,25,1.114,95,0,-0.031,100,100,1.64,-11.35,0.00,3,55.415900 12.873600,-2,2026-05-29 09:07:13,0,-1023,-223,-88,-430,0,42,-21,321,0,0,-1,-1,-1,-1,-1,1,-1,-1,-1,-1,1,66,516,-223,0,66,0,0,0,0,0,0,0,297,1024,0,0,0,0,0,0,0,0,0,0,0,0,0,0,0,0,0,0,0,0,0,0,0,0,0,0,0,0,0,0,0,0,0,0,0,0,0,0,0,0,0,0,0,0,0,0,0,0,0,0,
2026-05-29,09:07:13.430,8.32,100,100,0,-0.253,5.93,25,0.675,93,0,-0.031,100,100,1.19,-11.47,0.00,5,55.415900 12.873600,-2,2026-05-29 09:07:13,0,-1023,-223,-88,-429,0,43,-20,321,0,0,-1,-1,-1,-1,-1,1,-1,-1,-1,-1,1,66,516,-223,0,66,0,0,0,0,0,0,0,298,1024,0,0,0,0,0,0,0,0,0,0,0,0,0,0,0,0,0,0,0,0,0,0,0,0,0,0,0,0,0,0,0,0,0,0,0,0,0,0,0,0,0,0,0,0,0,0,0,0,0,0,
2026-05-29,09:07:13.550,8.32,100,100,0,-0.171,5.96,25,1.062,94,0,0.009,100,100,0.33,-11.92,0.00,5,55.415900 12.873600,-2,2026-05-29 09:07:13,0,-1023,-974,-82,-429,0,41,-20,321,0,0,-1,-1,-1,-1,-1,1,-1,-1,-1,-1,0,64,516,-974,0,64,0,0,0,0,0,0,0,298,1024,0,0,0,0,0,0,0,0,0,0,0,0,0,0,0,0,0,0,0,0,0,0,0,0,0,0,0,0,0,0,0,0,0,0,0,0,0,0,0,0,0,0,0,0,0,0,0,0,0,0,
2026-05-29,09:07:13.660,8.32,100,100,0,-0.034,5.95,25,1.218,95,0,0.180,100,100,0.85,-11.88,0.00,5,55.415900 12.873600,-2,2026-05-29 09:07:13,0,-1022,-1024,-75,-430,0,42,-21,322,0,0,-1,-1,-1,-1,-1,1,-1,-1,-1,-1,0,62,515,-1024,0,62,0,0,0,0,0,0,0,297,1024,0,0,0,0,0,0,0,0,0,0,0,0,0,0,0,0,0,0,0,0,0,0,0,0,0,0,0,0,0,0,0,0,0,0,0,0,0,0,0,0,0,0,0,0,0,0,0,0,0,0,
2026-05-29,09:07:13.800,8.32,100,100,0,-0.034,5.96,25,1.218,97,0,0.180,100,100,0.85,-11.88,0.00,5,55.415900 12.873600,-2,2026-05-29 09:07:13,0,-635,-1024,-47,-430,0,41,-19,322,0,0,-1,-1,-1,-1,-1,1,-1,-1,-1,-1,0,52,265,-1024,0,52,0,0,0,0,0,0,0,297,1024,0,0,0,0,0,0,0,0,0,0,0,0,0,0,0,0,0,0,0,0,0,0,0,0,0,0,0,0,0,0,0,0,0,0,0,0,0,0,0,0,0,0,0,0,0,0,0,0,0,0,
2026-05-29,09:07:13.910,8.32,100,100,0,0.013,5.95,25,0.976,97,0,-0.013,100,100,0.83,-11.79,0.00,5,55.415900 12.873600,-2,2026-05-29 09:07:13,0,-341,-1023,0,-430,1,42,-20,322,0,0,-1,-1,-1,-1,-1,1,-1,-1,-1,-1,0,36,132,-1023,0,36,0,0,0,0,0,0,0,297,1024,0,0,0,0,0,0,0,0,0,0,0,0,0,0,0,0,0,0,0,0,0,0,0,0,0,0,0,0,0,0,0,0,0,0,0,0,0,0,0,0,0,0,0,0,0,0,0,0,0,0,
2026-05-29,09:07:14.030,8.32,100,100,0,0.023,5.93,25,0.973,95,0,0.093,100,100,2.03,-11.08,0.00,6,55.415900 12.873600,4,2026-05-29 09:07:14,0,-56,-1024,0,-430,1,42,-19,321,0,0,-1,-1,-1,-1,-1,1,-1,-1,-1,-1,0,36,28,-1024,0,36,0,0,0,0,0,0,0,297,1024,0,0,0,0,0,0,0,0,0,0,0,0,0,0,0,0,0,0,0,0,0,0,0,0,0,0,0,0,0,0,0,0,0,0,0,0,0,0,0,0,0,0,0,0,0,0,0,0,0,0,
2026-05-29,09:07:14.140,8.32,100,100,0,0.023,5.96,25,0.973,95,0,0.093,100,100,2.03,-11.08,0.00,6,55.415900 12.873600,4,2026-05-29 09:07:14,0,0,-1024,0,-429,1,41,-18,321,0,0,-1,-1,-1,-1,-1,1,-1,-1,-1,-1,0,36,8,-1024,0,36,0,0,0,0,0,0,0,298,1024,0,0,0,0,0,0,0,0,0,0,0,0,0,0,0,0,0,0,0,0,0,0,0,0,0,0,0,0,0,0,0,0,0,0,0,0,0,0,0,0,0,0,0,0,0,0,0,0,0,0,
2026-05-29,09:07:14.250,8.32,100,100,0,0.060,5.95,25,0.867,94,0,0.093,100,100,1.75,-9.59,0.00,6,55.415900 12.873600,4,2026-05-29 09:07:14,0,0,-1024,0,-430,0,42,-22,322,0,0,-1,-1,-1,-1,-1,1,-1,-1,-1,-1,0,36,8,-1024,0,36,0,0,0,0,0,0,0,297,1024,0,0,0,0,0,0,0,0,0,0,0,0,0,0,0,0,0,0,0,0,0,0,0,0,0,0,0,0,0,0,0,0,0,0,0,0,0,0,0,0,0,0,0,0,0,0,0,0,0,0,
2026-05-29,09:07:14.370,8.32,100,100,0,0.025,5.96,25,0.882,92,0,-0.047,100,100,1.30,-8.87,0.00,6,55.415900 12.873600,4,2026-05-29 09:07:14,0,0,-1024,0,-430,0,43,-20,322,0,0,-1,-1,-1,-1,-1,1,-1,-1,-1,-1,0,36,8,-1024,0,36,0,0,0,0,0,0,0,297,1024,0,0,0,0,0,0,0,0,0,0,0,0,0,0,0,0,0,0,0,0,0,0,0,0,0,0,0,0,0,0,0,0,0,0,0,0,0,0,0,0,0,0,0,0,0,0,0,0,0,0,
2026-05-29,09:07:14.490,8.32,100,100,0,0.038,5.95,25,0.834,91,0,-0.047,100,100,1.30,-8.87,0.00,4,55.415900 12.873600,4,2026-05-29 09:07:14,0,0,-1024,0,-430,2,42,-20,322,0,0,-1,-1,-1,-1,-1,1,-1,-1,-1,-1,0,36,8,-1024,0,36,0,0,0,0,0,0,0,298,1024,0,0,0,0,0,0,0,0,0,0,0,0,0,0,0,0,0,0,0,0,0,0,0,0,0,0,0,0,0,0,0,0,0,0,0,0,0,0,0,0,0,0,0,0,0,0,0,0,0,0,
2026-05-29,09:07:14.600,8.32,100,100,0,0.038,5.96,25,0.834,91,0,0.077,100,100,1.05,-7.65,0.00,4,55.415900 12.873600,4,2026-05-29 09:07:14,0,0,-1024,0,-429,0,42,-21,321,0,0,-1,-1,-1,-1,-1,1,-1,-1,-1,-1,0,36,8,-1024,0,36,0,0,0,0,0,0,0,298,1024,0,0,0,0,0,0,0,0,0,0,0,0,0,0,0,0,0,0,0,0,0,0,0,0,0,0,0,0,0,0,0,0,0,0,0,0,0,0,0,0,0,0,0,0,0,0,0,0,0,0,
2026-05-29,09:07:14.720,8.32,100,100,0,0.010,5.97,25,1.038,92,0,0.089,100,100,1.30,-6.88,0.00,4,55.415900 12.873600,4,2026-05-29 09:07:14,0,0,-1024,0,-429,0,43,-19,322,0,0,-1,-1,-1,-1,-1,1,-1,-1,-1,-1,0,36,8,-1024,0,36,0,0,0,0,0,0,0,298,1024,0,0,0,0,0,0,0,0,0,0,0,0,0,0,0,0,0,0,0,0,0,0,0,0,0,0,0,0,0,0,0,0,0,0,0,0,0,0,0,0,0,0,0,0,0,0,0,0,0,0,
2026-05-29,09:07:14.840,8.32,100,100,0,-0.177,5.98,25,0.999,91,0,0.020,100,100,1.30,-6.88,0.00,4,55.415900 12.873600,4,2026-05-29 09:07:14,0,0,-1024,0,-430,0,42,-18,322,0,0,-1,-1,-1,-1,-1,1,-1,-1,-1,-1,0,36,8,-1024,0,36,0,0,0,0,0,0,0,297,1024,0,0,0,0,0,0,0,0,0,0,0,0,0,0,0,0,0,0,0,0,0,0,0,0,0,0,0,0,0,0,0,0,0,0,0,0,0,0,0,0,0,0,0,0,0,0,0,0,0,0,
2026-05-29,09:07:14.960,8.33,100,100,0,-0.177,5.99,25,0.999,89,0,0.020,100,100,1.20,-6.27,0.00,1,55.415800 12.873600,-1,2026-05-29 09:07:15,0,0,-1024,0,-429,1,41,-18,322,0,0,-1,-1,-1,-1,-1,1,-1,-1,-1,-1,0,36,8,-1024,0,36,0,0,0,0,0,0,0,298,1024,0,0,0,0,0,0,0,0,0,0,0,0,0,0,0,0,0,0,0,0,0,0,0,0,0,0,0,0,0,0,0,0,0,0,0,0,0,0,0,0,0,0,0,0,0,0,0,0,0,0,
2026-05-29,09:07:15.080,8.33,100,100,0,-0.127,5.96,25,0.999,91,0,0.029,100,100,1.16,-6.35,0.00,1,55.415800 12.873600,-1,2026-05-29 09:07:15,0,0,-1024,0,-430,0,41,-19,322,0,0,-1,-1,-1,-1,-1,1,-1,-1,-1,-1,0,36,8,-1024,0,36,0,0,0,0,0,0,0,297,1024,0,0,0,0,0,0,0,0,0,0,0,0,0,0,0,0,0,0,0,0,0,0,0,0,0,0,0,0,0,0,0,0,0,0,0,0,0,0,0,0,0,0,0,0,0,0,0,0,0,0,
2026-05-29,09:07:15.200,8.33,100,100,0,-0.136,5.97,25,0.989,89,0,0.023,100,100,1.14,-6.49,0.00,1,55.415800 12.873600,-1,2026-05-29 09:07:15,0,0,-1024,0,-430,0,42,-21,322,0,0,-1,-1,-1,-1,-1,1,-1,-1,-1,-1,0,36,8,-1024,0,36,0,0,0,0,0,0,0,298,1024,0,0,0,0,0,0,0,0,0,0,0,0,0,0,0,0,0,0,0,0,0,0,0,0,0,0,0,0,0,0,0,0,0,0,0,0,0,0,0,0,0,0,0,0,0,0,0,0,0,0,
2026-05-29,09:07:15.310,8.32,100,100,0,-0.136,5.98,25,0.989,89,0,0.023,100,100,1.14,-6.49,0.00,1,55.415800 12.873600,-1,2026-05-29 09:07:15,0,0,-1024,0,-430,0,42,-20,322,0,0,-1,-1,-1,-1,-1,1,-1,-1,-1,-1,0,36,8,-1024,0,36,0,0,0,0,0,0,0,297,1024,0,0,0,0,0,0,0,0,0,0,0,0,0,0,0,0,0,0,0,0,0,0,0,0,0,0,0,0,0,0,0,0,0,0,0,0,0,0,0,0,0,0,0,0,0,0,0,0,0,0,
2026-05-29,09:07:15.430,8.33,100,100,0,-0.139,5.99,25,0.991,90,0,0.020,100,100,1.13,-6.63,0.00,1,55.415800 12.873600,-1,2026-05-29 09:07:15,0,0,-1023,0,-429,0,41,-21,322,0,0,-1,-1,-1,-1,-1,1,-1,-1,-1,-1,0,36,8,-1023,0,36,0,0,0,0,0,0,0,298,1024,0,0,0,0,0,0,0,0,0,0,0,0,0,0,0,0,0,0,0,0,0,0,0,0,0,0,0,0,0,0,0,0,0,0,0,0,0,0,0,0,0,0,0,0,0,0,0,0,0,0,
2026-05-29,09:07:15.550,8.33,100,100,0,-0.139,5.99,25,1.002,88,0,0.021,100,100,1.13,-6.75,0.00,1,55.415800 12.873600,-1,2026-05-29 09:07:15,0,0,-1023,0,-429,0,42,-22,322,0,0,-1,-1,-1,-1,-1,1,-1,-1,-1,-1,0,36,8,-1023,0,36,0,0,0,0,0,0,0,298,1024,0,0,0,0,0,0,0,0,0,0,0,0,0,0,0,0,0,0,0,0,0,0,0,0,0,0,0,0,0,0,0,0,0,0,0,0,0,0,0,0,0,0,0,0,0,0,0,0,0,0,
2026-05-29,09:07:15.660,8.33,100,100,0,-0.139,5.99,25,1.002,88,0,0.021,100,100,1.13,-6.75,0.00,1,55.415800 12.873600,-1,2026-05-29 09:07:15,0,0,-1024,0,-430,0,43,-20,322,0,0,-1,-1,-1,-1,-1,1,-1,-1,-1,-1,0,36,8,-1024,0,36,0,0,0,0,0,0,0,297,1024,0,0,0,0,0,0,0,0,0,0,0,0,0,0,0,0,0,0,0,0,0,0,0,0,0,0,0,0,0,0,0,0,0,0,0,0,0,0,0,0,0,0,0,0,0,0,0,0,0,0,
2026-05-29,09:07:15.780,8.33,100,100,0,-0.138,6.00,25,0.994,88,0,0.022,100,100,1.13,-6.86,0.00,1,55.415800 12.873600,-1,2026-05-29 09:07:15,0,0,-1024,0,-429,0,42,-19,321,0,0,-1,-1,-1,-1,-1,1,-1,-1,-1,-1,0,36,8,-1024,0,36,0,0,0,0,0,0,0,298,1024,0,0,0,0,0,0,0,0,0,0,0,0,0,0,0,0,0,0,0,0,0,0,0,0,0,0,0,0,0,0,0,0,0,0,0,0,0,0,0,0,0,0,0,0,0,0,0,0,0,0,
2026-05-29,09:07:15.900,8.33,100,100,0,-0.139,6.00,25,0.988,87,0,0.023,100,100,1.13,-6.97,0.00,1,55.415800 12.873600,-1,2026-05-29 09:07:15,0,0,-1024,0,-429,0,42,-20,322,0,0,-1,-1,-1,-1,-1,1,-1,-1,-1,-1,0,36,8,-1024,0,36,0,0,0,0,0,0,0,298,1024,0,0,0,0,0,0,0,0,0,0,0,0,0,0,0,0,0,0,0,0,0,0,0,0,0,0,0,0,0,0,0,0,0,0,0,0,0,0,0,0,0,0,0,0,0,0,0,0,0,0,
2026-05-29,09:07:16.020,8.32,100,100,0,-0.140,6.00,25,0.988,86,0,0.023,100,100,1.12,-7.07,0.00,0,55.415800 12.873600,2,2026-05-29 09:07:16,0,0,-1024,0,-429,2,43,-20,321,0,0,-1,-1,-1,-1,-1,1,-1,-1,-1,-1,0,36,8,-1024,0,36,0,0,0,0,0,0,0,298,1024,0,0,0,0,0,0,0,0,0,0,0,0,0,0,0,0,0,0,0,0,0,0,0,0,0,0,0,0,0,0,0,0,0,0,0,0,0,0,0,0,0,0,0,0,0,0,0,0,0,0,
2026-05-29,09:07:16.130,8.32,100,100,0,-0.140,6.00,25,0.988,87,0,0.023,100,100,1.12,-7.07,0.00,0,55.415800 12.873600,2,2026-05-29 09:07:16,0,0,-1023,0,-430,0,41,-20,322,0,0,-1,-1,-1,-1,-1,1,-1,-1,-1,-1,0,36,8,-1023,0,36,0,0,0,0,0,0,0,297,1024,0,0,0,0,0,0,0,0,0,0,0,0,0,0,0,0,0,0,0,0,0,0,0,0,0,0,0,0,0,0,0,0,0,0,0,0,0,0,0,0,0,0,0,0,0,0,0,0,0,0,
2026-05-29,09:07:16.240,8.32,100,100,0,-0.139,6.00,25,0.993,87,0,0.024,100,100,1.11,-7.15,0.00,0,55.415800 12.873600,2,2026-05-29 09:07:16,0,0,-1024,0,-430,0,42,-22,322,0,0,-1,-1,-1,-1,-1,1,-1,-1,-1,-1,0,36,8,-1023,0,36,0,0,0,0,0,0,0,297,1024,0,0,0,0,0,0,0,0,0,0,0,0,0,0,0,0,0,0,0,0,0,0,0,0,0,0,0,0,0,0,0,0,0,0,0,0,0,0,0,0,0,0,0,0,0,0,0,0,0,0,
2026-05-29,09:07:16.350,8.33,100,100,0,-0.139,6.00,25,0.993,87,0,0.024,100,100,1.11,-7.15,0.00,0,55.415800 12.873600,2,2026-05-29 09:07:16,0,0,-1024,0,-429,0,42,-21,322,0,0,-1,-1,-1,-1,-1,1,-1,-1,-1,-1,0,36,8,-1024,0,36,0,0,0,0,0,0,0,298,1024,0,0,0,0,0,0,0,0,0,0,0,0,0,0,0,0,0,0,0,0,0,0,0,0,0,0,0,0,0,0,0,0,0,0,0,0,0,0,0,0,0,0,0,0,0,0,0,0,0,0,
2026-05-29,09:07:16.470,8.32,100,100,0,-0.139,6.00,25,0.991,88,0,0.024,100,100,1.10,-7.23,0.00,0,55.415800 12.873600,2,2026-05-29 09:07:16,0,0,-1023,0,-430,0,42,-20,322,0,0,-1,-1,-1,-1,-1,1,-1,-1,-1,-1,0,36,8,-1023,0,36,0,0,0,0,0,0,0,297,1024,0,0,0,0,0,0,0,0,0,0,0,0,0,0,0,0,0,0,0,0,0,0,0,0,0,0,0,0,0,0,0,0,0,0,0,0,0,0,0,0,0,0,0,0,0,0,0,0,0,0,
2026-05-29,09:07:16.580,8.33,100,100,0,-0.139,5.97,25,0.995,87,0,0.024,100,100,1.10,-7.30,0.00,0,55.415800 12.873600,2,2026-05-29 09:07:16,0,0,-1024,0,-430,0,42,-19,322,0,0,-1,-1,-1,-1,-1,1,-1,-1,-1,-1,0,36,8,-1024,0,36,0,0,0,0,0,0,0,297,1024,0,0,0,0,0,0,0,0,0,0,0,0,0,0,0,0,0,0,0,0,0,0,0,0,0,0,0,0,0,0,0,0,0,0,0,0,0,0,0,0,0,0,0,0,0,0,0,0,0,0,
2026-05-29,09:07:16.700,8.33,100,100,0,-0.138,5.98,25,0.994,85,0,0.023,100,100,1.10,-7.30,0.00,0,55.415800 12.873600,2,2026-05-29 09:07:16,0,0,-1023,0,-430,1,43,-19,322,0,0,-1,-1,-1,-1,-1,1,-1,-1,-1,-1,0,36,8,-1023,0,36,0,0,0,0,0,0,0,297,1024,0,0,0,0,0,0,0,0,0,0,0,0,0,0,0,0,0,0,0,0,0,0,0,0,0,0,0,0,0,0,0,0,0,0,0,0,0,0,0,0,0,0,0,0,0,0,0,0,0,0,
2026-05-29,09:07:16.820,8.33,100,100,0,-0.138,5.99,25,0.994,85,0,0.023,100,100,1.10,-7.37,0.00,0,55.415800 12.873600,2,2026-05-29 09:07:16,0,0,-1023,0,-429,1,42,-19,322,0,0,-1,-1,-1,-1,-1,1,-1,-1,-1,-1,0,36,8,-1023,0,36,0,0,0,0,0,0,0,298,1024,0,0,0,0,0,0,0,0,0,0,0,0,0,0,0,0,0,0,0,0,0,0,0,0,0,0,0,0,0,0,0,0,0,0,0,0,0,0,0,0,0,0,0,0,0,0,0,0,0,0,
2026-05-29,09:07:16.950,8.32,100,100,0,-0.139,5.99,25,0.989,85,0,0.022,100,100,1.09,-7.44,0.00,0,55.415800 12.873600,1,2026-05-29 09:07:16,0,0,-1023,0,-429,0,42,-20,322,0,0,-1,-1,-1,-1,-1,1,-1,-1,-1,-1,0,36,8,-1024,0,36,0,0,0,0,0,0,0,297,1024,0,0,0,0,0,0,0,0,0,0,0,0,0,0,0,0,0,0,0,0,0,0,0,0,0,0,0,0,0,0,0,0,0,0,0,0,0,0,0,0,0,0,0,0,0,0,0,0,0,0,
2026-05-29,09:07:17.070,8.33,100,100,0,-0.138,5.99,25,0.991,84,0,0.022,100,100,1.09,-7.49,0.00,0,55.415800 12.873600,1,2026-05-29 09:07:17,0,0,-1024,0,-429,0,41,-18,321,0,0,-1,-1,-1,-1,-1,1,-1,-1,-1,-1,0,36,8,-1024,0,36,0,0,0,0,0,0,0,298,1024,0,0,0,0,0,0,0,0,0,0,0,0,0,0,0,0,0,0,0,0,0,0,0,0,0,0,0,0,0,0,0,0,0,0,0,0,0,0,0,0,0,0,0,0,0,0,0,0,0,0,
2026-05-29,09:07:17.200,8.32,100,100,0,-0.139,6.00,25,0.993,84,0,0.023,100,100,1.09,-7.49,0.00,0,55.415800 12.873600,1,2026-05-29 09:07:17,0,0,-1024,0,-430,0,41,-19,322,0,0,-1,-1,-1,-1,-1,1,-1,-1,-1,-1,0,36,8,-1024,0,36,0,0,0,0,0,0,0,297,1024,0,0,0,0,0,0,0,0,0,0,0,0,0,0,0,0,0,0,0,0,0,0,0,0,0,0,0,0,0,0,0,0,0,0,0,0,0,0,0,0,0,0,0,0,0,0,0,0,0,0,
2026-05-29,09:07:17.310,8.32,100,100,0,-0.139,6.00,25,0.993,85,0,0.023,100,100,1.09,-7.55,0.00,0,55.415800 12.873600,1,2026-05-29 09:07:17,0,0,-1023,0,-430,0,42,-21,322,0,0,-1,-1,-1,-1,-1,1,-1,-1,-1,-1,0,36,8,-1023,0,36,0,0,0,0,0,0,0,297,1024,0,0,0,0,0,0,0,0,0,0,0,0,0,0,0,0,0,0,0,0,0,0,0,0,0,0,0,0,0,0,0,0,0,0,0,0,0,0,0,0,0,0,0,0,0,0,0,0,0,0,
2026-05-29,09:07:17.450,8.32,100,100,0,-0.140,6.00,25,0.997,87,0,0.024,100,100,1.09,-7.59,0.00,0,55.415800 12.873600,1,2026-05-29 09:07:17,0,0,-1024,0,-430,0,43,-20,321,0,0,-1,-1,-1,-1,-1,1,-1,-1,-1,-1,0,36,8,-1024,0,36,0,0,0,0,0,0,0,297,1024,0,0,0,0,0,0,0,0,0,0,0,0,0,0,0,0,0,0,0,0,0,0,0,0,0,0,0,0,0,0,0,0,0,0,0,0,0,0,0,0,0,0,0,0,0,0,0,0,0,0,
2026-05-29,09:07:17.570,8.32,100,100,0,-0.138,6.00,25,0.993,86,0,0.023,100,100,1.08,-7.64,0.00,0,55.415800 12.873600,1,2026-05-29 09:07:17,0,0,-1024,0,-430,0,42,-21,322,0,0,-1,-1,-1,-1,-1,1,-1,-1,-1,-1,0,36,8,-1024,0,36,0,0,0,0,0,0,0,297,1024,0,0,0,0,0,0,0,0,0,0,0,0,0,0,0,0,0,0,0,0,0,0,0,0,0,0,0,0,0,0,0,0,0,0,0,0,0,0,0,0,0,0,0,0,0,0,0,0,0,0,
2026-05-29,09:07:17.690,8.32,100,100,0,-0.138,6.00,25,0.993,83,0,0.023,100,100,1.08,-7.64,0.00,0,55.415800 12.873600,1,2026-05-29 09:07:17,0,0,-1024,0,-430,0,42,-20,322,0,0,-1,-1,-1,-1,-1,1,-1,-1,-1,-1,0,36,8,-1024,0,36,0,0,0,0,0,0,0,298,1024,0,0,0,0,0,0,0,0,0,0,0,0,0,0,0,0,0,0,0,0,0,0,0,0,0,0,0,0,0,0,0,0,0,0,0,0,0,0,0,0,0,0,0,0,0,0,0,0,0,0,
2026-05-29,09:07:17.800,8.32,100,100,0,-0.138,6.00,25,0.999,82,0,0.023,100,100,1.08,-7.64,0.00,0,55.415800 12.873600,1,2026-05-29 09:07:17,0,0,-1024,0,-429,0,43,-21,321,0,0,-1,-1,-1,-1,-1,1,-1,-1,-1,-1,0,36,8,-1024,0,36,0,0,0,0,0,0,0,298,1024,0,0,0,0,0,0,0,0,0,0,0,0,0,0,0,0,0,0,0,0,0,0,0,0,0,0,0,0,0,0,0,0,0,0,0,0,0,0,0,0,0,0,0,0,0,0,0,0,0,0,
2026-05-29,09:07:17.920,8.32,100,99,0,-0.139,6.00,25,0.994,84,0,0.023,100,100,1.08,-7.72,0.00,0,55.415800 12.873500,1,2026-05-29 09:07:17,0,0,-1024,0,-429,0,42,-19,322,0,0,-1,-1,-1,-1,-1,1,-1,-1,-1,-1,0,36,8,-1024,0,36,0,0,0,0,0,0,0,298,1024,0,0,0,0,0,0,0,0,0,0,0,0,0,0,0,0,0,0,0,0,0,0,0,0,0,0,0,0,0,0,0,0,0,0,0,0,0,0,0,0,0,0,0,0,0,0,0,0,0,0,
2026-05-29,09:07:18.040,8.32,100,97,0,-0.139,6.00,25,0.994,83,0,0.023,100,100,1.08,-7.72,0.00,0,55.415800 12.873500,-1,2026-05-29 09:07:18,0,0,-1024,0,-429,0,41,-20,322,0,0,-1,-1,-1,-1,-1,1,-1,-1,-1,-1,0,36,8,-1023,0,36,0,0,0,0,0,0,0,298,1024,0,0,0,0,0,0,0,0,0,0,0,0,0,0,0,0,0,0,0,0,0,0,0,0,0,0,0,0,0,0,0,0,0,0,0,0,0,0,0,0,0,0,0,0,0,0,0,0,0,0,
2026-05-29,09:07:18.150,8.32,100,94,0,-0.139,6.00,25,0.988,82,0,0.023,99,100,1.08,-7.75,0.00,0,55.415800 12.873500,-1,2026-05-29 09:07:18,0,0,-1024,0,-429,1,41,-20,321,0,0,-1,-1,-1,-1,-1,1,-1,-1,-1,-1,0,36,8,-1024,0,36,0,0,0,0,0,0,0,298,1024,0,0,0,0,0,0,0,0,0,0,0,0,0,0,0,0,0,0,0,0,0,0,0,0,0,0,0,0,0,0,0,0,0,0,0,0,0,0,0,0,0,0,0,0,0,0,0,0,0,0,
2026-05-29,09:07:18.260,8.32,100,90,0,-0.140,6.00,25,0.994,82,0,0.023,99,100,1.08,-7.78,0.00,0,55.415800 12.873500,-1,2026-05-29 09:07:18,0,0,-1024,0,-430,0,43,-20,322,0,0,-1,-1,-1,-1,-1,1,-1,-1,-1,-1,0,36,8,-1024,0,36,0,0,0,0,0,0,0,297,1024,0,0,0,0,0,0,0,0,0,0,0,0,0,0,0,0,0,0,0,0,0,0,0,0,0,0,0,0,0,0,0,0,0,0,0,0,0,0,0,0,0,0,0,0,0,0,0,0,0,0,
2026-05-29,09:07:18.380,8.32,100,91,0,-0.138,5.98,25,0.995,81,0,0.023,99,100,1.08,-7.78,0.00,0,55.415800 12.873500,-1,2026-05-29 09:07:18,0,0,-1024,0,-430,0,42,-19,322,0,0,-1,-1,-1,-1,-1,1,-1,-1,-1,-1,0,36,8,-1024,0,36,0,0,0,0,0,0,0,297,1024,0,0,0,0,0,0,0,0,0,0,0,0,0,0,0,0,0,0,0,0,0,0,0,0,0,0,0,0,0,0,0,0,0,0,0,0,0,0,0,0,0,0,0,0,0,0,0,0,0,0,
2026-05-29,09:07:18.500,8.32,100,90,0,-0.138,5.98,25,0.995,80,0,0.025,99,100,1.08,-7.81,0.00,0,55.415800 12.873500,-1,2026-05-29 09:07:18,0,0,-1024,0,-430,1,42,-21,321,0,0,-1,-1,-1,-1,-1,1,-1,-1,-1,-1,0,36,8,-1024,0,36,0,0,0,0,0,0,0,298,1024,0,0,0,0,0,0,0,0,0,0,0,0,0,0,0,0,0,0,0,0,0,0,0,0,0,0,0,0,0,0,0,0,0,0,0,0,0,0,0,0,0,0,0,0,0,0,0,0,0,0,
2026-05-29,09:07:18.610,8.32,100,92,0,-0.138,5.99,25,0.992,79,0,0.024,99,100,1.08,-7.84,0.00,0,55.415800 12.873500,-1,2026-05-29 09:07:18,0,0,-1024,0,-430,0,42,-21,322,0,0,-1,-1,-1,-1,-1,1,-1,-1,-1,-1,0,36,8,-1024,0,36,0,0,0,0,0,0,0,297,1024,0,0,0,0,0,0,0,0,0,0,0,0,0,0,0,0,0,0,0,0,0,0,0,0,0,0,0,0,0,0,0,0,0,0,0,0,0,0,0,0,0,0,0,0,0,0,0,0,0,0,
2026-05-29,09:07:18.730,8.32,100,92,0,-0.140,5.97,25,0.993,78,0,0.024,99,100,1.08,-7.84,0.00,0,55.415800 12.873500,-1,2026-05-29 09:07:18,0,0,-1024,0,-430,0,42,-21,321,0,0,-1,-1,-1,-1,-1,1,-1,-1,-1,-1,0,36,8,-1024,0,36,0,0,0,0,0,0,0,297,1024,0,0,0,0,0,0,0,0,0,0,0,0,0,0,0,0,0,0,0,0,0,0,0,0,0,0,0,0,0,0,0,0,0,0,0,0,0,0,0,0,0,0,0,0,0,0,0,0,0,0,
2026-05-29,09:07:18.840,8.32,100,92,0,-0.140,5.97,25,0.993,77,0,0.024,99,100,1.08,-7.86,0.00,0,55.415800 12.873500,-1,2026-05-29 09:07:18,0,0,-1024,0,-430,0,41,-19,321,0,0,-1,-1,-1,-1,-1,1,-1,-1,-1,-1,0,36,8,-1024,0,36,0,0,0,0,0,0,0,297,1024,0,0,0,0,0,0,0,0,0,0,0,0,0,0,0,0,0,0,0,0,0,0,0,0,0,0,0,0,0,0,0,0,0,0,0,0,0,0,0,0,0,0,0,0,0,0,0,0,0,0,
2026-05-29,09:07:18.980,8.32,100,94,0,-0.140,5.96,25,1.000,78,0,0.024,100,100,1.08,-7.88,0.00,0,55.415800 12.873500,2,2026-05-29 09:07:18,0,0,-1024,0,-429,0,42,-20,321,0,0,-1,-1,-1,-1,-1,1,-1,-1,-1,-1,0,36,8,-1024,0,36,0,0,0,0,0,0,0,298,1024,0,0,0,0,0,0,0,0,0,0,0,0,0,0,0,0,0,0,0,0,0,0,0,0,0,0,0,0,0,0,0,0,0,0,0,0,0,0,0,0,0,0,0,0,0,0,0,0,0,0,
2026-05-29,09:07:19.100,8.32,100,96,0,-0.141,5.95,25,1.003,78,0,0.025,99,100,1.08,-7.90,0.00,0,55.415800 12.873500,2,2026-05-29 09:07:19,0,0,-1024,0,-430,0,42,-20,322,0,0,-1,-1,-1,-1,-1,1,-1,-1,-1,-1,0,36,8,-1024,0,36,0,0,0,0,0,0,0,297,1024,0,0,0,0,0,0,0,0,0,0,0,0,0,0,0,0,0,0,0,0,0,0,0,0,0,0,0,0,0,0,0,0,0,0,0,0,0,0,0,0,0,0,0,0,0,0,0,0,0,0,
2026-05-29,09:07:19.220,8.32,100,97,0,-0.141,5.96,25,1.003,79,0,0.023,99,100,1.08,-7.90,0.00,0,55.415800 12.873500,2,2026-05-29 09:07:19,0,0,-1024,0,-430,0,43,-18,322,0,0,-1,-1,-1,-1,-1,1,-1,-1,-1,-1,0,36,8,-1024,0,36,0,0,0,0,0,0,0,297,1024,0,0,0,0,0,0,0,0,0,0,0,0,0,0,0,0,0,0,0,0,0,0,0,0,0,0,0,0,0,0,0,0,0,0,0,0,0,0,0,0,0,0,0,0,0,0,0,0,0,0,
2026-05-29,09:07:19.340,8.32,100,98,0,-0.139,5.97,25,0.996,80,0,0.023,99,100,1.07,-7.92,0.00,0,55.415800 12.873500,2,2026-05-29 09:07:19,0,0,-1024,0,-430,0,42,-20,322,0,0,-1,-1,-1,-1,-1,1,-1,-1,-1,-1,0,36,8,-1024,0,36,0,0,0,0,0,0,0,297,1024,0,0,0,0,0,0,0,0,0,0,0,0,0,0,0,0,0,0,0,0,0,0,0,0,0,0,0,0,0,0,0,0,0,0,0,0,0,0,0,0,0,0,0,0,0,0,0,0,0,0,
2026-05-29,09:07:19.460,8.32,100,98,0,-0.138,5.98,25,0.988,80,0,0.022,99,100,1.07,-7.94,0.00,1,55.415800 12.873500,2,2026-05-29 09:07:19,0,0,-1023,0,-430,0,42,-21,322,0,0,-1,-1,-1,-1,-1,1,-1,-1,-1,-1,0,36,8,-1024,0,36,0,0,0,0,0,0,0,297,1024,0,0,0,0,0,0,0,0,0,0,0,0,0,0,0,0,0,0,0,0,0,0,0,0,0,0,0,0,0,0,0,0,0,0,0,0,0,0,0,0,0,0,0,0,0,0,0,0,0,0,
2026-05-29,09:07:19.580,8.32,100,99,0,-0.139,5.99,25,0.996,78,0,0.023,99,100,1.07,-7.96,0.00,1,55.415800 12.873500,2,2026-05-29 09:07:19,0,0,-1023,0,-429,0,43,-20,322,0,0,-1,-1,-1,-1,-1,1,-1,-1,-1,-1,0,36,8,-1023,0,36,0,0,0,0,0,0,0,298,1024,0,0,0,0,0,0,0,0,0,0,0,0,0,0,0,0,0,0,0,0,0,0,0,0,0,0,0,0,0,0,0,0,0,0,0,0,0,0,0,0,0,0,0,0,0,0,0,0,0,0,
2026-05-29,09:07:19.710,8.32,100,97,0,-0.139,5.99,25,0.996,77,0,0.023,99,100,1.07,-7.96,0.00,1,55.415800 12.873500,2,2026-05-29 09:07:19,0,0,-1023,0,-429,0,42,-20,322,0,0,-1,-1,-1,-1,-1,1,-1,-1,-1,-1,0,36,8,-1023,0,36,0,0,0,0,0,0,0,297,1024,0,0,0,0,0,0,0,0,0,0,0,0,0,0,0,0,0,0,0,0,0,0,0,0,0,0,0,0,0,0,0,0,0,0,0,0,0,0,0,0,0,0,0,0,0,0,0,0,0,0,
2026-05-29,09:07:19.830,8.32,100,96,0,-0.138,5.99,25,0.999,76,0,0.023,100,100,1.08,-7.97,0.00,1,55.415800 12.873500,2,2026-05-29 09:07:19,0,0,-1024,0,-429,0,42,-21,322,0,0,-1,-1,-1,-1,-1,1,-1,-1,-1,-1,0,36,8,-1024,0,36,0,0,0,0,0,0,0,298,1024,0,0,0,0,0,0,0,0,0,0,0,0,0,0,0,0,0,0,0,0,0,0,0,0,0,0,0,0,0,0,0,0,0,0,0,0,0,0,0,0,0,0,0,0,0,0,0,0,0,0,
2026-05-29,09:07:19.960,8.32,100,96,0,-0.139,6.00,25,0.995,76,0,0.023,99,100,1.08,-7.99,0.00,1,55.415800 12.873500,1,2026-05-29 09:07:19,0,0,-1024,0,-429,0,43,-22,322,0,0,-1,-1,-1,-1,-1,1,-1,-1,-1,-1,0,36,8,-1024,0,36,0,0,0,0,0,0,0,298,1024,0,0,0,0,0,0,0,0,0,0,0,0,0,0,0,0,0,0,0,0,0,0,0,0,0,0,0,0,0,0,0,0,0,0,0,0,0,0,0,0,0,0,0,0,0,0,0,0,0,0,
2026-05-29,09:07:20.070,8.32,100,95,0,-0.138,6.00,25,0.995,76,0,0.023,99,100,1.08,-7.99,0.00,1,55.415800 12.873500,1,2026-05-29 09:07:20,0,0,-1024,0,-429,1,43,-19,321,0,0,-1,-1,-1,-1,-1,1,-1,-1,-1,-1,0,36,8,-1024,0,36,0,0,0,0,0,0,0,298,1024,0,0,0,0,0,0,0,0,0,0,0,0,0,0,0,0,0,0,0,0,0,0,0,0,0,0,0,0,0,0,0,0,0,0,0,0,0,0,0,0,0,0,0,0,0,0,0,0,0,0,
2026-05-29,09:07:20.190,8.32,100,96,0,-0.138,5.97,25,0.988,79,0,0.023,99,100,1.08,-8.00,0.00,1,55.415800 12.873500,1,2026-05-29 09:07:20,0,0,-1023,0,-429,0,43,-22,321,0,0,-1,-1,-1,-1,-1,1,-1,-1,-1,-1,0,36,8,-1023,0,36,0,0,0,0,0,0,0,298,1024,0,0,0,0,0,0,0,0,0,0,0,0,0,0,0,0,0,0,0,0,0,0,0,0,0,0,0,0,0,0,0,0,0,0,0,0,0,0,0,0,0,0,0,0,0,0,0,0,0,0,
2026-05-29,09:07:20.310,8.32,100,97,0,-0.137,5.98,25,0.991,82,0,0.023,99,100,1.08,-8.01,0.00,1,55.415800 12.873500,1,2026-05-29 09:07:20,0,0,-1024,0,-430,1,42,-20,321,0,0,-1,-1,-1,-1,-1,1,-1,-1,-1,-1,0,36,8,-1024,0,36,0,0,0,0,0,0,0,297,1024,0,0,0,0,0,0,0,0,0,0,0,0,0,0,0,0,0,0,0,0,0,0,0,0,0,0,0,0,0,0,0,0,0,0,0,0,0,0,0,0,0,0,0,0,0,0,0,0,0,0,
2026-05-29,09:07:20.420,8.32,100,98,0,-0.139,5.98,25,0.995,84,0,0.022,98,100,1.08,-8.02,0.00,0,55.415800 12.873500,1,2026-05-29 09:07:20,0,0,-1024,0,-430,0,42,-19,322,0,0,-1,-1,-1,-1,-1,1,-1,-1,-1,-1,0,36,8,-1024,0,36,0,0,0,0,0,0,0,298,1024,0,0,0,0,0,0,0,0,0,0,0,0,0,0,0,0,0,0,0,0,0,0,0,0,0,0,0,0,0,0,0,0,0,0,0,0,0,0,0,0,0,0,0,0,0,0,0,0,0,0,
2026-05-29,09:07:20.530,8.32,100,98,0,-0.139,5.99,25,0.995,84,0,0.022,98,100,1.08,-8.02,0.00,0,55.415800 12.873500,1,2026-05-29 09:07:20,0,0,-1024,0,-430,1,42,-19,322,0,0,-1,-1,-1,-1,-1,1,-1,-1,-1,-1,0,36,8,-1024,0,36,0,0,0,0,0,0,0,297,1024,0,0,0,0,0,0,0,0,0,0,0,0,0,0,0,0,0,0,0,0,0,0,0,0,0,0,0,0,0,0,0,0,0,0,0,0,0,0,0,0,0,0,0,0,0,0,0,0,0,0,
2026-05-29,09:07:20.650,8.32,100,99,0,-0.139,5.99,25,0.992,84,0,0.023,98,100,1.08,-8.03,0.00,0,55.415800 12.873500,1,2026-05-29 09:07:20,0,0,-1024,0,-429,0,42,-19,322,0,0,-1,-1,-1,-1,-1,1,-1,-1,-1,-1,0,36,8,-1023,0,36,0,0,0,0,0,0,0,298,1024,0,0,0,0,0,0,0,0,0,0,0,0,0,0,0,0,0,0,0,0,0,0,0,0,0,0,0,0,0,0,0,0,0,0,0,0,0,0,0,0,0,0,0,0,0,0,0,0,0,0,
2026-05-29,09:07:20.760,8.32,100,99,0,-0.140,6.00,25,0.998,85,0,0.022,99,100,1.07,-8.04,0.00,0,55.415800 12.873500,1,2026-05-29 09:07:20,0,0,-1023,0,-429,0,42,-19,322,0,0,-1,-1,-1,-1,-1,1,-1,-1,-1,-1,0,36,8,-1023,0,36,0,0,0,0,0,0,0,298,1024,0,0,0,0,0,0,0,0,0,0,0,0,0,0,0,0,0,0,0,0,0,0,0,0,0,0,0,0,0,0,0,0,0,0,0,0,0,0,0,0,0,0,0,0,0,0,0,0,0,0,
2026-05-29,09:07:20.880,8.32,100,100,0,-0.140,6.00,25,0.998,88,0,0.022,99,100,1.07,-8.04,0.00,0,55.415800 12.873500,1,2026-05-29 09:07:20,0,0,-1024,0,-429,0,43,-19,321,0,0,-1,-1,-1,-1,-1,1,-1,-1,-1,-1,0,36,8,-1024,0,36,0,0,0,0,0,0,0,298,1024,0,0,0,0,0,0,0,0,0,0,0,0,0,0,0,0,0,0,0,0,0,0,0,0,0,0,0,0,0,0,0,0,0,0,0,0,0,0,0,0,0,0,0,0,0,0,0,0,0,0,
2026-05-29,09:07:21.010,8.32,100,100,0,-0.139,6.00,25,0.992,90,0,0.024,99,100,1.09,-8.05,0.00,0,55.415800 12.873500,3,2026-05-29 09:07:21,0,0,-1023,0,-429,0,42,-22,322,0,0,-1,-1,-1,-1,-1,1,-1,-1,-1,-1,0,36,8,-1023,0,36,0,0,0,0,0,0,0,297,1024,0,0,0,0,0,0,0,0,0,0,0,0,0,0,0,0,0,0,0,0,0,0,0,0,0,0,0,0,0,0,0,0,0,0,0,0,0,0,0,0,0,0,0,0,0,0,0,0,0,0,
2026-05-29,09:07:21.130,8.32,100,100,0,-0.139,6.00,25,0.996,91,0,0.025,99,100,1.08,-8.06,0.00,0,55.415800 12.873500,3,2026-05-29 09:07:21,0,0,-1024,0,-430,1,43,-19,322,0,0,-1,-1,-1,-1,-1,1,-1,-1,-1,-1,0,36,8,-1024,0,36,0,0,0,0,0,0,0,297,1024,0,0,0,0,0,0,0,0,0,0,0,0,0,0,0,0,0,0,0,0,0,0,0,0,0,0,0,0,0,0,0,0,0,0,0,0,0,0,0,0,0,0,0,0,0,0,0,0,0,0,
2026-05-29,09:07:21.250,8.33,100,100,0,-0.138,6.00,25,0.996,91,0,0.025,100,100,1.08,-8.06,0.00,0,55.415800 12.873500,3,2026-05-29 09:07:21,0,0,-1024,0,-429,0,42,-20,322,0,0,-1,-1,-1,-1,-1,1,-1,-1,-1,-1,0,36,8,-1024,0,36,0,0,0,0,0,0,0,298,1024,0,0,0,0,0,0,0,0,0,0,0,0,0,0,0,0,0,0,0,0,0,0,0,0,0,0,0,0,0,0,0,0,0,0,0,0,0,0,0,0,0,0,0,0,0,0,0,0,0,0,
2026-05-29,09:07:21.370,8.33,100,100,0,-0.138,6.00,25,0.990,91,0,0.024,100,100,1.08,-8.06,0.00,0,55.415800 12.873500,3,2026-05-29 09:07:21,0,0,-1024,0,-430,0,42,-19,322,0,0,-1,-1,-1,-1,-1,1,-1,-1,-1,-1,0,36,8,-1024,0,36,0,0,0,0,0,0,0,297,1024,0,0,0,0,0,0,0,0,0,0,0,0,0,0,0,0,0,0,0,0,0,0,0,0,0,0,0,0,0,0,0,0,0,0,0,0,0,0,0,0,0,0,0,0,0,0,0,0,0,0,
2026-05-29,09:07:21.490,8.33,100,100,0,-0.139,5.97,25,0.994,90,0,0.025,100,100,1.11,-8.07,0.00,0,55.415800 12.873500,3,2026-05-29 09:07:21,0,0,-1024,0,-430,0,43,-18,322,0,0,-1,-1,-1,-1,-1,1,-1,-1,-1,-1,0,36,8,-1023,0,36,0,0,0,0,0,0,0,297,1024,0,0,0,0,0,0,0,0,0,0,0,0,0,0,0,0,0,0,0,0,0,0,0,0,0,0,0,0,0,0,0,0,0,0,0,0,0,0,0,0,0,0,0,0,0,0,0,0,0,0,
2026-05-29,09:07:21.600,8.32,100,100,0,-0.140,5.98,25,0.995,89,0,0.024,100,100,1.11,-8.07,0.00,0,55.415800 12.873500,3,2026-05-29 09:07:21,0,0,-1024,0,-430,4,42,-20,321,0,0,-1,-1,-1,-1,-1,1,-1,-1,-1,-1,0,36,8,-1024,0,36,0,0,0,0,0,0,0,297,1024,0,0,0,0,0,0,0,0,0,0,0,0,0,0,0,0,0,0,0,0,0,0,0,0,0,0,0,0,0,0,0,0,0,0,0,0,0,0,0,0,0,0,0,0,0,0,0,0,0,0,
2026-05-29,09:07:21.720,8.32,100,100,0,-0.140,5.98,25,0.995,88,0,0.024,100,100,1.10,-8.08,0.00,0,55.415800 12.873500,3,2026-05-29 09:07:21,0,0,-1023,0,-430,0,42,-20,322,0,0,-1,-1,-1,-1,-1,1,-1,-1,-1,-1,0,36,8,-1023,0,36,0,0,0,0,0,0,0,297,1024,0,0,0,0,0,0,0,0,0,0,0,0,0,0,0,0,0,0,0,0,0,0,0,0,0,0,0,0,0,0,0,0,0,0,0,0,0,0,0,0,0,0,0,0,0,0,0,0,0,0,
2026-05-29,09:07:21.830,8.32,100,100,0,-0.139,5.99,25,0.995,87,0,0.027,100,100,1.08,-8.08,0.00,0,55.415800 12.873500,3,2026-05-29 09:07:21,0,0,-1024,0,-429,0,43,-20,321,0,0,-1,-1,-1,-1,-1,1,-1,-1,-1,-1,0,36,8,-1024,0,36,0,0,0,0,0,0,0,298,1024,0,0,0,0,0,0,0,0,0,0,0,0,0,0,0,0,0,0,0,0,0,0,0,0,0,0,0,0,0,0,0,0,0,0,0,0,0,0,0,0,0,0,0,0,0,0,0,0,0,0,
2026-05-29,09:07:21.960,8.32,100,100,0,-0.139,5.99,25,0.993,88,0,0.023,100,100,1.08,-8.09,0.00,0,55.415800 12.873500,3,2026-05-29 09:07:22,2,0,-1024,0,-429,1,42,-20,322,0,0,-1,-1,-1,-1,-1,1,-1,-1,-1,-1,0,36,8,-1024,1,36,0,0,0,0,0,0,0,297,1024,0,0,0,0,0,0,0,0,0,0,0,0,0,0,0,0,0,0,0,0,0,0,0,0,0,0,0,0,0,0,0,0,0,0,0,0,0,0,0,0,0,0,0,0,0,0,0,0,0,0,
2026-05-29,09:07:22.070,8.32,100,100,0,-0.139,5.97,25,0.993,88,0,0.023,100,100,1.08,-8.09,0.00,0,55.415800 12.873500,3,2026-05-29 09:07:22,0,0,-1024,0,-430,0,41,-21,321,0,0,-1,-1,-1,-1,-1,1,-1,-1,-1,-1,0,36,8,-1024,0,36,0,0,0,0,0,0,0,297,1024,0,0,0,0,0,0,0,0,0,0,0,0,0,0,0,0,0,0,0,0,0,0,0,0,0,0,0,0,0,0,0,0,0,0,0,0,0,0,0,0,0,0,0,0,0,0,0,0,0,0,
2026-05-29,09:07:22.190,8.32,100,100,0,-0.139,5.98,25,0.989,89,0,0.025,100,100,1.10,-8.09,0.00,0,55.415800 12.873500,3,2026-05-29 09:07:22,0,0,-1024,0,-429,0,43,-19,322,0,0,-1,-1,-1,-1,-1,1,-1,-1,-1,-1,0,36,8,-1024,0,36,0,0,0,0,0,0,0,298,1024,0,0,0,0,0,0,0,0,0,0,0,0,0,0,0,0,0,0,0,0,0,0,0,0,0,0,0,0,0,0,0,0,0,0,0,0,0,0,0,0,0,0,0,0,0,0,0,0,0,0,
2026-05-29,09:07:22.310,8.32,100,100,0,-0.138,5.98,25,0.991,89,0,0.024,100,100,1.10,-8.09,0.00,0,55.415800 12.873500,3,2026-05-29 09:07:22,0,0,-1024,0,-430,0,42,-19,322,0,0,-1,-1,-1,-1,-1,1,-1,-1,-1,-1,0,36,8,-1024,0,36,0,0,0,0,0,0,0,297,1024,0,0,0,0,0,0,0,0,0,0,0,0,0,0,0,0,0,0,0,0,0,0,0,0,0,0,0,0,0,0,0,0,0,0,0,0,0,0,0,0,0,0,0,0,0,0,0,0,0,0,
2026-05-29,09:07:22.430,8.33,100,100,0,-0.140,5.97,25,0.991,89,0,0.024,100,100,1.10,-8.09,0.00,0,55.415800 12.873500,3,2026-05-29 09:07:22,0,0,-1024,0,-430,0,42,-20,321,0,0,-1,-1,-1,-1,-1,1,-1,-1,-1,-1,0,36,8,-1024,0,36,0,0,0,0,0,0,0,297,1024,0,0,0,0,0,0,0,0,0,0,0,0,0,0,0,0,0,0,0,0,0,0,0,0,0,0,0,0,0,0,0,0,0,0,0,0,0,0,0,0,0,0,0,0,0,0,0,0,0,0,
2026-05-29,09:07:22.560,8.33,100,100,0,-0.140,5.98,25,0.990,90,0,0.023,100,100,1.09,-8.10,0.00,0,55.415800 12.873500,3,2026-05-29 09:07:22,0,0,-1024,0,-429,0,43,-19,322,0,0,-1,-1,-1,-1,-1,1,-1,-1,-1,-1,0,36,8,-1024,0,36,0,0,0,0,0,0,0,297,1024,0,0,0,0,0,0,0,0,0,0,0,0,0,0,0,0,0,0,0,0,0,0,0,0,0,0,0,0,0,0,0,0,0,0,0,0,0,0,0,0,0,0,0,0,0,0,0,0,0,0,
2026-05-29,09:07:22.680,8.33,100,100,0,-0.139,5.99,25,1.001,91,0,0.022,100,100,1.10,-8.10,0.00,0,55.415800 12.873500,3,2026-05-29 09:07:22,0,0,-1023,0,-430,0,42,-19,322,0,0,-1,-1,-1,-1,-1,1,-1,-1,-1,-1,0,36,8,-1023,0,36,0,0,0,0,0,0,0,298,1024,0,0,0,0,0,0,0,0,0,0,0,0,0,0,0,0,0,0,0,0,0,0,0,0,0,0,0,0,0,0,0,0,0,0,0,0,0,0,0,0,0,0,0,0,0,0,0,0,0,0,
2026-05-29,09:07:22.790,8.32,100,100,0,-0.138,5.99,25,0.992,92,0,0.021,100,100,1.08,-8.10,0.00,0,55.415800 12.873500,3,2026-05-29 09:07:22,0,0,-1024,0,-430,0,43,-20,322,0,0,-1,-1,-1,-1,-1,1,-1,-1,-1,-1,0,36,8,-1024,0,36,0,0,0,0,0,0,0,297,1024,0,0,0,0,0,0,0,0,0,0,0,0,0,0,0,0,0,0,0,0,0,0,0,0,0,0,0,0,0,0,0,0,0,0,0,0,0,0,0,0,0,0,0,0,0,0,0,0,0,0,
2026-05-29,09:07:22.930,8.32,100,100,0,-0.138,5.99,25,0.992,93,0,0.021,100,100,1.08,-8.10,0.00,0,55.415800 12.873500,3,2026-05-29 09:07:22,0,0,-1024,0,-430,0,41,-19,322,0,0,-1,-1,-1,-1,-1,1,-1,-1,-1,-1,0,36,8,-1024,0,36,0,0,0,0,0,0,0,297,1024,0,0,0,0,0,0,0,0,0,0,0,0,0,0,0,0,0,0,0,0,0,0,0,0,0,0,0,0,0,0,0,0,0,0,0,0,0,0,0,0,0,0,0,0,0,0,0,0,0,0,
2026-05-29,09:07:23.060,8.32,100,100,0,-0.139,6.00,25,0.996,94,0,0.023,100,100,1.09,-8.11,0.00,0,55.415800 12.873500,3,2026-05-29 09:07:23,0,0,-1024,0,-430,0,42,-19,322,0,0,-1,-1,-1,-1,-1,1,-1,-1,-1,-1,0,36,8,-1024,0,36,0,0,0,0,0,0,0,297,1024,0,0,0,0,0,0,0,0,0,0,0,0,0,0,0,0,0,0,0,0,0,0,0,0,0,0,0,0,0,0,0,0,0,0,0,0,0,0,0,0,0,0,0,0,0,0,0,0,0,0,
2026-05-29,09:07:23.170,8.32,100,100,0,-0.138,6.00,25,0.995,93,0,0.023,100,100,1.08,-8.11,0.00,0,55.415800 12.873500,3,2026-05-29 09:07:23,0,0,-1024,0,-429,0,43,-19,321,0,0,-1,-1,-1,-1,-1,1,-1,-1,-1,-1,0,36,8,-1024,0,36,0,0,0,0,0,0,0,298,1024,0,0,0,0,0,0,0,0,0,0,0,0,0,0,0,0,0,0,0,0,0,0,0,0,0,0,0,0,0,0,0,0,0,0,0,0,0,0,0,0,0,0,0,0,0,0,0,0,0,0,
2026-05-29,09:07:23.290,8.33,100,100,0,-0.139,5.97,25,0.996,94,0,0.025,100,100,1.09,-8.11,0.00,0,55.415800 12.873500,3,2026-05-29 09:07:23,0,0,-1024,0,-430,2,42,-18,322,0,0,-1,-1,-1,-1,-1,1,-1,-1,-1,-1,0,36,8,-1024,0,36,0,0,0,0,0,0,0,297,1024,0,0,0,0,0,0,0,0,0,0,0,0,0,0,0,0,0,0,0,0,0,0,0,0,0,0,0,0,0,0,0,0,0,0,0,0,0,0,0,0,0,0,0,0,0,0,0,0,0,0,
2026-05-29,09:07:23.400,8.33,100,100,0,-0.139,5.98,25,0.996,93,0,0.025,100,100,1.09,-8.11,0.00,0,55.415800 12.873500,3,2026-05-29 09:07:23,0,0,-1024,0,-429,0,42,-22,322,0,0,-1,-1,-1,-1,-1,1,-1,-1,-1,-1,0,36,8,-1024,0,36,0,0,0,0,0,0,0,298,1024,0,0,0,0,0,0,0,0,0,0,0,0,0,0,0,0,0,0,0,0,0,0,0,0,0,0,0,0,0,0,0,0,0,0,0,0,0,0,0,0,0,0,0,0,0,0,0,0,0,0,
2026-05-29,09:07:23.510,8.33,100,100,0,-0.139,5.99,25,0.997,92,0,0.024,100,100,1.07,-8.12,0.00,0,55.415800 12.873500,3,2026-05-29 09:07:23,0,0,-1024,0,-430,0,42,-20,322,0,0,-1,-1,-1,-1,-1,1,-1,-1,-1,-1,0,36,8,-1024,0,36,0,0,0,0,0,0,0,297,1024,0,0,0,0,0,0,0,0,0,0,0,0,0,0,0,0,0,0,0,0,0,0,0,0,0,0,0,0,0,0,0,0,0,0,0,0,0,0,0,0,0,0,0,0,0,0,0,0,0,0,
2026-05-29,09:07:23.630,8.33,100,100,0,-0.139,5.97,25,0.991,93,0,0.021,100,100,1.05,-8.12,0.00,0,55.415800 12.873500,3,2026-05-29 09:07:23,0,0,-1024,0,-430,0,43,-20,321,0,0,-1,-1,-1,-1,-1,1,-1,-1,-1,-1,0,36,8,-1024,0,36,0,0,0,0,0,0,0,297,1024,0,0,0,0,0,0,0,0,0,0,0,0,0,0,0,0,0,0,0,0,0,0,0,0,0,0,0,0,0,0,0,0,0,0,0,0,0,0,0,0,0,0,0,0,0,0,0,0,0,0,
2026-05-29,09:07:23.750,8.33,100,100,0,-0.139,5.97,25,0.991,94,0,0.021,100,100,1.05,-8.12,0.00,0,55.415800 12.873500,3,2026-05-29 09:07:23,0,0,-1023,0,-430,0,43,-21,322,0,0,-1,-1,-1,-1,-1,1,-1,-1,-1,-1,0,36,8,-1023,0,36,0,0,0,0,0,0,0,297,1024,0,0,0,0,0,0,0,0,0,0,0,0,0,0,0,0,0,0,0,0,0,0,0,0,0,0,0,0,0,0,0,0,0,0,0,0,0,0,0,0,0,0,0,0,0,0,0,0,0,0,
2026-05-29,09:07:23.860,8.32,100,100,0,-0.139,5.98,25,0.996,95,0,0.021,100,100,1.05,-8.12,0.00,0,55.415800 12.873500,3,2026-05-29 09:07:23,0,0,-1024,0,-430,0,43,-20,322,0,0,-1,-1,-1,-1,-1,1,-1,-1,-1,-1,0,36,8,-1024,0,36,0,0,0,0,0,0,0,297,1024,0,0,0,0,0,0,0,0,0,0,0,0,0,0,0,0,0,0,0,0,0,0,0,0,0,0,0,0,0,0,0,0,0,0,0,0,0,0,0,0,0,0,0,0,0,0,0,0,0,0,
2026-05-29,09:07:23.980,8.33,100,100,0,-0.139,5.99,25,0.994,96,0,0.020,100,100,1.07,-8.12,0.00,0,55.415800 12.873500,3,2026-05-29 09:07:23,0,0,-1024,0,-430,0,42,-21,322,0,0,-1,-1,-1,-1,-1,1,-1,-1,-1,-1,0,36,8,-1024,0,36,0,0,0,0,0,0,0,297,1024,0,0,0,0,0,0,0,0,0,0,0,0,0,0,0,0,0,0,0,0,0,0,0,0,0,0,0,0,0,0,0,0,0,0,0,0,0,0,0,0,0,0,0,0,0,0,0,0,0,0,
2026-05-29,09:07:24.100,8.32,100,100,0,-0.139,5.99,25,0.994,96,0,0.020,100,100,1.07,-8.12,0.00,1,55.415800 12.873500,3,2026-05-29 09:07:24,0,0,-1024,0,-430,0,42,-20,322,0,0,-1,-1,-1,-1,-1,1,-1,-1,-1,-1,0,36,8,-1024,0,36,0,0,0,0,0,0,0,297,1024,0,0,0,0,0,0,0,0,0,0,0,0,0,0,0,0,0,0,0,0,0,0,0,0,0,0,0,0,0,0,0,0,0,0,0,0,0,0,0,0,0,0,0,0,0,0,0,0,0,0,
2026-05-29,09:07:24.210,8.32,100,100,0,-0.137,5.99,25,0.996,98,0,0.022,100,100,1.07,-8.12,0.00,1,55.415800 12.873500,3,2026-05-29 09:07:24,0,0,-1024,0,-430,0,41,-18,322,0,0,-1,-1,-1,-1,-1,1,-1,-1,-1,-1,0,36,8,-1024,0,36,0,0,0,0,0,0,0,297,1024,0,0,0,0,0,0,0,0,0,0,0,0,0,0,0,0,0,0,0,0,0,0,0,0,0,0,0,0,0,0,0,0,0,0,0,0,0,0,0,0,0,0,0,0,0,0,0,0,0,0,
2026-05-29,09:07:24.340,8.32,100,100,0,-0.137,6.00,25,0.990,98,0,0.021,100,100,1.11,-8.12,0.00,1,55.415800 12.873500,3,2026-05-29 09:07:24,0,0,-1024,0,-430,0,42,-19,322,0,0,-1,-1,-1,-1,-1,1,-1,-1,-1,-1,0,36,8,-1024,0,36,0,0,0,0,0,0,0,297,1024,0,0,0,0,0,0,0,0,0,0,0,0,0,0,0,0,0,0,0,0,0,0,0,0,0,0,0,0,0,0,0,0,0,0,0,0,0,0,0,0,0,0,0,0,0,0,0,0,0,0,
2026-05-29,09:07:24.460,8.32,100,100,0,-0.138,6.00,25,0.988,97,0,0.021,100,100,1.11,-8.12,0.00,1,55.415800 12.873500,3,2026-05-29 09:07:24,0,0,-1024,0,-430,0,44,-19,322,0,0,-1,-1,-1,-1,-1,1,-1,-1,-1,-1,0,36,8,-1024,0,36,0,0,0,0,0,0,0,297,1024,0,0,0,0,0,0,0,0,0,0,0,0,0,0,0,0,0,0,0,0,0,0,0,0,0,0,0,0,0,0,0,0,0,0,0,0,0,0,0,0,0,0,0,0,0,0,0,0,0,0,
2026-05-29,09:07:24.570,8.32,100,100,0,-0.138,6.00,25,0.988,98,0,0.023,100,100,1.11,-8.13,0.00,1,55.415800 12.873500,3,2026-05-29 09:07:24,0,0,-1024,0,-430,1,43,-19,322,0,0,-1,-1,-1,-1,-1,1,-1,-1,-1,-1,0,36,8,-1024,0,36,0,0,0,0,0,0,0,297,1024,0,0,0,0,0,0,0,0,0,0,0,0,0,0,0,0,0,0,0,0,0,0,0,0,0,0,0,0,0,0,0,0,0,0,0,0,0,0,0,0,0,0,0,0,0,0,0,0,0,0,
2026-05-29,09:07:24.690,8.32,100,100,0,-0.138,6.00,25,0.983,98,0,0.023,100,100,1.11,-8.13,0.00,1,55.415800 12.873500,3,2026-05-29 09:07:24,0,0,-1024,0,-430,0,42,-20,322,0,0,-1,-1,-1,-1,-1,1,-1,-1,-1,-1,0,36,8,-1024,0,36,0,0,0,0,0,0,0,297,1024,0,0,0,0,0,0,0,0,0,0,0,0,0,0,0,0,0,0,0,0,0,0,0,0,0,0,0,0,0,0,0,0,0,0,0,0,0,0,0,0,0,0,0,0,0,0,0,0,0,0,
2026-05-29,09:07:24.810,8.32,100,100,0,-0.139,6.00,25,0.997,98,0,0.026,100,100,1.11,-8.13,0.00,1,55.415800 12.873500,3,2026-05-29 09:07:24,0,0,-1024,0,-430,0,42,-18,322,0,0,-1,-1,-1,-1,-1,1,-1,-1,-1,-1,0,36,8,-1024,0,36,0,0,0,0,0,0,0,297,1024,0,0,0,0,0,0,0,0,0,0,0,0,0,0,0,0,0,0,0,0,0,0,0,0,0,0,0,0,0,0,0,0,0,0,0,0,0,0,0,0,0,0,0,0,0,0,0,0,0,0,
2026-05-29,09:07:24.920,8.32,100,100,0,-0.139,6.00,25,0.997,99,0,0.026,100,100,1.11,-8.13,0.00,1,55.415800 12.873500,3,2026-05-29 09:07:24,0,0,-1024,0,-429,1,42,-18,322,0,0,-1,-1,-1,-1,-1,1,-1,-1,-1,-1,0,36,8,-1024,0,36,0,0,0,0,0,0,0,298,1024,0,0,0,0,0,0,0,0,0,0,0,0,0,0,0,0,0,0,0,0,0,0,0,0,0,0,0,0,0,0,0,0,0,0,0,0,0,0,0,0,0,0,0,0,0,0,0,0,0,0,
2026-05-29,09:07:25.030,8.32,100,100,0,-0.138,6.00,25,0.992,99,0,0.023,100,100,1.10,-8.13,0.00,0,55.415800 12.873500,2,2026-05-29 09:07:25,0,0,-1023,0,-430,0,42,-19,321,0,0,-1,-1,-1,-1,-1,1,-1,-1,-1,-1,0,36,8,-1023,0,36,0,0,0,0,0,0,0,297,1024,0,0,0,0,0,0,0,0,0,0,0,0,0,0,0,0,0,0,0,0,0,0,0,0,0,0,0,0,0,0,0,0,0,0,0,0,0,0,0,0,0,0,0,0,0,0,0,0,0,0,
2026-05-29,09:07:25.140,8.32,100,100,0,-0.138,6.00,25,0.992,99,0,0.023,100,100,1.10,-8.13,0.00,0,55.415800 12.873500,2,2026-05-29 09:07:25,0,0,-1024,0,-430,0,42,-21,322,0,0,-1,-1,-1,-1,-1,1,-1,-1,-1,-1,0,36,8,-1024,0,36,0,0,0,0,0,0,0,297,1024,0,0,0,0,0,0,0,0,0,0,0,0,0,0,0,0,0,0,0,0,0,0,0,0,0,0,0,0,0,0,0,0,0,0,0,0,0,0,0,0,0,0,0,0,0,0,0,0,0,0,
2026-05-29,09:07:25.260,8.32,100,100,0,-0.138,6.00,25,0.991,99,0,0.022,100,100,1.08,-8.13,0.00,0,55.415800 12.873500,2,2026-05-29 09:07:25,0,0,-1024,0,-430,1,43,-20,322,0,0,-1,-1,-1,-1,-1,1,-1,-1,-1,-1,0,36,8,-1024,0,36,0,0,0,0,0,0,0,297,1024,0,0,0,0,0,0,0,0,0,0,0,0,0,0,0,0,0,0,0,0,0,0,0,0,0,0,0,0,0,0,0,0,0,0,0,0,0,0,0,0,0,0,0,0,0,0,0,0,0,0,
2026-05-29,09:07:25.400,8.32,100,100,0,-0.139,6.00,25,0.992,98,0,0.025,100,100,1.10,-8.13,0.00,0,55.415800 12.873500,2,2026-05-29 09:07:25,0,0,-1024,0,-429,0,42,-18,321,0,0,-1,-1,-1,-1,-1,1,-1,-1,-1,-1,0,36,8,-1024,0,36,0,0,0,0,0,0,0,298,1024,0,0,0,0,0,0,0,0,0,0,0,0,0,0,0,0,0,0,0,0,0,0,0,0,0,0,0,0,0,0,0,0,0,0,0,0,0,0,0,0,0,0,0,0,0,0,0,0,0,0,
2026-05-29,09:07:25.520,8.32,100,100,0,-0.137,5.97,25,0.990,98,0,0.024,100,100,1.10,-8.13,0.00,0,55.415800 12.873500,2,2026-05-29 09:07:25,0,0,-1024,0,-429,0,42,-18,322,0,0,-1,-1,-1,-1,-1,1,-1,-1,-1,-1,0,36,8,-1024,0,36,0,0,0,0,0,0,0,298,1024,0,0,0,0,0,0,0,0,0,0,0,0,0,0,0,0,0,0,0,0,0,0,0,0,0,0,0,0,0,0,0,0,0,0,0,0,0,0,0,0,0,0,0,0,0,0,0,0,0,0,
2026-05-29,09:07:25.640,8.32,100,100,0,-0.140,5.98,25,0.990,99,0,0.024,100,100,1.10,-8.13,0.00,0,55.415800 12.873500,2,2026-05-29 09:07:25,0,0,-1023,0,-429,1,41,-20,322,0,0,-1,-1,-1,-1,-1,1,-1,-1,-1,-1,0,36,8,-1024,0,36,0,0,0,0,0,0,0,298,1024,0,0,0,0,0,0,0,0,0,0,0,0,0,0,0,0,0,0,0,0,0,0,0,0,0,0,0,0,0,0,0,0,0,0,0,0,0,0,0,0,0,0,0,0,0,0,0,0,0,0,
2026-05-29,09:07:25.750,8.32,100,100,0,-0.140,5.98,25,0.991,98,0,0.022,100,100,1.09,-8.13,0.00,0,55.415800 12.873500,2,2026-05-29 09:07:25,0,0,-1024,0,-430,0,43,-19,322,0,0,-1,-1,-1,-1,-1,1,-1,-1,-1,-1,0,36,8,-1024,0,36,0,0,0,0,0,0,0,297,1024,0,0,0,0,0,0,0,0,0,0,0,0,0,0,0,0,0,0,0,0,0,0,0,0,0,0,0,0,0,0,0,0,0,0,0,0,0,0,0,0,0,0,0,0,0,0,0,0,0,0,
2026-05-29,09:07:25.870,8.32,100,100,0,-0.137,5.97,25,0.989,99,0,0.024,100,100,1.10,-8.13,0.00,0,55.415800 12.873500,2,2026-05-29 09:07:25,0,0,-1023,0,-429,0,42,-19,321,0,0,-1,-1,-1,-1,-1,1,-1,-1,-1,-1,0,36,8,-1023,0,36,0,0,0,0,0,0,0,298,1024,0,0,0,0,0,0,0,0,0,0,0,0,0,0,0,0,0,0,0,0,0,0,0,0,0,0,0,0,0,0,0,0,0,0,0,0,0,0,0,0,0,0,0,0,0,0,0,0,0,0,
2026-05-29,09:07:25.990,8.32,100,100,0,-0.142,5.98,25,0.989,99,0,0.029,100,100,1.09,-8.13,0.00,0,55.415800 12.873500,4,2026-05-29 09:07:26,0,0,-1024,0,-429,0,42,-17,322,0,0,-1,-1,-1,-1,-1,1,-1,-1,-1,-1,0,36,8,-1023,0,36,0,0,0,0,0,0,0,298,1024,0,0,0,0,0,0,0,0,0,0,0,0,0,0,0,0,0,0,0,0,0,0,0,0,0,0,0,0,0,0,0,0,0,0,0,0,0,0,0,0,0,0,0,0,0,0,0,0,0,0,
2026-05-29,09:07:26.110,8.32,100,100,0,-0.142,5.99,25,0.989,100,0,0.029,100,100,1.09,-8.13,0.00,0,55.415800 12.873500,4,2026-05-29 09:07:26,0,0,-1024,0,-429,0,43,-20,321,0,0,-1,-1,-1,-1,-1,1,-1,-1,-1,-1,0,36,8,-1024,0,36,0,0,0,0,0,0,0,298,1024,0,0,0,0,0,0,0,0,0,0,0,0,0,0,0,0,0,0,0,0,0,0,0,0,0,0,0,0,0,0,0,0,0,0,0,0,0,0,0,0,0,0,0,0,0,0,0,0,0,0,
2026-05-29,09:07:26.220,8.32,100,100,0,-0.080,5.99,25,0.997,100,0,0.015,100,100,1.05,-8.13,0.00,0,55.415800 12.873500,4,2026-05-29 09:07:26,0,0,-1024,0,-430,0,42,-19,322,0,0,-1,-1,-1,-1,-1,1,-1,-1,-1,-1,0,36,8,-1024,0,36,0,0,0,0,0,0,0,297,1024,0,0,0,0,0,0,0,0,0,0,0,0,0,0,0,0,0,0,0,0,0,0,0,0,0,0,0,0,0,0,0,0,0,0,0,0,0,0,0,0,0,0,0,0,0,0,0,0,0,0,
2026-05-29,09:07:26.340,8.32,100,100,0,-0.156,5.97,25,0.992,100,0,0.023,100,100,1.07,-8.10,0.00,0,55.415800 12.873500,4,2026-05-29 09:07:26,0,0,-1024,0,-429,1,42,-18,322,0,0,-1,-1,-1,-1,-1,1,-1,-1,-1,-1,0,36,8,-1024,0,36,0,0,0,0,0,0,0,297,1024,0,0,0,0,0,0,0,0,0,0,0,0,0,0,0,0,0,0,0,0,0,0,0,0,0,0,0,0,0,0,0,0,0,0,0,0,0,0,0,0,0,0,0,0,0,0,0,0,0,0,
2026-05-29,09:07:26.460,8.32,100,100,0,-0.156,5.98,25,0.992,100,0,0.023,100,100,1.07,-8.10,0.00,0,55.415800 12.873500,4,2026-05-29 09:07:26,0,0,-1024,0,-430,0,43,-20,322,0,0,-1,-1,-1,-1,-1,1,-1,-1,-1,-1,0,36,8,-1024,0,36,0,0,0,0,0,0,0,297,1024,0,0,0,0,0,0,0,0,0,0,0,0,0,0,0,0,0,0,0,0,0,0,0,0,0,0,0,0,0,0,0,0,0,0,0,0,0,0,0,0,0,0,0,0,0,0,0,0,0,0,
2026-05-29,09:07:26.580,8.32,100,100,0,-0.094,5.99,25,1.000,100,0,0.018,100,100,1.07,-8.10,0.00,0,55.415800 12.873500,4,2026-05-29 09:07:26,0,0,-1024,0,-430,0,42,-19,322,0,0,-1,-1,-1,-1,-1,1,-1,-1,-1,-1,0,36,8,-1024,0,36,0,0,0,0,0,0,0,297,1024,0,0,0,0,0,0,0,0,0,0,0,0,0,0,0,0,0,0,0,0,0,0,0,0,0,0,0,0,0,0,0,0,0,0,0,0,0,0,0,0,0,0,0,0,0,0,0,0,0,0,
2026-05-29,09:07:26.690,8.32,100,100,0,-0.099,5.99,25,0.996,100,0,0.027,100,100,1.10,-8.11,0.00,0,55.415800 12.873500,4,2026-05-29 09:07:26,0,0,-1024,0,-429,0,42,-19,322,0,0,-1,-1,-1,-1,-1,1,-1,-1,-1,-1,0,36,8,-1024,0,36,0,0,0,0,0,0,0,298,1024,0,0,0,0,0,0,0,0,0,0,0,0,0,0,0,0,0,0,0,0,0,0,0,0,0,0,0,0,0,0,0,0,0,0,0,0,0,0,0,0,0,0,0,0,0,0,0,0,0,0,
2026-05-29,09:07:26.810,8.32,100,100,0,-0.099,5.99,25,0.996,100,0,0.027,100,100,1.10,-8.11,0.00,0,55.415800 12.873500,4,2026-05-29 09:07:26,0,0,-1024,0,-430,2,42,-19,322,0,0,-1,-1,-1,-1,-1,1,-1,-1,-1,-1,0,36,8,-1024,0,36,0,0,0,0,0,0,0,297,1024,0,0,0,0,0,0,0,0,0,0,0,0,0,0,0,0,0,0,0,0,0,0,0,0,0,0,0,0,0,0,0,0,0,0,0,0,0,0,0,0,0,0,0,0,0,0,0,0,0,0,
2026-05-29,09:07:26.920,8.32,100,100,0,-0.087,5.99,25,0.946,100,0,0.024,100,100,1.05,-8.12,0.00,0,55.415800 12.873500,4,2026-05-29 09:07:26,0,0,-1024,0,-429,1,42,-19,322,0,0,-1,-1,-1,-1,-1,1,-1,-1,-1,-1,0,36,8,-1024,0,36,0,0,0,0,0,0,0,298,1024,0,0,0,0,0,0,0,0,0,0,0,0,0,0,0,0,0,0,0,0,0,0,0,0,0,0,0,0,0,0,0,0,0,0,0,0,0,0,0,0,0,0,0,0,0,0,0,0,0,0,
2026-05-29,09:07:27.030,8.32,100,100,0,-0.109,6.00,25,0.984,100,0,0.027,100,100,1.08,-8.12,0.00,0,55.415800 12.873500,4,2026-05-29 09:07:27,0,0,-1023,0,-429,1,42,-19,321,0,0,-1,-1,-1,-1,-1,1,-1,-1,-1,-1,0,36,8,-1024,0,36,0,0,0,0,0,0,0,297,1024,0,0,0,0,0,0,0,0,0,0,0,0,0,0,0,0,0,0,0,0,0,0,0,0,0,0,0,0,0,0,0,0,0,0,0,0,0,0,0,0,0,0,0,0,0,0,0,0,0,0,
2026-05-29,09:07:27.140,8.32,100,100,0,-0.109,6.00,25,0.984,100,0,0.027,100,100,1.08,-8.12,0.00,0,55.415800 12.873500,4,2026-05-29 09:07:27,0,0,-1024,0,-430,0,43,-18,322,0,0,-1,-1,-1,-1,-1,1,-1,-1,-1,-1,0,36,8,-1024,0,36,0,0,0,0,0,0,0,297,1024,0,0,0,0,0,0,0,0,0,0,0,0,0,0,0,0,0,0,0,0,0,0,0,0,0,0,0,0,0,0,0,0,0,0,0,0,0,0,0,0,0,0,0,0,0,0,0,0,0,0,
2026-05-29,09:07:27.260,8.32,100,100,0,-0.136,5.98,25,0.962,100,0,0.053,99,100,1.08,-8.16,0.00,0,55.415800 12.873500,4,2026-05-29 09:07:27,0,0,-1024,0,-429,0,42,-20,322,0,0,-1,-1,-1,-1,-1,1,-1,-1,-1,-1,0,36,8,-1024,0,36,0,0,0,0,0,0,0,298,1024,0,0,0,0,0,0,0,0,0,0,0,0,0,0,0,0,0,0,0,0,0,0,0,0,0,0,0,0,0,0,0,0,0,0,0,0,0,0,0,0,0,0,0,0,0,0,0,0,0,0,
2026-05-29,09:07:27.370,8.32,100,100,0,0.022,5.98,25,0.892,100,0,0.014,99,100,0.96,-8.26,0.00,0,55.415800 12.873500,4,2026-05-29 09:07:27,0,0,-1024,0,-429,3,42,-21,321,0,0,-1,-1,-1,-1,-1,1,-1,-1,-1,-1,0,36,8,-1023,0,36,0,0,0,0,0,0,0,298,1024,0,0,0,0,0,0,0,0,0,0,0,0,0,0,0,0,0,0,0,0,0,0,0,0,0,0,0,0,0,0,0,0,0,0,0,0,0,0,0,0,0,0,0,0,0,0,0,0,0,0,
2026-05-29,09:07:27.480,8.32,100,100,0,0.022,5.99,25,0.892,100,0,0.014,99,100,0.96,-8.26,0.00,0,55.415800 12.873500,4,2026-05-29 09:07:27,0,0,-1024,0,-430,0,42,-19,321,0,0,-1,-1,-1,-1,-1,1,-1,-1,-1,-1,0,36,8,-1024,0,36,0,0,0,0,0,0,0,297,1024,0,0,0,0,0,0,0,0,0,0,0,0,0,0,0,0,0,0,0,0,0,0,0,0,0,0,0,0,0,0,0,0,0,0,0,0,0,0,0,0,0,0,0,0,0,0,0,0,0,0,
2026-05-29,09:07:27.590,8.32,100,100,0,-0.130,5.97,25,0.945,100,0,0.008,99,100,0.89,-8.21,0.00,0,55.415800 12.873500,4,2026-05-29 09:07:27,0,0,-1024,0,-429,0,43,-18,322,0,0,-1,-1,-1,-1,-1,1,-1,-1,-1,-1,0,36,8,-1024,0,36,0,0,0,0,0,0,0,298,1024,0,0,0,0,0,0,0,0,0,0,0,0,0,0,0,0,0,0,0,0,0,0,0,0,0,0,0,0,0,0,0,0,0,0,0,0,0,0,0,0,0,0,0,0,0,0,0,0,0,0,
2026-05-29,09:07:27.710,8.32,100,100,0,-0.115,5.95,25,0.960,99,0,-0.020,99,100,1.00,-8.10,0.00,0,55.415800 12.873500,4,2026-05-29 09:07:27,0,0,-1024,0,-430,1,43,-20,321,0,0,-1,-1,-1,-1,-1,1,-1,-1,-1,-1,0,36,8,-1023,0,36,0,0,0,0,0,0,0,297,1024,0,0,0,0,0,0,0,0,0,0,0,0,0,0,0,0,0,0,0,0,0,0,0,0,0,0,0,0,0,0,0,0,0,0,0,0,0,0,0,0,0,0,0,0,0,0,0,0,0,0,
2026-05-29,09:07:27.820,8.32,100,100,0,-0.115,5.96,25,0.960,99,0,-0.020,99,100,1.00,-8.10,0.00,0,55.415800 12.873500,4,2026-05-29 09:07:27,0,0,-1024,0,-429,0,42,-21,322,0,0,-1,-1,-1,-1,-1,1,-1,-1,-1,-1,0,36,8,-1024,0,36,0,0,0,0,0,0,0,298,1024,0,0,0,0,0,0,0,0,0,0,0,0,0,0,0,0,0,0,0,0,0,0,0,0,0,0,0,0,0,0,0,0,0,0,0,0,0,0,0,0,0,0,0,0,0,0,0,0,0,0,
2026-05-29,09:07:27.940,8.32,100,100,0,-0.226,5.95,25,1.139,99,0,0.034,99,100,0.95,-8.25,0.00,0,55.415800 12.873500,5,2026-05-29 09:07:27,0,0,-1024,0,-430,1,41,-22,322,0,0,-1,-1,-1,-1,-1,1,-1,-1,-1,-1,0,36,8,-1024,0,36,0,0,0,0,0,0,0,297,1024,0,0,0,0,0,0,0,0,0,0,0,0,0,0,0,0,0,0,0,0,0,0,0,0,0,0,0,0,0,0,0,0,0,0,0,0,0,0,0,0,0,0,0,0,0,0,0,0,0,0,
2026-05-29,09:07:28.060,8.32,100,100,0,-0.138,5.97,25,0.911,100,0,-0.001,100,100,0.83,-8.09,0.00,0,55.415800 12.873500,5,2026-05-29 09:07:28,0,0,-1024,0,-429,0,42,-19,322,0,0,-1,-1,-1,-1,-1,1,-1,-1,-1,-1,0,36,8,-1024,0,36,0,0,0,0,0,0,0,298,1024,0,0,0,0,0,0,0,0,0,0,0,0,0,0,0,0,0,0,0,0,0,0,0,0,0,0,0,0,0,0,0,0,0,0,0,0,0,0,0,0,0,0,0,0,0,0,0,0,0,0,
2026-05-29,09:07:28.170,8.32,100,100,0,-0.138,5.95,25,0.911,100,0,-0.001,100,100,0.83,-8.09,0.00,0,55.415800 12.873500,5,2026-05-29 09:07:28,0,0,-1024,0,-429,0,42,-19,322,0,0,-1,-1,-1,-1,-1,1,-1,-1,-1,-1,0,36,8,-1023,0,36,0,0,0,0,0,0,0,298,1024,0,0,0,0,0,0,0,0,0,0,0,0,0,0,0,0,0,0,0,0,0,0,0,0,0,0,0,0,0,0,0,0,0,0,0,0,0,0,0,0,0,0,0,0,0,0,0,0,0,0,
2026-05-29,09:07:28.290,8.32,100,100,0,-0.135,5.96,25,0.981,100,0,0.044,100,100,0.91,-8.11,0.00,0,55.415800 12.873500,5,2026-05-29 09:07:28,0,0,-1024,0,-429,0,43,-19,322,0,0,-1,-1,-1,-1,-1,1,-1,-1,-1,-1,0,36,8,-1024,0,36,0,0,0,0,0,0,0,298,1024,0,0,0,0,0,0,0,0,0,0,0,0,0,0,0,0,0,0,0,0,0,0,0,0,0,0,0,0,0,0,0,0,0,0,0,0,0,0,0,0,0,0,0,0,0,0,0,0,0,0,
2026-05-29,09:07:28.410,8.32,100,100,0,-0.131,5.97,25,0.992,100,0,-0.001,100,100,0.96,-8.12,0.00,0,55.415800 12.873500,5,2026-05-29 09:07:28,0,0,-1024,0,-429,0,41,-19,322,0,0,-1,-1,-1,-1,-1,1,-1,-1,-1,-1,0,36,8,-1024,0,36,0,0,0,0,0,0,0,298,1024,0,0,0,0,0,0,0,0,0,0,0,0,0,0,0,0,0,0,0,0,0,0,0,0,0,0,0,0,0,0,0,0,0,0,0,0,0,0,0,0,0,0,0,0,0,0,0,0,0,0,
2026-05-29,09:07:28.530,8.32,100,100,0,-0.137,5.98,25,0.988,100,0,0.008,100,100,0.96,-8.12,0.00,0,55.415800 12.873500,5,2026-05-29 09:07:28,0,0,-1023,0,-430,1,42,-17,322,0,0,-1,-1,-1,-1,-1,1,-1,-1,-1,-1,0,36,8,-1023,0,36,0,0,0,0,0,0,0,297,1024,0,0,0,0,0,0,0,0,0,0,0,0,0,0,0,0,0,0,0,0,0,0,0,0,0,0,0,0,0,0,0,0,0,0,0,0,0,0,0,0,0,0,0,0,0,0,0,0,0,0,
2026-05-29,09:07:28.650,8.32,100,100,0,-0.137,5.99,25,0.988,100,0,0.008,100,100,0.97,-8.13,0.00,0,55.415800 12.873500,5,2026-05-29 09:07:28,0,0,-1023,0,-429,0,42,-19,322,0,0,-1,-1,-1,-1,-1,1,-1,-1,-1,-1,0,36,8,-1023,0,36,0,0,0,0,0,0,0,298,1024,0,0,0,0,0,0,0,0,0,0,0,0,0,0,0,0,0,0,0,0,0,0,0,0,0,0,0,0,0,0,0,0,0,0,0,0,0,0,0,0,0,0,0,0,0,0,0,0,0,0,
2026-05-29,09:07:28.760,8.32,100,100,0,-0.137,5.99,25,0.997,100,0,0.017,100,100,1.00,-8.13,0.00,0,55.415800 12.873500,5,2026-05-29 09:07:28,0,0,-1023,0,-429,0,41,-19,321,0,0,-1,-1,-1,-1,-1,1,-1,-1,-1,-1,0,36,8,-1023,0,36,0,0,0,0,0,0,0,298,1024,0,0,0,0,0,0,0,0,0,0,0,0,0,0,0,0,0,0,0,0,0,0,0,0,0,0,0,0,0,0,0,0,0,0,0,0,0,0,0,0,0,0,0,0,0,0,0,0,0,0,
2026-05-29,09:07:28.880,8.32,100,100,0,-0.139,5.99,25,0.990,100,0,0.020,100,100,1.01,-8.13,0.00,0,55.415800 12.873500,5,2026-05-29 09:07:28,0,0,-1024,0,-429,0,44,-19,322,0,0,-1,-1,-1,-1,-1,1,-1,-1,-1,-1,0,36,8,-1024,0,36,0,0,0,0,0,0,0,298,1024,0,0,0,0,0,0,0,0,0,0,0,0,0,0,0,0,0,0,0,0,0,0,0,0,0,0,0,0,0,0,0,0,0,0,0,0,0,0,0,0,0,0,0,0,0,0,0,0,0,0,
2026-05-29,09:07:28.990,8.32,100,100,0,-0.139,6.00,25,0.990,100,0,0.020,100,100,1.01,-8.13,0.00,1,55.415800 12.873500,2,2026-05-29 09:07:29,0,0,-1024,0,-430,1,42,-19,322,0,0,-1,-1,-1,-1,-1,1,-1,-1,-1,-1,0,36,8,-1024,0,36,0,0,0,0,0,0,0,297,1024,0,0,0,0,0,0,0,0,0,0,0,0,0,0,0,0,0,0,0,0,0,0,0,0,0,0,0,0,0,0,0,0,0,0,0,0,0,0,0,0,0,0,0,0,0,0,0,0,0,0,
2026-05-29,09:07:29.110,8.32,100,100,0,-0.138,6.00,25,0.996,100,0,0.021,100,100,1.01,-8.13,0.00,1,55.415800 12.873500,2,2026-05-29 09:07:29,0,0,-1024,0,-430,0,43,-18,322,0,0,-1,-1,-1,-1,-1,1,-1,-1,-1,-1,0,36,8,-1024,0,36,0,0,0,0,0,0,0,297,1024,0,0,0,0,0,0,0,0,0,0,0,0,0,0,0,0,0,0,0,0,0,0,0,0,0,0,0,0,0,0,0,0,0,0,0,0,0,0,0,0,0,0,0,0,0,0,0,0,0,0,
2026-05-29,09:07:29.220,8.32,100,100,0,-0.139,5.97,25,0.989,100,0,0.023,100,100,1.00,-8.13,0.00,1,55.415800 12.873500,2,2026-05-29 09:07:29,0,0,-1024,0,-430,0,43,-19,322,0,0,-1,-1,-1,-1,-1,1,-1,-1,-1,-1,0,36,8,-1024,0,36,0,0,0,0,0,0,0,297,1024,0,0,0,0,0,0,0,0,0,0,0,0,0,0,0,0,0,0,0,0,0,0,0,0,0,0,0,0,0,0,0,0,0,0,0,0,0,0,0,0,0,0,0,0,0,0,0,0,0,0,
2026-05-29,09:07:29.340,8.32,100,100,0,-0.139,5.98,25,0.989,100,0,0.023,100,100,1.00,-8.13,0.00,1,55.415800 12.873500,2,2026-05-29 09:07:29,0,0,-1024,0,-430,0,42,-17,322,0,0,-1,-1,-1,-1,-1,1,-1,-1,-1,-1,0,36,8,-1024,0,36,0,0,0,0,0,0,0,297,1024,0,0,0,0,0,0,0,0,0,0,0,0,0,0,0,0,0,0,0,0,0,0,0,0,0,0,0,0,0,0,0,0,0,0,0,0,0,0,0,0,0,0,0,0,0,0,0,0,0,0,
2026-05-29,09:07:29.470,8.31,100,100,0,-0.139,5.98,25,0.997,100,0,0.024,100,100,1.00,-8.13,0.00,0,55.415800 12.873500,2,2026-05-29 09:07:29,0,0,-1024,0,-430,1,43,-19,321,0,0,-1,-1,-1,-1,-1,1,-1,-1,-1,-1,0,36,8,-1024,0,36,0,0,0,0,0,0,0,298,1024,0,0,0,0,0,0,0,0,0,0,0,0,0,0,0,0,0,0,0,0,0,0,0,0,0,0,0,0,0,0,0,0,0,0,0,0,0,0,0,0,0,0,0,0,0,0,0,0,0,0,
2026-05-29,09:07:29.580,8.32,100,99,0,-0.140,5.96,25,1.003,100,0,0.024,100,100,0.99,-8.13,0.00,0,55.415800 12.873500,2,2026-05-29 09:07:29,0,0,-1023,0,-429,0,43,-18,322,0,0,-1,-1,-1,-1,-1,1,-1,-1,-1,-1,0,36,8,-1023,0,36,0,0,0,0,0,0,0,298,1024,0,0,0,0,0,0,0,0,0,0,0,0,0,0,0,0,0,0,0,0,0,0,0,0,0,0,0,0,0,0,0,0,0,0,0,0,0,0,0,0,0,0,0,0,0,0,0,0,0,0,
2026-05-29,09:07:29.700,8.32,100,98,0,-0.138,5.97,25,1.003,99,0,0.022,100,100,0.99,-8.13,0.00,0,55.415800 12.873500,2,2026-05-29 09:07:29,0,0,-1024,0,-430,0,42,-5,322,0,0,-1,-1,-1,-1,-1,1,-1,-1,-1,-1,0,36,8,-1024,0,36,0,0,0,0,0,0,0,297,1024,0,0,0,0,0,0,0,0,0,0,0,0,0,0,0,0,0,0,0,0,0,0,0,0,0,0,0,0,0,0,0,0,0,0,0,0,0,0,0,0,0,0,0,0,0,0,0,0,0,0,
2026-05-29,09:07:29.840,8.32,100,99,0,-0.138,5.99,25,0.989,95,0,0.022,100,100,0.98,-8.13,0.00,0,55.415800 12.873500,2,2026-05-29 09:07:29,0,0,-1024,0,-429,1,42,-18,321,0,0,-1,-1,-1,-1,-1,1,-1,-1,-1,-1,0,36,8,-1024,0,36,0,0,0,0,0,0,0,298,1024,0,0,0,0,0,0,0,0,0,0,0,0,0,0,0,0,0,0,0,0,0,0,0,0,0,0,0,0,0,0,0,0,0,0,0,0,0,0,0,0,0,0,0,0,0,0,0,0,0,0,
2026-05-29,09:07:29.950,8.32,100,99,0,-0.137,5.99,25,0.992,92,0,0.023,100,100,0.98,-8.13,0.00,0,55.415800 12.873500,3,2026-05-29 09:07:29,0,0,-1024,0,-429,0,43,-18,322,0,0,-1,-1,-1,-1,-1,1,-1,-1,-1,-1,0,36,8,-1024,0,36,0,0,0,0,0,0,0,298,1024,0,0,0,0,0,0,0,0,0,0,0,0,0,0,0,0,0,0,0,0,0,0,0,0,0,0,0,0,0,0,0,0,0,0,0,0,0,0,0,0,0,0,0,0,0,0,0,0,0,0,
2026-05-29,09:07:30.060,8.32,100,99,0,-0.138,5.99,25,0.989,89,0,0.021,100,100,0.97,-8.13,0.00,0,55.415800 12.873500,3,2026-05-29 09:07:30,0,0,-1024,0,-429,1,42,-20,322,0,0,-1,-1,-1,-1,-1,1,-1,-1,-1,-1,0,36,8,-1024,0,36,0,0,0,0,0,0,0,298,1024,0,0,0,0,0,0,0,0,0,0,0,0,0,0,0,0,0,0,0,0,0,0,0,0,0,0,0,0,0,0,0,0,0,0,0,0,0,0,0,0,0,0,0,0,0,0,0,0,0,0,
2026-05-29,09:07:30.180,8.32,100,100,0,-0.138,5.99,25,0.989,87,0,0.021,100,100,0.97,-8.13,0.00,0,55.415800 12.873500,3,2026-05-29 09:07:30,0,0,-1024,0,-430,0,42,-18,322,0,0,-1,-1,-1,-1,-1,1,-1,-1,-1,-1,0,36,8,-1024,0,36,0,0,0,0,0,0,0,297,1024,0,0,0,0,0,0,0,0,0,0,0,0,0,0,0,0,0,0,0,0,0,0,0,0,0,0,0,0,0,0,0,0,0,0,0,0,0,0,0,0,0,0,0,0,0,0,0,0,0,0,
2026-05-29,09:07:30.300,8.32,100,98,0,-0.141,6.00,25,1.004,86,0,0.021,100,100,0.97,-8.13,0.00,0,55.415800 12.873500,3,2026-05-29 09:07:30,0,0,-1024,0,-430,1,42,-19,322,0,0,-1,-1,-1,-1,-1,1,-1,-1,-1,-1,0,36,8,-1024,0,36,0,0,0,0,0,0,0,297,1024,0,0,0,0,0,0,0,0,0,0,0,0,0,0,0,0,0,0,0,0,0,0,0,0,0,0,0,0,0,0,0,0,0,0,0,0,0,0,0,0,0,0,0,0,0,0,0,0,0,0,
2026-05-29,09:07:30.420,8.32,100,95,0,-0.140,6.00,25,0.994,85,0,0.021,100,100,0.95,-8.13,0.00,0,55.415800 12.873500,3,2026-05-29 09:07:30,0,0,-1024,0,-430,0,43,-22,322,0,0,-1,-1,-1,-1,-1,1,-1,-1,-1,-1,0,36,8,-1024,0,36,0,0,0,0,0,0,0,297,1024,0,0,0,0,0,0,0,0,0,0,0,0,0,0,0,0,0,0,0,0,0,0,0,0,0,0,0,0,0,0,0,0,0,0,0,0,0,0,0,0,0,0,0,0,0,0,0,0,0,0,
2026-05-29,09:07:30.530,8.32,100,97,0,-0.140,6.00,25,0.994,83,0,0.021,99,100,0.95,-8.13,0.00,0,55.415800 12.873500,3,2026-05-29 09:07:30,0,0,-1024,0,-429,0,42,-19,322,0,0,-1,-1,-1,-1,-1,1,-1,-1,-1,-1,0,36,8,-1024,0,36,0,0,0,0,0,0,0,298,1024,0,0,0,0,0,0,0,0,0,0,0,0,0,0,0,0,0,0,0,0,0,0,0,0,0,0,0,0,0,0,0,0,0,0,0,0,0,0,0,0,0,0,0,0,0,0,0,0,0,0,
2026-05-29,09:07:30.640,8.32,100,96,0,-0.140,6.00,25,0.990,82,0,0.021,99,100,0.96,-8.13,0.00,0,55.415800 12.873500,3,2026-05-29 09:07:30,0,0,-1024,0,-430,1,42,-19,321,0,0,-1,-1,-1,-1,-1,1,-1,-1,-1,-1,0,36,8,-1024,0,36,0,0,0,0,0,0,0,297,1024,0,0,0,0,0,0,0,0,0,0,0,0,0,0,0,0,0,0,0,0,0,0,0,0,0,0,0,0,0,0,0,0,0,0,0,0,0,0,0,0,0,0,0,0,0,0,0,0,0,0,
2026-05-29,09:07:30.760,8.32,100,97,0,-0.138,6.00,25,0.990,81,0,0.021,99,100,0.96,-8.13,0.00,0,55.415800 12.873500,3,2026-05-29 09:07:30,0,0,-1024,0,-429,0,42,-18,322,0,0,-1,-1,-1,-1,-1,1,-1,-1,-1,-1,0,36,8,-1024,0,36,0,0,0,0,0,0,0,298,1024,0,0,0,0,0,0,0,0,0,0,0,0,0,0,0,0,0,0,0,0,0,0,0,0,0,0,0,0,0,0,0,0,0,0,0,0,0,0,0,0,0,0,0,0,0,0,0,0,0,0,
2026-05-29,09:07:30.880,8.32,100,97,0,-0.139,6.00,25,0.990,82,0,0.021,99,100,0.96,-8.13,0.00,0,55.415800 12.873500,3,2026-05-29 09:07:30,0,0,-1024,0,-429,0,43,-19,322,0,0,-1,-1,-1,-1,-1,1,-1,-1,-1,-1,0,36,8,-1024,0,36,0,0,0,0,0,0,0,298,1024,0,0,0,0,0,0,0,0,0,0,0,0,0,0,0,0,0,0,0,0,0,0,0,0,0,0,0,0,0,0,0,0,0,0,0,0,0,0,0,0,0,0,0,0,0,0,0,0,0,0,
2026-05-29,09:07:31.010,8.32,100,97,0,-0.139,6.00,25,0.993,82,0,0.020,98,100,0.95,-8.13,0.00,0,55.415800 12.873500,4,2026-05-29 09:07:31,0,0,-1024,0,-430,0,43,-21,321,0,0,-1,-1,-1,-1,-1,1,-1,-1,-1,-1,0,36,8,-1024,0,36,0,0,0,0,0,0,0,297,1024,0,0,0,0,0,0,0,0,0,0,0,0,0,0,0,0,0,0,0,0,0,0,0,0,0,0,0,0,0,0,0,0,0,0,0,0,0,0,0,0,0,0,0,0,0,0,0,0,0,0,
2026-05-29,09:07:31.130,8.32,100,97,0,-0.138,6.00,25,0.992,82,0,0.022,98,100,0.97,-8.13,0.00,0,55.415800 12.873500,4,2026-05-29 09:07:31,0,0,-1024,0,-429,0,41,-19,321,0,0,-1,-1,-1,-1,-1,1,-1,-1,-1,-1,0,36,8,-1024,0,36,0,0,0,0,0,0,0,298,1024,0,0,0,0,0,0,0,0,0,0,0,0,0,0,0,0,0,0,0,0,0,0,0,0,0,0,0,0,0,0,0,0,0,0,0,0,0,0,0,0,0,0,0,0,0,0,0,0,0,0,
2026-05-29,09:07:31.250,8.32,100,96,0,-0.138,6.00,25,0.990,82,0,0.021,98,100,0.96,-8.13,0.00,0,55.415800 12.873500,4,2026-05-29 09:07:31,0,0,-1024,0,-430,0,43,-19,322,0,0,-1,-1,-1,-1,-1,1,-1,-1,-1,-1,0,36,8,-1024,0,36,0,0,0,0,0,0,0,297,1024,0,0,0,0,0,0,0,0,0,0,0,0,0,0,0,0,0,0,0,0,0,0,0,0,0,0,0,0,0,0,0,0,0,0,0,0,0,0,0,0,0,0,0,0,0,0,0,0,0,0,
2026-05-29,09:07:31.360,8.32,100,97,0,-0.138,6.00,25,0.990,82,0,0.021,99,100,0.96,-8.13,0.00,0,55.415800 12.873500,4,2026-05-29 09:07:31,0,0,-1023,0,-430,0,43,-21,322,0,0,-1,-1,-1,-1,-1,1,-1,-1,-1,-1,0,36,8,-1023,0,36,0,0,0,0,0,0,0,297,1024,0,0,0,0,0,0,0,0,0,0,0,0,0,0,0,0,0,0,0,0,0,0,0,0,0,0,0,0,0,0,0,0,0,0,0,0,0,0,0,0,0,0,0,0,0,0,0,0,0,0,
2026-05-29,09:07:31.500,8.32,100,94,0,-0.137,6.00,25,0.990,81,0,0.020,99,100,0.95,-8.13,0.00,0,55.415800 12.873500,4,2026-05-29 09:07:31,0,0,-1024,0,-430,1,42,-20,322,0,0,-1,-1,-1,-1,-1,1,-1,-1,-1,-1,0,36,8,-1024,0,36,0,0,0,0,0,0,0,298,1024,0,0,0,0,0,0,0,0,0,0,0,0,0,0,0,0,0,0,0,0,0,0,0,0,0,0,0,0,0,0,0,0,0,0,0,0,0,0,0,0,0,0,0,0,0,0,0,0,0,0,
2026-05-29,09:07:31.610,8.32,100,94,0,-0.138,6.00,25,0.986,81,0,0.021,99,100,0.96,-8.13,0.00,0,55.415800 12.873500,4,2026-05-29 09:07:31,0,0,-1023,0,-430,0,42,-19,322,0,0,-1,-1,-1,-1,-1,1,-1,-1,-1,-1,0,36,8,-1023,0,36,0,0,0,0,0,0,0,297,1024,0,0,0,0,0,0,0,0,0,0,0,0,0,0,0,0,0,0,0,0,0,0,0,0,0,0,0,0,0,0,0,0,0,0,0,0,0,0,0,0,0,0,0,0,0,0,0,0,0,0,
2026-05-29,09:07:31.720,8.32,100,93,0,-0.137,6.00,25,0.986,80,0,0.021,100,100,0.96,-8.13,0.00,0,55.415800 12.873500,4,2026-05-29 09:07:31,0,0,-1024,0,-430,0,42,-19,321,0,0,-1,-1,-1,-1,-1,1,-1,-1,-1,-1,0,36,8,-1024,0,36,0,0,0,0,0,0,0,297,1024,0,0,0,0,0,0,0,0,0,0,0,0,0,0,0,0,0,0,0,0,0,0,0,0,0,0,0,0,0,0,0,0,0,0,0,0,0,0,0,0,0,0,0,0,0,0,0,0,0,0,
2026-05-29,09:07:31.840,8.32,100,94,0,-0.137,6.00,25,0.998,81,0,0.019,100,100,0.96,-8.12,0.00,0,55.415800 12.873500,4,2026-05-29 09:07:31,0,0,-1024,0,-430,1,42,-18,322,0,0,-1,-1,-1,-1,-1,1,-1,-1,-1,-1,0,36,8,-1024,0,36,0,0,0,0,0,0,0,297,1024,0,0,0,0,0,0,0,0,0,0,0,0,0,0,0,0,0,0,0,0,0,0,0,0,0,0,0,0,0,0,0,0,0,0,0,0,0,0,0,0,0,0,0,0,0,0,0,0,0,0,
2026-05-29,09:07:31.960,8.32,100,93,0,-0.138,6.00,25,0.987,82,0,0.021,100,100,0.95,-8.12,0.00,0,55.415800 12.873500,5,2026-05-29 09:07:31,0,0,-1024,0,-429,1,42,-18,321,0,0,-1,-1,-1,-1,-1,1,-1,-1,-1,-1,0,36,8,-1024,0,36,0,0,0,0,0,0,0,298,1024,0,0,0,0,0,0,0,0,0,0,0,0,0,0,0,0,0,0,0,0,0,0,0,0,0,0,0,0,0,0,0,0,0,0,0,0,0,0,0,0,0,0,0,0,0,0,0,0,0,0,
2026-05-29,09:07:32.070,8.32,100,91,0,-0.138,6.00,25,0.999,84,0,0.021,100,100,0.95,-8.12,0.00,0,55.415800 12.873500,5,2026-05-29 09:07:32,0,0,-1024,0,-430,0,42,-19,322,0,0,-1,-1,-1,-1,-1,1,-1,-1,-1,-1,0,36,8,-1024,0,36,0,0,0,0,0,0,0,297,1024,0,0,0,0,0,0,0,0,0,0,0,0,0,0,0,0,0,0,0,0,0,0,0,0,0,0,0,0,0,0,0,0,0,0,0,0,0,0,0,0,0,0,0,0,0,0,0,0,0,0,
2026-05-29,09:07:32.190,8.32,100,93,0,-0.138,6.00,25,0.999,86,0,0.021,100,100,0.97,-8.12,0.00,0,55.415800 12.873500,5,2026-05-29 09:07:32,0,0,-1024,0,-429,0,43,-18,322,0,0,-1,-1,-1,-1,-1,1,-1,-1,-1,-1,0,36,8,-1024,0,36,0,0,0,0,0,0,0,297,1024,0,0,0,0,0,0,0,0,0,0,0,0,0,0,0,0,0,0,0,0,0,0,0,0,0,0,0,0,0,0,0,0,0,0,0,0,0,0,0,0,0,0,0,0,0,0,0,0,0,0,
2026-05-29,09:07:32.310,8.32,100,95,0,-0.139,6.00,25,0.998,86,0,0.023,100,100,0.96,-8.12,0.00,0,55.415800 12.873500,5,2026-05-29 09:07:32,0,0,-1023,0,-429,1,43,-18,322,0,0,-1,-1,-1,-1,-1,1,-1,-1,-1,-1,0,36,8,-1023,0,36,0,0,0,0,0,0,0,298,1024,0,0,0,0,0,0,0,0,0,0,0,0,0,0,0,0,0,0,0,0,0,0,0,0,0,0,0,0,0,0,0,0,0,0,0,0,0,0,0,0,0,0,0,0,0,0,0,0,0,0,
2026-05-29,09:07:32.420,8.32,100,96,0,-0.137,6.00,25,0.998,89,0,0.020,100,100,0.96,-8.12,0.00,0,55.415800 12.873500,5,2026-05-29 09:07:32,0,0,-1023,0,-429,3,43,-19,322,0,0,-1,-1,-1,-1,-1,1,-1,-1,-1,-1,0,36,8,-1023,0,36,0,0,0,0,0,0,0,298,1024,0,0,0,0,0,0,0,0,0,0,0,0,0,0,0,0,0,0,0,0,0,0,0,0,0,0,0,0,0,0,0,0,0,0,0,0,0,0,0,0,0,0,0,0,0,0,0,0,0,0,
2026-05-29,09:07:32.550,8.32,100,97,0,-0.137,6.00,25,0.990,90,0,0.020,100,100,0.96,-8.12,0.00,0,55.415800 12.873500,5,2026-05-29 09:07:32,0,0,-1024,0,-429,0,43,-18,321,0,0,-1,-1,-1,-1,-1,1,-1,-1,-1,-1,0,36,8,-1024,0,36,0,0,0,0,0,0,0,298,1024,0,0,0,0,0,0,0,0,0,0,0,0,0,0,0,0,0,0,0,0,0,0,0,0,0,0,0,0,0,0,0,0,0,0,0,0,0,0,0,0,0,0,0,0,0,0,0,0,0,0,
2026-05-29,09:07:32.680,8.32,100,99,0,-0.139,6.00,25,0.995,88,0,0.021,99,100,0.96,-8.12,0.00,0,55.415800 12.873500,5,2026-05-29 09:07:32,0,0,-1024,0,-429,0,43,-19,322,0,0,-1,-1,-1,-1,-1,1,-1,-1,-1,-1,0,36,8,-1024,0,36,0,0,0,0,0,0,0,298,1024,0,0,0,0,0,0,0,0,0,0,0,0,0,0,0,0,0,0,0,0,0,0,0,0,0,0,0,0,0,0,0,0,0,0,0,0,0,0,0,0,0,0,0,0,0,0,0,0,0,0,
2026-05-29,09:07:32.800,8.32,100,99,0,-0.138,6.00,25,0.994,87,0,0.021,99,100,0.95,-8.12,0.00,0,55.415800 12.873500,5,2026-05-29 09:07:32,0,0,-1023,0,-430,1,43,-18,321,0,0,-1,-1,-1,-1,-1,1,-1,-1,-1,-1,0,36,8,-1023,0,36,0,0,0,0,0,0,0,298,1024,0,0,0,0,0,0,0,0,0,0,0,0,0,0,0,0,0,0,0,0,0,0,0,0,0,0,0,0,0,0,0,0,0,0,0,0,0,0,0,0,0,0,0,0,0,0,0,0,0,0,
2026-05-29,09:07:32.910,8.32,100,99,0,-0.139,6.00,25,0.995,87,0,0.021,99,100,0.95,-8.12,0.00,0,55.415800 12.873500,5,2026-05-29 09:07:32,0,0,-1024,0,-429,0,43,-18,322,0,0,-1,-1,-1,-1,-1,1,-1,-1,-1,-1,0,36,8,-1024,0,36,0,0,0,0,0,0,0,298,1024,0,0,0,0,0,0,0,0,0,0,0,0,0,0,0,0,0,0,0,0,0,0,0,0,0,0,0,0,0,0,0,0,0,0,0,0,0,0,0,0,0,0,0,0,0,0,0,0,0,0,
2026-05-29,09:07:33.030,8.32,100,99,0,-0.139,6.00,25,0.995,88,0,0.020,99,100,0.95,-8.12,0.00,1,55.415800 12.873500,3,2026-05-29 09:07:33,0,0,-1024,0,-429,0,42,-18,322,0,0,-1,-1,-1,-1,-1,1,-1,-1,-1,-1,0,36,8,-1024,0,36,0,0,0,0,0,0,0,298,1024,0,0,0,0,0,0,0,0,0,0,0,0,0,0,0,0,0,0,0,0,0,0,0,0,0,0,0,0,0,0,0,0,0,0,0,0,0,0,0,0,0,0,0,0,0,0,0,0,0,0,
2026-05-29,09:07:33.150,8.31,100,100,0,-0.138,6.00,25,0.993,89,0,0.020,99,100,0.96,-8.12,0.00,1,55.415800 12.873500,3,2026-05-29 09:07:33,0,0,-1024,0,-430,0,42,-19,322,0,0,-1,-1,-1,-1,-1,1,-1,-1,-1,-1,0,36,8,-1024,0,36,0,0,0,0,0,0,0,298,1024,0,0,0,0,0,0,0,0,0,0,0,0,0,0,0,0,0,0,0,0,0,0,0,0,0,0,0,0,0,0,0,0,0,0,0,0,0,0,0,0,0,0,0,0,0,0,0,0,0,0,
2026-05-29,09:07:33.260,8.31,100,100,0,-0.139,6.00,25,0.993,90,0,0.021,99,100,0.96,-8.12,0.00,1,55.415800 12.873500,3,2026-05-29 09:07:33,0,0,-1024,0,-430,0,42,-18,322,0,0,-1,-1,-1,-1,-1,1,-1,-1,-1,-1,0,36,8,-1024,0,36,0,0,0,0,0,0,0,297,1024,0,0,0,0,0,0,0,0,0,0,0,0,0,0,0,0,0,0,0,0,0,0,0,0,0,0,0,0,0,0,0,0,0,0,0,0,0,0,0,0,0,0,0,0,0,0,0,0,0,0,
2026-05-29,09:07:33.380,8.32,100,100,0,-0.139,6.00,25,0.993,89,0,0.021,100,100,0.96,-8.12,0.00,1,55.415800 12.873500,3,2026-05-29 09:07:33,0,0,-1024,0,-430,0,43,-17,322,0,0,-1,-1,-1,-1,-1,1,-1,-1,-1,-1,0,36,8,-1024,0,36,0,0,0,0,0,0,0,297,1024,0,0,0,0,0,0,0,0,0,0,0,0,0,0,0,0,0,0,0,0,0,0,0,0,0,0,0,0,0,0,0,0,0,0,0,0,0,0,0,0,0,0,0,0,0,0,0,0,0,0,
2026-05-29,09:07:33.500,8.32,100,100,0,-0.139,5.97,25,0.989,89,0,0.021,100,100,0.95,-8.12,0.00,1,55.415800 12.873500,3,2026-05-29 09:07:33,0,0,-1024,0,-429,0,42,-19,321,0,0,-1,-1,-1,-1,-1,1,-1,-1,-1,-1,0,36,8,-1024,0,36,0,0,0,0,0,0,0,297,1024,0,0,0,0,0,0,0,0,0,0,0,0,0,0,0,0,0,0,0,0,0,0,0,0,0,0,0,0,0,0,0,0,0,0,0,0,0,0,0,0,0,0,0,0,0,0,0,0,0,0,
2026-05-29,09:07:33.620,8.32,100,100,0,-0.138,5.98,25,0.991,87,0,0.021,100,100,0.95,-8.12,0.00,1,55.415800 12.873500,3,2026-05-29 09:07:33,0,0,-1024,0,-429,1,42,-19,322,0,0,-1,-1,-1,-1,-1,1,-1,-1,-1,-1,0,36,8,-1024,0,36,0,0,0,0,0,0,0,298,1024,0,0,0,0,0,0,0,0,0,0,0,0,0,0,0,0,0,0,0,0,0,0,0,0,0,0,0,0,0,0,0,0,0,0,0,0,0,0,0,0,0,0,0,0,0,0,0,0,0,0,
2026-05-29,09:07:33.740,8.32,100,100,0,-0.138,5.99,25,0.991,88,0,0.021,100,100,0.95,-8.12,0.00,1,55.415800 12.873500,3,2026-05-29 09:07:33,0,0,-1024,0,-430,0,43,-19,322,0,0,-1,-1,-1,-1,-1,1,-1,-1,-1,-1,0,36,8,-1024,0,36,0,0,0,0,0,0,0,297,1024,0,0,0,0,0,0,0,0,0,0,0,0,0,0,0,0,0,0,0,0,0,0,0,0,0,0,0,0,0,0,0,0,0,0,0,0,0,0,0,0,0,0,0,0,0,0,0,0,0,0,
2026-05-29,09:07:33.850,8.32,100,100,0,-0.139,5.99,25,0.995,88,0,0.021,100,100,0.94,-8.12,0.00,1,55.415800 12.873500,3,2026-05-29 09:07:33,0,0,-1023,0,-429,0,43,-18,321,0,0,-1,-1,-1,-1,-1,1,-1,-1,-1,-1,0,36,8,-1023,0,36,0,0,0,0,0,0,0,298,1024,0,0,0,0,0,0,0,0,0,0,0,0,0,0,0,0,0,0,0,0,0,0,0,0,0,0,0,0,0,0,0,0,0,0,0,0,0,0,0,0,0,0,0,0,0,0,0,0,0,0,
2026-05-29,09:07:33.990,8.32,100,100,0,-0.140,5.99,25,0.995,88,0,0.023,100,100,0.96,-8.12,0.00,0,55.415800 12.873500,6,2026-05-29 09:07:34,0,0,-1024,0,-430,0,42,-20,322,0,0,-1,-1,-1,-1,-1,1,-1,-1,-1,-1,0,36,8,-1024,0,36,0,0,0,0,0,0,0,297,1024,0,0,0,0,0,0,0,0,0,0,0,0,0,0,0,0,0,0,0,0,0,0,0,0,0,0,0,0,0,0,0,0,0,0,0,0,0,0,0,0,0,0,0,0,0,0,0,0,0,0,
2026-05-29,09:07:34.110,8.32,100,100,0,-0.138,6.00,25,0.985,88,0,0.022,100,100,0.96,-8.11,0.00,0,55.415800 12.873500,6,2026-05-29 09:07:34,0,0,-1024,0,-430,0,43,-18,322,0,0,-1,-1,-1,-1,-1,1,-1,-1,-1,-1,0,36,8,-1024,0,36,0,0,0,0,0,0,0,297,1024,0,0,0,0,0,0,0,0,0,0,0,0,0,0,0,0,0,0,0,0,0,0,0,0,0,0,0,0,0,0,0,0,0,0,0,0,0,0,0,0,0,0,0,0,0,0,0,0,0,0,
2026-05-29,09:07:34.220,8.32,100,100,0,-0.138,6.00,25,0.985,88,0,0.022,100,100,0.96,-8.11,0.00,0,55.415800 12.873500,6,2026-05-29 09:07:34,0,0,-1024,0,-430,2,44,-18,322,0,0,-1,-1,-1,-1,-1,1,-1,-1,-1,-1,0,36,8,-1024,0,36,0,0,0,0,0,0,0,298,1024,0,0,0,0,0,0,0,0,0,0,0,0,0,0,0,0,0,0,0,0,0,0,0,0,0,0,0,0,0,0,0,0,0,0,0,0,0,0,0,0,0,0,0,0,0,0,0,0,0,0,
2026-05-29,09:07:34.340,8.32,100,100,0,-0.138,6.00,25,0.994,89,0,0.022,100,100,0.96,-8.11,0.00,0,55.415800 12.873500,6,2026-05-29 09:07:34,0,0,-1024,0,-430,1,43,-19,322,0,0,-1,-1,-1,-1,-1,1,-1,-1,-1,-1,0,36,8,-1024,0,36,0,0,0,0,0,0,0,297,1024,0,0,0,0,0,0,0,0,0,0,0,0,0,0,0,0,0,0,0,0,0,0,0,0,0,0,0,0,0,0,0,0,0,0,0,0,0,0,0,0,0,0,0,0,0,0,0,0,0,0,
2026-05-29,09:07:34.460,8.32,100,100,0,-0.138,6.00,25,0.993,89,0,0.021,100,100,0.95,-8.11,0.00,0,55.415800 12.873500,6,2026-05-29 09:07:34,0,0,-1024,0,-429,0,43,-19,322,0,0,-1,-1,-1,-1,-1,1,-1,-1,-1,-1,0,36,8,-1024,0,36,0,0,0,0,0,0,0,298,1024,0,0,0,0,0,0,0,0,0,0,0,0,0,0,0,0,0,0,0,0,0,0,0,0,0,0,0,0,0,0,0,0,0,0,0,0,0,0,0,0,0,0,0,0,0,0,0,0,0,0,
2026-05-29,09:07:34.580,8.32,100,100,0,-0.138,6.00,25,0.993,88,0,0.021,100,100,0.95,-8.11,0.00,0,55.415800 12.873500,6,2026-05-29 09:07:34,0,0,-1024,0,-429,0,43,-20,322,0,0,-1,-1,-1,-1,-1,1,-1,-1,-1,-1,0,36,8,-1024,0,36,0,0,0,0,0,0,0,298,1024,0,0,0,0,0,0,0,0,0,0,0,0,0,0,0,0,0,0,0,0,0,0,0,0,0,0,0,0,0,0,0,0,0,0,0,0,0,0,0,0,0,0,0,0,0,0,0,0,0,0,
2026-05-29,09:07:34.700,8.32,100,100,0,-0.138,6.00,25,0.992,88,0,0.021,100,100,0.94,-8.12,0.00,0,55.415800 12.873500,6,2026-05-29 09:07:34,0,0,-1024,0,-430,0,43,-19,322,0,0,-1,-1,-1,-1,-1,1,-1,-1,-1,-1,0,36,8,-1023,0,36,0,0,0,0,0,0,0,297,1024,0,0,0,0,0,0,0,0,0,0,0,0,0,0,0,0,0,0,0,0,0,0,0,0,0,0,0,0,0,0,0,0,0,0,0,0,0,0,0,0,0,0,0,0,0,0,0,0,0,0,
2026-05-29,09:07:34.810,8.32,100,100,0,-0.139,6.00,25,0.999,88,0,0.023,100,100,0.96,-8.12,0.00,0,55.415800 12.873500,6,2026-05-29 09:07:34,0,0,-1024,0,-430,0,43,-17,321,0,0,-1,-1,-1,-1,-1,1,-1,-1,-1,-1,0,36,8,-1024,0,36,0,0,0,0,0,0,0,297,1024,0,0,0,0,0,0,0,0,0,0,0,0,0,0,0,0,0,0,0,0,0,0,0,0,0,0,0,0,0,0,0,0,0,0,0,0,0,0,0,0,0,0,0,0,0,0,0,0,0,0,
2026-05-29,09:07:34.950,8.33,100,100,0,-0.139,6.00,25,0.991,88,0,0.022,100,100,0.96,-8.12,0.00,0,55.415800 12.873500,1,2026-05-29 09:07:34,0,0,-1024,0,-430,0,43,-18,322,0,0,-1,-1,-1,-1,-1,1,-1,-1,-1,-1,0,36,8,-1024,0,36,0,0,0,0,0,0,0,297,1024,0,0,0,0,0,0,0,0,0,0,0,0,0,0,0,0,0,0,0,0,0,0,0,0,0,0,0,0,0,0,0,0,0,0,0,0,0,0,0,0,0,0,0,0,0,0,0,0,0,0,
2026-05-29,09:07:35.070,8.33,100,100,0,-0.139,6.00,25,0.991,87,0,0.022,100,100,0.95,-8.12,0.00,0,55.415800 12.873500,1,2026-05-29 09:07:35,0,0,-1024,0,-430,0,43,-19,322,0,0,-1,-1,-1,-1,-1,1,-1,-1,-1,-1,0,36,8,-1024,0,36,0,0,0,0,0,0,0,297,1024,0,0,0,0,0,0,0,0,0,0,0,0,0,0,0,0,0,0,0,0,0,0,0,0,0,0,0,0,0,0,0,0,0,0,0,0,0,0,0,0,0,0,0,0,0,0,0,0,0,0,
2026-05-29,09:07:35.180,8.32,100,100,0,-0.138,6.00,25,0.993,88,0,0.022,100,100,0.96,-8.12,0.00,0,55.415800 12.873500,1,2026-05-29 09:07:35,0,0,-1024,0,-430,0,43,-4,322,0,0,-1,-1,-1,-1,-1,1,-1,-1,-1,-1,0,36,8,-1024,0,36,0,0,0,0,0,0,0,297,1024,0,0,0,0,0,0,0,0,0,0,0,0,0,0,0,0,0,0,0,0,0,0,0,0,0,0,0,0,0,0,0,0,0,0,0,0,0,0,0,0,0,0,0,0,0,0,0,0,0,0,
2026-05-29,09:07:35.300,8.33,100,100,0,-0.137,6.00,25,1.002,87,0,0.023,100,100,0.95,-8.12,0.00,0,55.415800 12.873500,1,2026-05-29 09:07:35,0,0,-1024,0,-429,0,43,-18,322,0,0,-1,-1,-1,-1,-1,1,-1,-1,-1,-1,0,36,8,-1024,0,36,0,0,0,0,0,0,0,297,1024,0,0,0,0,0,0,0,0,0,0,0,0,0,0,0,0,0,0,0,0,0,0,0,0,0,0,0,0,0,0,0,0,0,0,0,0,0,0,0,0,0,0,0,0,0,0,0,0,0,0,
2026-05-29,09:07:35.420,8.33,100,100,0,-0.137,6.00,25,1.002,87,0,0.023,100,100,0.95,-8.12,0.00,0,55.415800 12.873500,1,2026-05-29 09:07:35,0,0,-1023,0,-429,1,43,-20,322,0,0,-1,-1,-1,-1,-1,1,-1,-1,-1,-1,0,36,8,-1023,0,36,0,0,0,0,0,0,0,298,1024,0,0,0,0,0,0,0,0,0,0,0,0,0,0,0,0,0,0,0,0,0,0,0,0,0,0,0,0,0,0,0,0,0,0,0,0,0,0,0,0,0,0,0,0,0,0,0,0,0,0,
2026-05-29,09:07:35.530,8.32,100,100,0,-0.139,6.00,25,0.992,87,0,0.022,100,100,0.94,-8.12,0.00,0,55.415800 12.873500,1,2026-05-29 09:07:35,0,0,-1024,0,-429,0,42,-19,321,0,0,-1,-1,-1,-1,-1,1,-1,-1,-1,-1,0,36,8,-1024,0,36,0,0,0,0,0,0,0,298,1024,0,0,0,0,0,0,0,0,0,0,0,0,0,0,0,0,0,0,0,0,0,0,0,0,0,0,0,0,0,0,0,0,0,0,0,0,0,0,0,0,0,0,0,0,0,0,0,0,0,0,
2026-05-29,09:07:35.640,8.32,100,100,0,-0.137,6.00,25,0.999,87,0,0.019,100,100,0.93,-8.12,0.00,0,55.415800 12.873500,1,2026-05-29 09:07:35,0,0,-1023,0,-429,1,43,-19,322,0,0,-1,-1,-1,-1,-1,1,-1,-1,-1,-1,0,36,8,-1023,0,36,0,0,0,0,0,0,0,298,1024,0,0,0,0,0,0,0,0,0,0,0,0,0,0,0,0,0,0,0,0,0,0,0,0,0,0,0,0,0,0,0,0,0,0,0,0,0,0,0,0,0,0,0,0,0,0,0,0,0,0,
2026-05-29,09:07:35.750,8.32,100,100,0,-0.137,6.00,25,0.999,87,0,0.019,100,100,0.93,-8.12,0.00,0,55.415800 12.873500,1,2026-05-29 09:07:35,0,0,-1024,0,-430,0,43,-19,322,0,0,-1,-1,-1,-1,-1,1,-1,-1,-1,-1,0,36,8,-1024,0,36,0,0,0,0,0,0,0,297,1024,0,0,0,0,0,0,0,0,0,0,0,0,0,0,0,0,0,0,0,0,0,0,0,0,0,0,0,0,0,0,0,0,0,0,0,0,0,0,0,0,0,0,0,0,0,0,0,0,0,0,
2026-05-29,09:07:35.870,8.32,100,100,0,-0.138,6.00,25,0.990,88,0,0.019,100,100,0.94,-8.12,0.00,0,55.415800 12.873500,1,2026-05-29 09:07:35,0,0,-1024,0,-429,0,43,-18,322,0,0,-1,-1,-1,-1,-1,1,-1,-1,-1,-1,0,36,8,-1024,0,36,0,0,0,0,0,0,0,298,1024,0,0,0,0,0,0,0,0,0,0,0,0,0,0,0,0,0,0,0,0,0,0,0,0,0,0,0,0,0,0,0,0,0,0,0,0,0,0,0,0,0,0,0,0,0,0,0,0,0,0,
2026-05-29,09:07:36.000,8.32,100,100,0,-0.138,6.00,25,0.991,88,0,0.018,100,100,0.95,-8.12,0.00,0,55.415800 12.873500,1,2026-05-29 09:07:36,0,0,-1024,0,-430,0,44,-18,322,0,0,-1,-1,-1,-1,-1,1,-1,-1,-1,-1,0,36,8,-1024,0,36,0,0,0,0,0,0,0,298,1024,0,0,0,0,0,0,0,0,0,0,0,0,0,0,0,0,0,0,0,0,0,0,0,0,0,0,0,0,0,0,0,0,0,0,0,0,0,0,0,0,0,0,0,0,0,0,0,0,0,0,
2026-05-29,09:07:36.120,8.32,100,100,0,-0.139,5.95,25,0.991,88,0,0.020,100,100,0.95,-8.12,0.00,0,55.415800 12.873500,1,2026-05-29 09:07:36,0,0,-1024,0,-429,0,42,-18,322,0,0,-1,-1,-1,-1,-1,1,-1,-1,-1,-1,0,36,8,-1024,0,36,0,0,0,0,0,0,0,298,1024,0,0,0,0,0,0,0,0,0,0,0,0,0,0,0,0,0,0,0,0,0,0,0,0,0,0,0,0,0,0,0,0,0,0,0,0,0,0,0,0,0,0,0,0,0,0,0,0,0,0,
2026-05-29,09:07:36.240,8.32,100,100,0,-0.139,5.97,25,0.998,88,0,0.020,100,100,0.95,-8.12,0.00,0,55.415800 12.873500,1,2026-05-29 09:07:36,0,0,-1024,0,-430,0,42,-18,321,0,0,-1,-1,-1,-1,-1,1,-1,-1,-1,-1,0,36,8,-1024,0,36,0,0,0,0,0,0,0,297,1024,0,0,0,0,0,0,0,0,0,0,0,0,0,0,0,0,0,0,0,0,0,0,0,0,0,0,0,0,0,0,0,0,0,0,0,0,0,0,0,0,0,0,0,0,0,0,0,0,0,0,
2026-05-29,09:07:36.350,8.32,100,100,0,-0.138,5.97,25,0.993,88,0,0.020,100,100,0.96,-8.12,0.00,0,55.415800 12.873500,1,2026-05-29 09:07:36,0,0,-1023,0,-430,1,43,-20,322,0,0,-1,-1,-1,-1,-1,1,-1,-1,-1,-1,0,36,8,-1024,0,36,0,0,0,0,0,0,0,297,1024,0,0,0,0,0,0,0,0,0,0,0,0,0,0,0,0,0,0,0,0,0,0,0,0,0,0,0,0,0,0,0,0,0,0,0,0,0,0,0,0,0,0,0,0,0,0,0,0,0,0,
2026-05-29,09:07:36.470,8.32,100,100,0,-0.138,5.98,25,0.993,88,0,0.020,100,100,0.96,-8.12,0.00,0,55.415800 12.873500,1,2026-05-29 09:07:36,0,0,-1024,0,-430,0,44,-19,322,0,0,-1,-1,-1,-1,-1,1,-1,-1,-1,-1,0,36,8,-1024,0,36,0,0,0,0,0,0,0,297,1024,0,0,0,0,0,0,0,0,0,0,0,0,0,0,0,0,0,0,0,0,0,0,0,0,0,0,0,0,0,0,0,0,0,0,0,0,0,0,0,0,0,0,0,0,0,0,0,0,0,0,
2026-05-29,09:07:36.590,8.32,100,100,0,-0.138,5.99,25,0.993,88,0,0.020,100,100,0.96,-8.12,0.00,0,55.415800 12.873500,1,2026-05-29 09:07:36,0,0,-1024,0,-430,0,43,-19,322,0,0,-1,-1,-1,-1,-1,1,-1,-1,-1,-1,0,36,8,-1024,0,36,0,0,0,0,0,0,0,297,1024,0,0,0,0,0,0,0,0,0,0,0,0,0,0,0,0,0,0,0,0,0,0,0,0,0,0,0,0,0,0,0,0,0,0,0,0,0,0,0,0,0,0,0,0,0,0,0,0,0,0,
2026-05-29,09:07:36.710,8.32,100,100,0,-0.139,5.99,25,0.994,88,0,0.021,100,100,0.96,-8.12,0.00,0,55.415800 12.873500,1,2026-05-29 09:07:36,0,0,-1024,0,-429,0,43,-18,322,0,0,-1,-1,-1,-1,-1,1,-1,-1,-1,-1,0,36,8,-1024,0,36,0,0,0,0,0,0,0,298,1024,0,0,0,0,0,0,0,0,0,0,0,0,0,0,0,0,0,0,0,0,0,0,0,0,0,0,0,0,0,0,0,0,0,0,0,0,0,0,0,0,0,0,0,0,0,0,0,0,0,0,
2026-05-29,09:07:36.830,8.32,100,100,0,-0.138,5.99,25,0.994,90,0,0.022,100,100,0.95,-8.12,0.00,0,55.415800 12.873500,1,2026-05-29 09:07:36,0,0,-1024,0,-430,1,43,-19,322,0,0,-1,-1,-1,-1,-1,1,-1,-1,-1,-1,0,36,8,-1024,0,36,0,0,0,0,0,0,0,297,1024,0,0,0,0,0,0,0,0,0,0,0,0,0,0,0,0,0,0,0,0,0,0,0,0,0,0,0,0,0,0,0,0,0,0,0,0,0,0,0,0,0,0,0,0,0,0,0,0,0,0,
2026-05-29,09:07:36.960,8.32,100,100,0,-0.138,6.00,25,0.994,90,0,0.022,100,100,0.95,-8.12,0.00,0,55.415800 12.873500,4,2026-05-29 09:07:36,0,0,-1023,0,-430,0,43,-19,322,0,0,-1,-1,-1,-1,-1,1,-1,-1,-1,-1,0,36,8,-1023,0,36,0,0,0,0,0,0,0,297,1024,0,0,0,0,0,0,0,0,0,0,0,0,0,0,0,0,0,0,0,0,0,0,0,0,0,0,0,0,0,0,0,0,0,0,0,0,0,0,0,0,0,0,0,0,0,0,0,0,0,0,
2026-05-29,09:07:37.070,8.32,100,100,0,-0.138,6.00,25,0.993,90,0,0.021,100,100,0.95,-8.12,0.00,0,55.415800 12.873500,4,2026-05-29 09:07:37,0,0,-1024,0,-430,0,43,-18,322,0,0,-1,-1,-1,-1,-1,1,-1,-1,-1,-1,0,36,8,-1024,0,36,0,0,0,0,0,0,0,297,1024,0,0,0,0,0,0,0,0,0,0,0,0,0,0,0,0,0,0,0,0,0,0,0,0,0,0,0,0,0,0,0,0,0,0,0,0,0,0,0,0,0,0,0,0,0,0,0,0,0,0,
2026-05-29,09:07:37.180,8.32,100,100,0,-0.138,6.00,25,0.993,90,0,0.023,100,100,0.96,-8.12,0.00,0,55.415800 12.873500,4,2026-05-29 09:07:37,0,0,-1024,0,-430,0,42,-18,322,0,0,-1,-1,-1,-1,-1,1,-1,-1,-1,-1,0,36,8,-1024,0,36,0,0,0,0,0,0,0,297,1024,0,0,0,0,0,0,0,0,0,0,0,0,0,0,0,0,0,0,0,0,0,0,0,0,0,0,0,0,0,0,0,0,0,0,0,0,0,0,0,0,0,0,0,0,0,0,0,0,0,0,
2026-05-29,09:07:37.300,8.32,100,100,0,-0.137,5.97,25,0.993,90,0,0.023,100,100,0.96,-8.12,0.00,0,55.415800 12.873500,4,2026-05-29 09:07:37,0,0,-1023,0,-430,0,43,-18,322,0,0,-1,-1,-1,-1,-1,1,-1,-1,-1,-1,0,36,8,-1023,0,36,0,0,0,0,0,0,0,297,1024,0,0,0,0,0,0,0,0,0,0,0,0,0,0,0,0,0,0,0,0,0,0,0,0,0,0,0,0,0,0,0,0,0,0,0,0,0,0,0,0,0,0,0,0,0,0,0,0,0,0,
2026-05-29,09:07:37.420,8.32,100,100,0,-0.137,5.98,25,0.992,89,0,0.021,100,100,0.95,-8.12,0.00,0,55.415800 12.873500,4,2026-05-29 09:07:37,0,0,-1024,0,-429,0,42,-18,322,0,0,-1,-1,-1,-1,-1,1,-1,-1,-1,-1,0,36,8,-1024,0,36,0,0,0,0,0,0,0,298,1024,0,0,0,0,0,0,0,0,0,0,0,0,0,0,0,0,0,0,0,0,0,0,0,0,0,0,0,0,0,0,0,0,0,0,0,0,0,0,0,0,0,0,0,0,0,0,0,0,0,0,
2026-05-29,09:07:37.530,8.32,100,100,0,-0.138,5.98,25,0.995,88,0,0.022,100,100,0.95,-8.12,0.00,0,55.415800 12.873500,4,2026-05-29 09:07:37,0,0,-1024,0,-429,0,43,-18,321,0,0,-1,-1,-1,-1,-1,1,-1,-1,-1,-1,0,36,8,-1024,0,36,0,0,0,0,0,0,0,298,1024,0,0,0,0,0,0,0,0,0,0,0,0,0,0,0,0,0,0,0,0,0,0,0,0,0,0,0,0,0,0,0,0,0,0,0,0,0,0,0,0,0,0,0,0,0,0,0,0,0,0,
2026-05-29,09:07:37.660,8.32,100,100,0,-0.138,5.96,25,0.993,87,0,0.021,100,100,0.95,-8.12,0.00,0,55.415800 12.873500,4,2026-05-29 09:07:37,0,0,-1024,0,-429,1,42,-20,322,0,0,-1,-1,-1,-1,-1,1,-1,-1,-1,-1,0,36,8,-1024,0,36,0,0,0,0,0,0,0,298,1024,0,0,0,0,0,0,0,0,0,0,0,0,0,0,0,0,0,0,0,0,0,0,0,0,0,0,0,0,0,0,0,0,0,0,0,0,0,0,0,0,0,0,0,0,0,0,0,0,0,0,
2026-05-29,09:07:37.780,8.32,100,100,0,-0.138,5.98,25,0.993,87,0,0.021,100,100,0.95,-8.12,0.00,0,55.415800 12.873500,4,2026-05-29 09:07:37,0,0,-1023,0,-430,0,44,-20,322,0,0,-1,-1,-1,-1,-1,1,-1,-1,-1,-1,0,36,8,-1023,0,36,0,0,0,0,0,0,0,297,1024,0,0,0,0,0,0,0,0,0,0,0,0,0,0,0,0,0,0,0,0,0,0,0,0,0,0,0,0,0,0,0,0,0,0,0,0,0,0,0,0,0,0,0,0,0,0,0,0,0,0,
2026-05-29,09:07:37.890,8.32,100,100,0,-0.139,5.99,25,0.993,87,0,0.022,100,100,0.95,-8.12,0.00,0,55.415800 12.873500,4,2026-05-29 09:07:37,0,0,-1024,0,-430,0,42,-17,321,0,0,-1,-1,-1,-1,-1,1,-1,-1,-1,-1,0,36,8,-1024,0,36,0,0,0,0,0,0,0,297,1024,0,0,0,0,0,0,0,0,0,0,0,0,0,0,0,0,0,0,0,0,0,0,0,0,0,0,0,0,0,0,0,0,0,0,0,0,0,0,0,0,0,0,0,0,0,0,0,0,0,0,
2026-05-29,09:07:38.020,8.32,100,100,0,-0.137,5.96,25,0.999,86,0,0.021,100,100,0.97,-8.13,0.00,0,55.415800 12.873500,1,2026-05-29 09:07:38,0,0,-1024,0,-430,1,43,-20,322,0,0,-1,-1,-1,-1,-1,1,-1,-1,-1,-1,0,36,8,-1024,0,36,0,0,0,0,0,0,0,297,1024,0,0,0,0,0,0,0,0,0,0,0,0,0,0,0,0,0,0,0,0,0,0,0,0,0,0,0,0,0,0,0,0,0,0,0,0,0,0,0,0,0,0,0,0,0,0,0,0,0,0,
2026-05-29,09:07:38.140,8.32,100,100,0,-0.137,5.97,25,0.999,85,0,0.021,100,100,0.97,-8.13,0.00,0,55.415800 12.873500,1,2026-05-29 09:07:38,0,0,-1023,0,-429,1,43,-18,322,0,0,-1,-1,-1,-1,-1,1,-1,-1,-1,-1,0,36,8,-1023,0,36,0,0,0,0,0,0,0,298,1024,0,0,0,0,0,0,0,0,0,0,0,0,0,0,0,0,0,0,0,0,0,0,0,0,0,0,0,0,0,0,0,0,0,0,0,0,0,0,0,0,0,0,0,0,0,0,0,0,0,0,
2026-05-29,09:07:38.250,8.32,100,100,0,-0.139,5.96,25,0.983,85,0,0.021,100,100,0.97,-8.13,0.00,0,55.415800 12.873500,1,2026-05-29 09:07:38,0,0,-1024,0,-430,2,43,-18,322,0,0,-1,-1,-1,-1,-1,1,-1,-1,-1,-1,0,36,8,-1024,0,36,0,0,0,0,0,0,0,297,1024,0,0,0,0,0,0,0,0,0,0,0,0,0,0,0,0,0,0,0,0,0,0,0,0,0,0,0,0,0,0,0,0,0,0,0,0,0,0,0,0,0,0,0,0,0,0,0,0,0,0,
2026-05-29,09:07:38.370,8.32,100,100,0,-0.138,5.97,25,0.993,85,0,0.022,100,100,0.96,-8.13,0.00,0,55.415800 12.873500,1,2026-05-29 09:07:38,0,0,-1024,0,-429,0,43,-19,322,0,0,-1,-1,-1,-1,-1,1,-1,-1,-1,-1,0,36,8,-1024,0,36,0,0,0,0,0,0,0,298,1024,0,0,0,0,0,0,0,0,0,0,0,0,0,0,0,0,0,0,0,0,0,0,0,0,0,0,0,0,0,0,0,0,0,0,0,0,0,0,0,0,0,0,0,0,0,0,0,0,0,0,
2026-05-29,09:07:38.490,8.32,100,100,0,-0.139,5.98,25,0.993,86,0,0.022,100,100,0.96,-8.13,0.00,0,55.415800 12.873500,1,2026-05-29 09:07:38,0,0,-1024,0,-430,0,42,-21,322,0,0,-1,-1,-1,-1,-1,1,-1,-1,-1,-1,0,36,8,-1024,0,36,0,0,0,0,0,0,0,297,1024,0,0,0,0,0,0,0,0,0,0,0,0,0,0,0,0,0,0,0,0,0,0,0,0,0,0,0,0,0,0,0,0,0,0,0,0,0,0,0,0,0,0,0,0,0,0,0,0,0,0,
2026-05-29,09:07:38.610,8.32,100,100,0,-0.139,5.99,25,0.993,87,0,0.022,100,100,0.97,-8.12,0.00,0,55.415800 12.873500,1,2026-05-29 09:07:38,0,0,-1024,0,-429,0,43,-18,322,0,0,-1,-1,-1,-1,-1,1,-1,-1,-1,-1,0,36,8,-1024,0,36,0,0,0,0,0,0,0,298,1024,0,0,0,0,0,0,0,0,0,0,0,0,0,0,0,0,0,0,0,0,0,0,0,0,0,0,0,0,0,0,0,0,0,0,0,0,0,0,0,0,0,0,0,0,0,0,0,0,0,0,
2026-05-29,09:07:38.730,8.32,100,100,0,-0.138,5.96,25,0.996,87,0,0.022,100,100,0.96,-8.12,0.00,0,55.415800 12.873500,1,2026-05-29 09:07:38,0,0,-1024,0,-430,0,42,-20,322,0,0,-1,-1,-1,-1,-1,1,-1,-1,-1,-1,0,36,8,-1024,0,36,0,0,0,0,0,0,0,297,1024,0,0,0,0,0,0,0,0,0,0,0,0,0,0,0,0,0,0,0,0,0,0,0,0,0,0,0,0,0,0,0,0,0,0,0,0,0,0,0,0,0,0,0,0,0,0,0,0,0,0,
2026-05-29,09:07:38.850,8.32,100,100,0,-0.139,5.97,25,0.989,87,0,0.023,100,100,0.97,-8.12,0.00,0,55.415800 12.873500,1,2026-05-29 09:07:38,0,0,-1023,0,-430,2,43,-18,322,0,0,-1,-1,-1,-1,-1,1,-1,-1,-1,-1,0,36,8,-1023,0,36,0,0,0,0,0,0,0,297,1024,0,0,0,0,0,0,0,0,0,0,0,0,0,0,0,0,0,0,0,0,0,0,0,0,0,0,0,0,0,0,0,0,0,0,0,0,0,0,0,0,0,0,0,0,0,0,0,0,0,0,
2026-05-29,09:07:38.990,8.32,100,100,0,-0.139,5.99,25,0.989,90,0,0.022,100,100,0.97,-8.12,0.00,0,55.415800 12.873500,3,2026-05-29 09:07:39,0,0,-1024,0,-430,2,43,-18,322,0,0,-1,-1,-1,-1,-1,1,-1,-1,-1,-1,0,36,8,-1024,0,36,0,0,0,0,0,0,0,297,1024,0,0,0,0,0,0,0,0,0,0,0,0,0,0,0,0,0,0,0,0,0,0,0,0,0,0,0,0,0,0,0,0,0,0,0,0,0,0,0,0,0,0,0,0,0,0,0,0,0,0,
2026-05-29,09:07:39.100,8.32,100,100,0,-0.139,5.96,25,0.995,92,0,0.022,100,100,0.96,-8.12,0.00,0,55.415800 12.873500,3,2026-05-29 09:07:39,0,0,-1024,0,-430,3,43,-18,322,0,0,-1,-1,-1,-1,-1,1,-1,-1,-1,-1,0,36,8,-1024,0,36,0,0,0,0,0,0,0,297,1024,0,0,0,0,0,0,0,0,0,0,0,0,0,0,0,0,0,0,0,0,0,0,0,0,0,0,0,0,0,0,0,0,0,0,0,0,0,0,0,0,0,0,0,0,0,0,0,0,0,0,
2026-05-29,09:07:39.220,8.32,100,100,0,-0.138,5.97,25,0.986,92,0,0.022,100,100,0.95,-8.12,0.00,0,55.415800 12.873500,3,2026-05-29 09:07:39,0,0,-1024,0,-429,1,42,-18,322,0,0,-1,-1,-1,-1,-1,1,-1,-1,-1,-1,0,36,8,-1024,0,36,0,0,0,0,0,0,0,298,1024,0,0,0,0,0,0,0,0,0,0,0,0,0,0,0,0,0,0,0,0,0,0,0,0,0,0,0,0,0,0,0,0,0,0,0,0,0,0,0,0,0,0,0,0,0,0,0,0,0,0,
2026-05-29,09:07:39.330,8.32,100,100,0,-0.138,5.96,25,0.986,92,0,0.022,100,100,0.95,-8.12,0.00,0,55.415800 12.873500,3,2026-05-29 09:07:39,0,0,-1024,0,-430,1,42,-19,322,0,0,-1,-1,-1,-1,-1,1,-1,-1,-1,-1,0,36,8,-1024,0,36,0,0,0,0,0,0,0,297,1024,0,0,0,0,0,0,0,0,0,0,0,0,0,0,0,0,0,0,0,0,0,0,0,0,0,0,0,0,0,0,0,0,0,0,0,0,0,0,0,0,0,0,0,0,0,0,0,0,0,0,
2026-05-29,09:07:39.440,8.32,100,100,0,-0.138,5.97,25,0.995,90,0,0.021,100,100,0.96,-8.12,0.00,0,55.415800 12.873500,3,2026-05-29 09:07:39,0,0,-1023,0,-430,2,43,-17,321,0,0,-1,-1,-1,-1,-1,1,-1,-1,-1,-1,0,36,8,-1023,0,36,0,0,0,0,0,0,0,297,1024,0,0,0,0,0,0,0,0,0,0,0,0,0,0,0,0,0,0,0,0,0,0,0,0,0,0,0,0,0,0,0,0,0,0,0,0,0,0,0,0,0,0,0,0,0,0,0,0,0,0,
2026-05-29,09:07:39.560,8.32,100,100,0,-0.139,5.98,25,0.995,90,0,0.021,100,100,0.96,-8.12,0.00,0,55.415800 12.873500,3,2026-05-29 09:07:39,0,0,-1024,0,-430,1,42,-18,322,0,0,-1,-1,-1,-1,-1,1,-1,-1,-1,-1,0,36,8,-1024,0,36,0,0,0,0,0,0,0,297,1024,0,0,0,0,0,0,0,0,0,0,0,0,0,0,0,0,0,0,0,0,0,0,0,0,0,0,0,0,0,0,0,0,0,0,0,0,0,0,0,0,0,0,0,0,0,0,0,0,0,0,
2026-05-29,09:07:39.700,8.32,100,100,0,-0.138,5.99,25,0.992,92,0,0.021,100,100,0.96,-8.12,0.00,0,55.415800 12.873500,3,2026-05-29 09:07:39,0,0,-1024,0,-429,0,42,-21,322,0,0,-1,-1,-1,-1,-1,1,-1,-1,-1,-1,0,36,8,-1024,0,36,0,0,0,0,0,0,0,298,1024,0,0,0,0,0,0,0,0,0,0,0,0,0,0,0,0,0,0,0,0,0,0,0,0,0,0,0,0,0,0,0,0,0,0,0,0,0,0,0,0,0,0,0,0,0,0,0,0,0,0,
2026-05-29,09:07:39.820,8.32,100,100,0,-0.138,5.99,25,0.992,93,0,0.021,100,100,0.96,-8.12,0.00,0,55.415800 12.873500,3,2026-05-29 09:07:39,0,0,-1023,0,-430,0,43,-18,322,0,0,-1,-1,-1,-1,-1,1,-1,-1,-1,-1,0,36,8,-1023,0,36,0,0,0,0,0,0,0,297,1024,0,0,0,0,0,0,0,0,0,0,0,0,0,0,0,0,0,0,0,0,0,0,0,0,0,0,0,0,0,0,0,0,0,0,0,0,0,0,0,0,0,0,0,0,0,0,0,0,0,0,
2026-05-29,09:07:39.960,8.32,100,100,0,-0.138,5.97,25,0.995,93,0,0.021,100,100,0.95,-8.12,0.00,0,55.415800 12.873500,1,2026-05-29 09:07:40,0,0,-1024,0,-429,0,43,-18,322,0,0,-1,-1,-1,-1,-1,1,-1,-1,-1,-1,0,36,8,-1024,0,36,0,0,0,0,0,0,0,298,1024,0,0,0,0,0,0,0,0,0,0,0,0,0,0,0,0,0,0,0,0,0,0,0,0,0,0,0,0,0,0,0,0,0,0,0,0,0,0,0,0,0,0,0,0,0,0,0,0,0,0,
2026-05-29,09:07:40.080,8.32,100,100,0,-0.137,5.98,25,0.996,94,0,0.021,100,100,0.96,-8.12,0.00,0,55.415800 12.873500,1,2026-05-29 09:07:40,0,0,-1024,0,-430,1,43,-8,322,0,0,-1,-1,-1,-1,-1,1,-1,-1,-1,-1,0,36,8,-1024,0,36,0,0,0,0,0,0,0,298,1024,0,0,0,0,0,0,0,0,0,0,0,0,0,0,0,0,0,0,0,0,0,0,0,0,0,0,0,0,0,0,0,0,0,0,0,0,0,0,0,0,0,0,0,0,0,0,0,0,0,0,
2026-05-29,09:07:40.190,8.32,100,100,0,-0.138,5.99,25,0.993,94,0,0.021,100,100,0.96,-8.12,0.00,0,55.415800 12.873500,1,2026-05-29 09:07:40,0,0,-1024,0,-429,0,42,-19,322,0,0,-1,-1,-1,-1,-1,1,-1,-1,-1,-1,0,36,8,-1024,0,36,0,0,0,0,0,0,0,298,1024,0,0,0,0,0,0,0,0,0,0,0,0,0,0,0,0,0,0,0,0,0,0,0,0,0,0,0,0,0,0,0,0,0,0,0,0,0,0,0,0,0,0,0,0,0,0,0,0,0,0,
2026-05-29,09:07:40.310,8.32,100,100,0,-0.138,5.99,25,0.993,93,0,0.021,100,100,0.97,-8.12,0.00,0,55.415800 12.873500,1,2026-05-29 09:07:40,0,0,-1023,0,-429,1,43,-9,322,0,0,-1,-1,-1,-1,-1,1,-1,-1,-1,-1,0,36,8,-1023,0,36,0,0,0,0,0,0,0,298,1024,0,0,0,0,0,0,0,0,0,0,0,0,0,0,0,0,0,0,0,0,0,0,0,0,0,0,0,0,0,0,0,0,0,0,0,0,0,0,0,0,0,0,0,0,0,0,0,0,0,0,
2026-05-29,09:07:40.430,8.32,100,100,0,-0.137,5.99,25,0.996,93,0,0.020,100,100,0.96,-8.12,0.00,0,55.415800 12.873500,1,2026-05-29 09:07:40,0,0,-1023,0,-429,0,43,-18,322,0,0,-1,-1,-1,-1,-1,1,-1,-1,-1,-1,0,36,8,-1023,0,36,0,0,0,0,0,0,0,297,1024,0,0,0,0,0,0,0,0,0,0,0,0,0,0,0,0,0,0,0,0,0,0,0,0,0,0,0,0,0,0,0,0,0,0,0,0,0,0,0,0,0,0,0,0,0,0,0,0,0,0,
2026-05-29,09:07:40.540,8.32,100,100,0,-0.137,6.00,25,0.992,93,0,0.022,100,100,0.97,-8.12,0.00,0,55.415800 12.873500,1,2026-05-29 09:07:40,0,0,-1024,0,-430,0,43,-17,322,0,0,-1,-1,-1,-1,-1,1,-1,-1,-1,-1,0,36,8,-1024,0,36,0,0,0,0,0,0,0,297,1024,0,0,0,0,0,0,0,0,0,0,0,0,0,0,0,0,0,0,0,0,0,0,0,0,0,0,0,0,0,0,0,0,0,0,0,0,0,0,0,0,0,0,0,0,0,0,0,0,0,0,
2026-05-29,09:07:40.660,8.32,100,100,0,-0.137,6.00,25,0.992,92,0,0.022,100,100,0.97,-8.12,0.00,0,55.415800 12.873500,1,2026-05-29 09:07:40,0,0,-1024,0,-430,0,43,-14,322,0,0,-1,-1,-1,-1,-1,1,-1,-1,-1,-1,0,36,8,-1024,0,36,0,0,0,0,0,0,0,297,1024,0,0,0,0,0,0,0,0,0,0,0,0,0,0,0,0,0,0,0,0,0,0,0,0,0,0,0,0,0,0,0,0,0,0,0,0,0,0,0,0,0,0,0,0,0,0,0,0,0,0,
2026-05-29,09:07:40.780,8.32,100,100,0,-0.139,6.00,25,0.996,92,0,0.023,100,100,0.99,-8.12,0.00,0,55.415800 12.873500,1,2026-05-29 09:07:40,0,0,-1024,0,-430,2,42,-17,321,0,0,-1,-1,-1,-1,-1,1,-1,-1,-1,-1,0,36,8,-1024,0,36,0,0,0,0,0,0,0,297,1024,0,0,0,0,0,0,0,0,0,0,0,0,0,0,0,0,0,0,0,0,0,0,0,0,0,0,0,0,0,0,0,0,0,0,0,0,0,0,0,0,0,0,0,0,0,0,0,0,0,0,
2026-05-29,09:07:40.900,8.32,100,100,0,-0.138,6.00,25,0.997,92,0,0.020,100,100,0.98,-8.12,0.00,0,55.415800 12.873500,1,2026-05-29 09:07:40,0,0,-1024,0,-430,0,41,-20,322,0,0,-1,-1,-1,-1,-1,1,-1,-1,-1,-1,0,36,8,-1024,0,36,0,0,0,0,0,0,0,297,1024,0,0,0,0,0,0,0,0,0,0,0,0,0,0,0,0,0,0,0,0,0,0,0,0,0,0,0,0,0,0,0,0,0,0,0,0,0,0,0,0,0,0,0,0,0,0,0,0,0,0,
2026-05-29,09:07:41.020,8.32,100,100,0,-0.139,6.00,25,0.997,92,0,0.022,100,100,0.98,-8.12,0.00,0,55.415800 12.873500,3,2026-05-29 09:07:41,0,0,-1024,0,-430,0,43,-20,321,0,0,-1,-1,-1,-1,-1,1,-1,-1,-1,-1,0,36,8,-1024,0,36,0,0,0,0,0,0,0,297,1024,0,0,0,0,0,0,0,0,0,0,0,0,0,0,0,0,0,0,0,0,0,0,0,0,0,0,0,0,0,0,0,0,0,0,0,0,0,0,0,0,0,0,0,0,0,0,0,0,0,0,
2026-05-29,09:07:41.160,8.32,100,100,0,-0.139,6.00,25,0.992,90,0,0.022,100,100,0.97,-8.12,0.00,0,55.415800 12.873500,3,2026-05-29 09:07:41,0,0,-1024,0,-430,0,42,-18,322,0,0,-1,-1,-1,-1,-1,1,-1,-1,-1,-1,0,36,8,-1024,0,36,0,0,0,0,0,0,0,297,1024,0,0,0,0,0,0,0,0,0,0,0,0,0,0,0,0,0,0,0,0,0,0,0,0,0,0,0,0,0,0,0,0,0,0,0,0,0,0,0,0,0,0,0,0,0,0,0,0,0,0,
2026-05-29,09:07:41.270,8.32,100,100,0,-0.137,6.00,25,0.991,90,0,0.022,100,100,0.98,-8.12,0.00,0,55.415800 12.873500,3,2026-05-29 09:07:41,0,0,-1023,0,-429,2,43,-19,322,0,0,-1,-1,-1,-1,-1,1,-1,-1,-1,-1,0,36,8,-1023,0,36,0,0,0,0,0,0,0,298,1024,0,0,0,0,0,0,0,0,0,0,0,0,0,0,0,0,0,0,0,0,0,0,0,0,0,0,0,0,0,0,0,0,0,0,0,0,0,0,0,0,0,0,0,0,0,0,0,0,0,0,
2026-05-29,09:07:41.410,8.32,100,100,0,-0.140,6.00,25,0.990,90,0,0.022,100,100,0.97,-8.12,0.00,0,55.415800 12.873500,3,2026-05-29 09:07:41,0,0,-1023,0,-429,2,42,-18,322,0,0,-1,-1,-1,-1,-1,1,-1,-1,-1,-1,0,36,8,-1023,0,36,0,0,0,0,0,0,0,298,1024,0,0,0,0,0,0,0,0,0,0,0,0,0,0,0,0,0,0,0,0,0,0,0,0,0,0,0,0,0,0,0,0,0,0,0,0,0,0,0,0,0,0,0,0,0,0,0,0,0,0,
2026-05-29,09:07:41.530,8.32,100,100,0,-0.138,6.00,25,0.990,90,0,0.020,100,100,0.97,-8.12,0.00,0,55.415800 12.873500,3,2026-05-29 09:07:41,0,0,-1024,0,-430,2,43,-19,322,0,0,-1,-1,-1,-1,-1,1,-1,-1,-1,-1,0,36,8,-1024,0,36,0,0,0,0,0,0,0,297,1024,0,0,0,0,0,0,0,0,0,0,0,0,0,0,0,0,0,0,0,0,0,0,0,0,0,0,0,0,0,0,0,0,0,0,0,0,0,0,0,0,0,0,0,0,0,0,0,0,0,0,
2026-05-29,09:07:41.640,8.32,100,100,0,-0.138,6.00,25,0.996,89,0,0.020,100,100,0.96,-8.12,0.00,0,55.415800 12.873500,3,2026-05-29 09:07:41,0,0,-1024,0,-429,0,44,-9,322,0,0,-1,-1,-1,-1,-1,1,-1,-1,-1,-1,0,36,8,-1024,0,36,0,0,0,0,0,0,0,298,1024,0,0,0,0,0,0,0,0,0,0,0,0,0,0,0,0,0,0,0,0,0,0,0,0,0,0,0,0,0,0,0,0,0,0,0,0,0,0,0,0,0,0,0,0,0,0,0,0,0,0,
2026-05-29,09:07:41.750,8.32,100,100,0,-0.139,6.00,25,0.990,90,0,0.021,100,100,0.96,-8.12,0.00,0,55.415800 12.873500,3,2026-05-29 09:07:41,0,0,-1024,0,-430,1,43,-18,322,0,0,-1,-1,-1,-1,-1,1,-1,-1,-1,-1,0,36,8,-1024,0,36,0,0,0,0,0,0,0,298,1024,0,0,0,0,0,0,0,0,0,0,0,0,0,0,0,0,0,0,0,0,0,0,0,0,0,0,0,0,0,0,0,0,0,0,0,0,0,0,0,0,0,0,0,0,0,0,0,0,0,0,
2026-05-29,09:07:41.860,8.32,100,99,0,-0.139,5.97,25,0.990,90,0,0.021,100,100,0.96,-8.12,0.00,0,55.415800 12.873500,3,2026-05-29 09:07:41,0,0,-1024,0,-430,0,43,-19,321,0,0,-1,-1,-1,-1,-1,1,-1,-1,-1,-1,0,36,8,-1024,0,36,0,0,0,0,0,0,0,297,1024,0,0,0,0,0,0,0,0,0,0,0,0,0,0,0,0,0,0,0,0,0,0,0,0,0,0,0,0,0,0,0,0,0,0,0,0,0,0,0,0,0,0,0,0,0,0,0,0,0,0,
2026-05-29,09:07:42.000,8.31,100,100,0,-0.136,5.98,25,0.994,90,0,0.022,100,100,0.98,-8.12,0.00,0,55.415800 12.873500,4,2026-05-29 09:07:42,0,0,-1024,0,-429,0,43,-19,322,0,0,-1,-1,-1,-1,-1,1,-1,-1,-1,-1,0,36,8,-1024,0,36,0,0,0,0,0,0,0,298,1024,0,0,0,0,0,0,0,0,0,0,0,0,0,0,0,0,0,0,0,0,0,0,0,0,0,0,0,0,0,0,0,0,0,0,0,0,0,0,0,0,0,0,0,0,0,0,0,0,0,0,
2026-05-29,09:07:42.120,8.32,100,100,0,-0.140,5.99,25,0.987,91,0,0.022,100,100,0.97,-8.12,0.00,0,55.415800 12.873500,4,2026-05-29 09:07:42,0,0,-1024,0,-429,0,44,-19,322,0,0,-1,-1,-1,-1,-1,1,-1,-1,-1,-1,0,36,8,-1024,0,36,0,0,0,0,0,0,0,298,1024,0,0,0,0,0,0,0,0,0,0,0,0,0,0,0,0,0,0,0,0,0,0,0,0,0,0,0,0,0,0,0,0,0,0,0,0,0,0,0,0,0,0,0,0,0,0,0,0,0,0,
2026-05-29,09:07:42.230,8.31,100,100,0,-0.138,5.99,25,0.990,91,0,0.022,100,100,0.96,-8.12,0.00,0,55.415800 12.873500,4,2026-05-29 09:07:42,0,0,-1024,0,-429,0,43,-21,322,0,0,-1,-1,-1,-1,-1,1,-1,-1,-1,-1,0,36,8,-1024,0,36,0,0,0,0,0,0,0,298,1024,0,0,0,0,0,0,0,0,0,0,0,0,0,0,0,0,0,0,0,0,0,0,0,0,0,0,0,0,0,0,0,0,0,0,0,0,0,0,0,0,0,0,0,0,0,0,0,0,0,0,
2026-05-29,09:07:42.350,8.31,100,100,0,-0.138,5.99,25,0.990,92,0,0.022,100,100,0.96,-8.12,0.00,0,55.415800 12.873500,4,2026-05-29 09:07:42,0,0,-1024,0,-430,0,43,-17,322,0,0,-1,-1,-1,-1,-1,1,-1,-1,-1,-1,0,36,8,-1024,0,36,0,0,0,0,0,0,0,297,1024,0,0,0,0,0,0,0,0,0,0,0,0,0,0,0,0,0,0,0,0,0,0,0,0,0,0,0,0,0,0,0,0,0,0,0,0,0,0,0,0,0,0,0,0,0,0,0,0,0,0,
2026-05-29,09:07:42.470,8.32,100,100,0,-0.139,6.00,25,0.997,92,0,0.024,100,100,0.97,-8.12,0.00,1,55.415800 12.873500,4,2026-05-29 09:07:42,0,0,-1024,0,-430,0,43,-18,322,0,0,-1,-1,-1,-1,-1,1,-1,-1,-1,-1,0,36,8,-1024,0,36,0,0,0,0,0,0,0,297,1024,0,0,0,0,0,0,0,0,0,0,0,0,0,0,0,0,0,0,0,0,0,0,0,0,0,0,0,0,0,0,0,0,0,0,0,0,0,0,0,0,0,0,0,0,0,0,0,0,0,0,
2026-05-29,09:07:42.580,8.31,100,100,0,-0.140,6.00,25,0.993,93,0,0.023,100,100,0.97,-8.12,0.00,1,55.415800 12.873500,4,2026-05-29 09:07:42,0,0,-1024,0,-430,1,43,-19,322,0,0,-1,-1,-1,-1,-1,1,-1,-1,-1,-1,0,36,8,-1024,0,36,0,0,0,0,0,0,0,297,1024,0,0,0,0,0,0,0,0,0,0,0,0,0,0,0,0,0,0,0,0,0,0,0,0,0,0,0,0,0,0,0,0,0,0,0,0,0,0,0,0,0,0,0,0,0,0,0,0,0,0,
2026-05-29,09:07:42.700,8.31,100,100,0,-0.140,6.00,25,0.993,93,0,0.023,100,100,0.97,-8.12,0.00,1,55.415800 12.873500,4,2026-05-29 09:07:42,0,0,-1024,0,-430,0,42,-1,322,0,0,-1,-1,-1,-1,-1,1,-1,-1,-1,-1,0,36,8,-1024,0,36,0,0,0,0,0,0,0,297,1024,0,0,0,0,0,0,0,0,0,0,0,0,0,0,0,0,0,0,0,0,0,0,0,0,0,0,0,0,0,0,0,0,0,0,0,0,0,0,0,0,0,0,0,0,0,0,0,0,0,0,
2026-05-29,09:07:42.810,8.31,100,100,0,-0.139,6.00,25,1.001,92,0,0.024,100,100,0.98,-8.12,0.00,1,55.415800 12.873500,4,2026-05-29 09:07:42,0,0,-1024,0,-429,0,44,-16,321,0,0,-1,-1,-1,-1,-1,1,-1,-1,-1,-1,0,36,8,-1024,0,36,0,0,0,0,0,0,0,298,1024,0,0,0,0,0,0,0,0,0,0,0,0,0,0,0,0,0,0,0,0,0,0,0,0,0,0,0,0,0,0,0,0,0,0,0,0,0,0,0,0,0,0,0,0,0,0,0,0,0,0,
2026-05-29,09:07:42.930,8.31,100,100,0,-0.138,6.00,25,0.995,92,0,0.021,100,100,0.98,-8.12,0.00,1,55.415800 12.873500,6,2026-05-29 09:07:42,0,0,-1024,0,-429,1,44,-16,321,0,0,-1,-1,-1,-1,-1,1,-1,-1,-1,-1,0,36,8,-1024,0,36,0,0,0,0,0,0,0,298,1024,0,0,0,0,0,0,0,0,0,0,0,0,0,0,0,0,0,0,0,0,0,0,0,0,0,0,0,0,0,0,0,0,0,0,0,0,0,0,0,0,0,0,0,0,0,0,0,0,0,0,
2026-05-29,09:07:43.050,8.32,100,100,0,-0.138,6.00,25,0.995,92,0,0.021,100,100,0.98,-8.12,0.00,1,55.415800 12.873500,6,2026-05-29 09:07:43,0,0,-1024,0,-430,0,43,-17,322,0,0,-1,-1,-1,-1,-1,1,-1,-1,-1,-1,0,36,8,-1024,0,36,0,0,0,0,0,0,0,297,1024,0,0,0,0,0,0,0,0,0,0,0,0,0,0,0,0,0,0,0,0,0,0,0,0,0,0,0,0,0,0,0,0,0,0,0,0,0,0,0,0,0,0,0,0,0,0,0,0,0,0,
2026-05-29,09:07:43.170,8.31,100,100,0,-0.138,5.97,25,0.998,93,0,0.021,100,100,0.98,-8.12,0.00,1,55.415800 12.873500,6,2026-05-29 09:07:43,0,0,-1023,0,-430,0,43,-17,321,0,0,-1,-1,-1,-1,-1,1,-1,-1,-1,-1,0,36,8,-1023,0,36,0,0,0,0,0,0,0,297,1024,0,0,0,0,0,0,0,0,0,0,0,0,0,0,0,0,0,0,0,0,0,0,0,0,0,0,0,0,0,0,0,0,0,0,0,0,0,0,0,0,0,0,0,0,0,0,0,0,0,0,
2026-05-29,09:07:43.280,8.32,100,100,0,-0.137,5.98,25,0.996,93,0,0.022,100,100,0.99,-8.12,0.00,1,55.415800 12.873500,6,2026-05-29 09:07:43,0,0,-1024,0,-430,0,43,-17,322,0,0,-1,-1,-1,-1,-1,1,-1,-1,-1,-1,0,36,8,-1024,0,36,0,0,0,0,0,0,0,297,1024,0,0,0,0,0,0,0,0,0,0,0,0,0,0,0,0,0,0,0,0,0,0,0,0,0,0,0,0,0,0,0,0,0,0,0,0,0,0,0,0,0,0,0,0,0,0,0,0,0,0,
2026-05-29,09:07:43.400,8.31,100,100,0,-0.137,5.99,25,0.996,94,0,0.020,100,100,0.96,-8.12,0.00,0,55.415800 12.873500,6,2026-05-29 09:07:43,0,0,-1024,0,-430,0,43,-17,322,0,0,-1,-1,-1,-1,-1,1,-1,-1,-1,-1,0,36,8,-1024,0,36,0,0,0,0,0,0,0,297,1024,0,0,0,0,0,0,0,0,0,0,0,0,0,0,0,0,0,0,0,0,0,0,0,0,0,0,0,0,0,0,0,0,0,0,0,0,0,0,0,0,0,0,0,0,0,0,0,0,0,0,
2026-05-29,09:07:43.520,8.32,100,100,0,-0.137,5.97,25,0.998,94,0,0.020,100,100,0.96,-8.12,0.00,0,55.415800 12.873500,6,2026-05-29 09:07:43,0,0,-1024,0,-430,0,43,-17,322,0,0,-1,-1,-1,-1,-1,1,-1,-1,-1,-1,0,36,8,-1024,0,36,0,0,0,0,0,0,0,297,1024,0,0,0,0,0,0,0,0,0,0,0,0,0,0,0,0,0,0,0,0,0,0,0,0,0,0,0,0,0,0,0,0,0,0,0,0,0,0,0,0,0,0,0,0,0,0,0,0,0,0,
2026-05-29,09:07:43.630,8.32,100,100,0,-0.139,5.97,25,0.995,94,0,0.022,100,100,0.99,-8.12,0.00,0,55.415800 12.873500,6,2026-05-29 09:07:43,0,0,-1024,0,-430,1,44,-17,322,0,0,-1,-1,-1,-1,-1,1,-1,-1,-1,-1,0,36,8,-1024,0,36,0,0,0,0,0,0,0,297,1024,0,0,0,0,0,0,0,0,0,0,0,0,0,0,0,0,0,0,0,0,0,0,0,0,0,0,0,0,0,0,0,0,0,0,0,0,0,0,0,0,0,0,0,0,0,0,0,0,0,0,
2026-05-29,09:07:43.740,8.32,100,100,0,-0.138,5.98,25,1.002,94,0,0.021,100,100,0.97,-8.12,0.00,0,55.415800 12.873500,6,2026-05-29 09:07:43,0,0,-1024,0,-429,0,43,-17,322,0,0,-1,-1,-1,-1,-1,1,-1,-1,-1,-1,0,36,8,-1024,0,36,0,0,0,0,0,0,0,298,1024,0,0,0,0,0,0,0,0,0,0,0,0,0,0,0,0,0,0,0,0,0,0,0,0,0,0,0,0,0,0,0,0,0,0,0,0,0,0,0,0,0,0,0,0,0,0,0,0,0,0,
2026-05-29,09:07:43.850,8.32,100,100,0,-0.138,5.96,25,1.002,94,0,0.021,100,100,0.97,-8.12,0.00,0,55.415800 12.873500,6,2026-05-29 09:07:43,0,0,-1023,0,-429,1,43,-18,321,0,0,-1,-1,-1,-1,-1,1,-1,-1,-1,-1,0,36,8,-1024,0,36,0,0,0,0,0,0,0,298,1024,0,0,0,0,0,0,0,0,0,0,0,0,0,0,0,0,0,0,0,0,0,0,0,0,0,0,0,0,0,0,0,0,0,0,0,0,0,0,0,0,0,0,0,0,0,0,0,0,0,0,
2026-05-29,09:07:43.990,8.32,100,100,0,-0.137,5.98,25,0.991,95,0,0.018,100,100,0.97,-8.12,0.00,0,55.415800 12.873500,1,2026-05-29 09:07:44,0,0,-1024,0,-429,0,44,-3,322,0,0,-1,-1,-1,-1,-1,1,-1,-1,-1,-1,0,36,8,-1024,0,36,0,0,0,0,0,0,0,298,1024,0,0,0,0,0,0,0,0,0,0,0,0,0,0,0,0,0,0,0,0,0,0,0,0,0,0,0,0,0,0,0,0,0,0,0,0,0,0,0,0,0,0,0,0,0,0,0,0,0,0,
2026-05-29,09:07:44.110,8.32,100,100,0,-0.138,5.98,25,0.994,94,0,0.022,100,100,0.97,-8.12,0.00,0,55.415800 12.873500,1,2026-05-29 09:07:44,0,0,-1024,0,-430,0,43,-18,322,0,0,-1,-1,-1,-1,-1,1,-1,-1,-1,-1,0,36,8,-1024,0,36,0,0,0,0,0,0,0,297,1024,0,0,0,0,0,0,0,0,0,0,0,0,0,0,0,0,0,0,0,0,0,0,0,0,0,0,0,0,0,0,0,0,0,0,0,0,0,0,0,0,0,0,0,0,0,0,0,0,0,0,
2026-05-29,09:07:44.220,8.32,100,100,0,-0.138,5.99,25,0.994,94,0,0.022,100,100,0.97,-8.12,0.00,0,55.415800 12.873500,1,2026-05-29 09:07:44,0,0,-1023,0,-429,0,43,-17,321,0,0,-1,-1,-1,-1,-1,1,-1,-1,-1,-1,0,36,8,-1023,0,36,0,0,0,0,0,0,0,298,1024,0,0,0,0,0,0,0,0,0,0,0,0,0,0,0,0,0,0,0,0,0,0,0,0,0,0,0,0,0,0,0,0,0,0,0,0,0,0,0,0,0,0,0,0,0,0,0,0,0,0,
2026-05-29,09:07:44.340,8.32,100,100,0,-0.137,5.99,25,0.997,94,0,0.022,100,100,0.96,-8.12,0.00,0,55.415800 12.873500,1,2026-05-29 09:07:44,0,0,-1024,0,-429,0,42,-19,321,0,0,-1,-1,-1,-1,-1,1,-1,-1,-1,-1,0,36,8,-1024,0,36,0,0,0,0,0,0,0,298,1024,0,0,0,0,0,0,0,0,0,0,0,0,0,0,0,0,0,0,0,0,0,0,0,0,0,0,0,0,0,0,0,0,0,0,0,0,0,0,0,0,0,0,0,0,0,0,0,0,0,0,
2026-05-29,09:07:44.460,8.32,100,100,0,-0.137,5.99,25,0.995,94,0,0.021,100,100,0.98,-8.12,0.00,0,55.415800 12.873500,1,2026-05-29 09:07:44,0,0,-1024,0,-430,0,42,-19,322,0,0,-1,-1,-1,-1,-1,1,-1,-1,-1,-1,0,36,8,-1024,0,36,0,0,0,0,0,0,0,297,1024,0,0,0,0,0,0,0,0,0,0,0,0,0,0,0,0,0,0,0,0,0,0,0,0,0,0,0,0,0,0,0,0,0,0,0,0,0,0,0,0,0,0,0,0,0,0,0,0,0,0,
2026-05-29,09:07:44.570,8.32,100,100,0,-0.139,6.00,25,0.995,93,0,0.021,100,100,0.98,-8.12,0.00,0,55.415800 12.873500,1,2026-05-29 09:07:44,0,0,-1024,0,-430,0,43,-17,322,0,0,-1,-1,-1,-1,-1,1,-1,-1,-1,-1,0,36,8,-1024,0,36,0,0,0,0,0,0,0,297,1024,0,0,0,0,0,0,0,0,0,0,0,0,0,0,0,0,0,0,0,0,0,0,0,0,0,0,0,0,0,0,0,0,0,0,0,0,0,0,0,0,0,0,0,0,0,0,0,0,0,0,
2026-05-29,09:07:44.690,8.32,100,100,0,-0.139,6.00,25,0.989,93,0,0.021,100,100,0.98,-8.11,0.00,0,55.415800 12.873500,1,2026-05-29 09:07:44,0,0,-1024,0,-430,0,43,-19,321,0,0,-1,-1,-1,-1,-1,1,0,-1,-1,-1,0,36,8,-1024,0,36,0,0,0,0,0,0,0,297,0,0,0,0,0,0,0,0,0,0,0,0,0,0,0,0,0,0,0,0,0,0,0,0,0,0,0,0,0,0,0,0,0,0,0,0,0,0,0,0,0,0,0,0,0,0,0,0,0,0,0,
2026-05-29,09:07:44.810,8.32,100,100,0,-0.139,6.00,25,0.997,93,0,0.022,100,100,0.96,-8.11,0.00,0,55.415800 12.873500,1,2026-05-29 09:07:44,0,0,-1024,0,-429,0,43,-18,322,0,0,-1,-1,-1,-1,-1,1,0,-1,-1,-1,0,36,8,-1024,0,36,0,0,0,0,0,0,0,298,0,0,0,0,0,0,0,0,0,0,0,0,0,0,0,0,0,0,0,0,0,0,0,0,0,0,0,0,0,0,0,0,0,0,0,0,0,0,0,0,0,0,0,0,0,0,0,0,0,0,0,
2026-05-29,09:07:44.930,8.32,100,100,0,-0.138,5.97,25,0.995,93,0,0.021,100,100,0.98,-8.11,0.00,0,55.415800 12.873500,1,2026-05-29 09:07:44,0,0,-1023,0,-430,0,43,-18,322,0,0,-1,-1,-1,-1,-1,1,0,-1,-1,-1,0,36,8,-1023,0,36,0,0,0,0,0,0,0,297,0,0,0,0,0,0,0,0,0,0,0,0,0,0,0,0,0,0,0,0,0,0,0,0,0,0,0,0,0,0,0,0,0,0,0,0,0,0,0,0,0,0,0,0,0,0,0,0,0,0,0,
2026-05-29,09:07:45.050,8.31,100,100,0,-0.138,5.98,25,0.995,93,0,0.021,100,100,0.98,-8.11,0.00,0,55.415800 12.873500,1,2026-05-29 09:07:45,0,0,-1024,0,-429,0,43,-17,322,0,0,-1,-1,-1,-1,-1,1,0,-1,-1,-1,0,36,8,-1023,0,36,0,0,0,0,0,0,0,297,0,0,0,0,0,0,0,0,0,0,0,0,0,0,0,0,0,0,0,0,0,0,0,0,0,0,0,0,0,0,0,0,0,0,0,0,0,0,0,0,0,0,0,0,0,0,0,0,0,0,0,
2026-05-29,09:07:45.170,8.31,100,100,0,-0.140,5.99,25,0.998,94,0,0.021,100,100,0.97,-8.11,0.00,0,55.415800 12.873500,1,2026-05-29 09:07:45,0,0,-1024,0,-429,0,42,-19,322,0,0,-1,-1,-1,-1,-1,1,0,-1,-1,-1,0,36,8,-1024,0,36,0,0,0,0,0,0,0,298,0,0,0,0,0,0,0,0,0,0,0,0,0,0,0,0,0,0,0,0,0,0,0,0,0,0,0,0,0,0,0,0,0,0,0,0,0,0,0,0,0,0,0,0,0,0,0,0,0,0,0,
2026-05-29,09:07:45.280,8.31,100,100,0,-0.138,5.99,25,0.989,93,0,0.020,100,100,0.96,-8.11,0.00,0,55.415800 12.873500,1,2026-05-29 09:07:45,0,0,-1024,0,-429,0,44,-15,322,0,0,-1,-1,-1,-1,-1,1,0,-1,-1,-1,0,36,8,-1024,0,36,0,0,0,0,0,0,0,298,0,0,0,0,0,0,0,0,0,0,0,0,0,0,0,0,0,0,0,0,0,0,0,0,0,0,0,0,0,0,0,0,0,0,0,0,0,0,0,0,0,0,0,0,0,0,0,0,0,0,0,
2026-05-29,09:07:45.400,8.32,100,100,0,-0.138,5.99,25,0.989,94,0,0.020,100,100,0.96,-8.11,0.00,0,55.415800 12.873500,1,2026-05-29 09:07:45,0,0,-1024,0,-430,0,43,-6,322,0,0,-1,-1,-1,-1,-1,1,0,-1,-1,-1,0,36,8,-1023,0,36,0,0,0,0,0,0,0,297,0,0,0,0,0,0,0,0,0,0,0,0,0,0,0,0,0,0,0,0,0,0,0,0,0,0,0,0,0,0,0,0,0,0,0,0,0,0,0,0,0,0,0,0,0,0,0,0,0,0,0,
2026-05-29,09:07:45.520,8.32,100,100,0,-0.138,5.97,25,0.995,93,0,0.021,100,100,0.96,-8.11,0.00,0,55.415800 12.873500,1,2026-05-29 09:07:45,0,0,-1024,0,-430,0,43,-17,322,0,0,-1,-1,-1,-1,-1,1,0,-1,-1,-1,0,36,8,-1024,0,36,0,0,0,0,0,0,0,297,0,0,0,0,0,0,0,0,0,0,0,0,0,0,0,0,0,0,0,0,0,0,0,0,0,0,0,0,0,0,0,0,0,0,0,0,0,0,0,0,0,0,0,0,0,0,0,0,0,0,0,
2026-05-29,09:07:45.630,8.32,100,100,0,-0.139,5.98,25,0.994,93,0,0.019,100,100,0.96,-8.11,0.00,0,55.415800 12.873500,1,2026-05-29 09:07:45,0,0,-1024,0,-430,0,43,-18,322,0,0,-1,-1,-1,-1,-1,1,0,-1,-1,-1,0,36,8,-1024,0,36,0,0,0,0,0,0,0,297,0,0,0,0,0,0,0,0,0,0,0,0,0,0,0,0,0,0,0,0,0,0,0,0,0,0,0,0,0,0,0,0,0,0,0,0,0,0,0,0,0,0,0,0,0,0,0,0,0,0,0,
2026-05-29,09:07:45.760,8.32,100,100,0,-0.137,5.99,25,0.995,93,0,0.019,100,100,0.96,-8.11,0.00,0,55.415800 12.873500,1,2026-05-29 09:07:45,0,0,-1024,0,-429,0,44,-16,322,0,0,-1,-1,-1,-1,-1,1,0,-1,-1,-1,0,36,8,-1024,0,36,0,0,0,0,0,0,0,297,0,0,0,0,0,0,0,0,0,0,0,0,0,0,0,0,0,0,0,0,0,0,0,0,0,0,0,0,0,0,0,0,0,0,0,0,0,0,0,0,0,0,0,0,0,0,0,0,0,0,0,
2026-05-29,09:07:45.870,8.32,100,100,0,-0.137,5.99,25,0.995,93,0,0.020,100,100,0.96,-8.11,0.00,0,55.415800 12.873500,1,2026-05-29 09:07:45,0,0,-1023,0,-429,0,44,-22,322,0,0,-1,-1,-1,-1,-1,1,0,-1,-1,-1,0,36,8,-1023,0,36,0,0,0,0,0,0,0,298,0,0,0,0,0,0,0,0,0,0,0,0,0,0,0,0,0,0,0,0,0,0,0,0,0,0,0,0,0,0,0,0,0,0,0,0,0,0,0,0,0,0,0,0,0,0,0,0,0,0,0,
2026-05-29,09:07:46.000,8.32,100,100,0,-0.138,5.99,25,0.995,93,0,0.021,100,100,0.98,-8.11,0.00,0,55.415800 12.873500,-2,2026-05-29 09:07:46,0,0,-1023,0,-429,0,43,-18,322,0,0,-1,-1,-1,-1,-1,1,0,-1,-1,-1,0,36,8,-1023,0,36,0,0,0,0,0,0,0,298,0,0,0,0,0,0,0,0,0,0,0,0,0,0,0,0,0,0,0,0,0,0,0,0,0,0,0,0,0,0,0,0,0,0,0,0,0,0,0,0,0,0,0,0,0,0,0,0,0,0,0,
2026-05-29,09:07:46.120,8.32,100,100,0,-0.138,6.00,25,0.989,92,0,0.022,100,100,0.98,-8.11,0.00,0,55.415800 12.873500,-2,2026-05-29 09:07:46,0,0,-1024,0,-429,0,43,-17,322,0,0,-1,-1,-1,-1,-1,1,0,-1,-1,-1,0,36,8,-1024,0,36,0,0,0,0,0,0,0,298,0,0,0,0,0,0,0,0,0,0,0,0,0,0,0,0,0,0,0,0,0,0,0,0,0,0,0,0,0,0,0,0,0,0,0,0,0,0,0,0,0,0,0,0,0,0,0,0,0,0,0,
2026-05-29,09:07:46.230,8.32,100,100,0,-0.138,6.00,25,0.989,92,0,0.022,100,100,0.98,-8.11,0.00,0,55.415800 12.873500,-2,2026-05-29 09:07:46,0,-237,-1024,0,-430,0,43,-6,322,0,0,-1,-1,-1,-1,-1,1,0,-1,-1,-1,0,36,92,-1024,0,36,0,0,0,0,0,0,0,297,0,0,0,0,0,0,0,0,0,0,0,0,0,0,0,0,0,0,0,0,0,0,0,0,0,0,0,0,0,0,0,0,0,0,0,0,0,0,0,0,0,0,0,0,0,0,0,0,0,0,0,
2026-05-29,09:07:46.350,8.32,100,100,0,-0.138,5.95,25,1.000,92,0,0.024,100,100,0.98,-8.11,0.00,0,55.415800 12.873500,-2,2026-05-29 09:07:46,0,-1023,-1024,131,-429,1,43,-19,322,0,0,-1,-1,-1,-1,-1,1,0,-1,-1,-1,0,-12,516,-1024,0,-12,0,0,0,0,0,0,0,298,0,0,0,0,0,0,0,0,0,0,0,0,0,0,0,0,0,0,0,0,0,0,0,0,0,0,0,0,0,0,0,0,0,0,0,0,0,0,0,0,0,0,0,0,0,0,0,0,0,0,0,
2026-05-29,09:07:46.470,8.32,100,100,0,-0.140,5.94,25,0.962,92,0,0.022,100,100,0.99,-8.11,0.00,0,55.415800 12.873500,-2,2026-05-29 09:07:46,0,-1023,-1024,425,-430,1,43,-18,322,0,0,-1,-1,-1,-1,-1,1,0,-1,-1,-1,0,-131,516,-1024,0,-131,0,0,0,0,0,0,0,297,0,0,0,0,0,0,0,0,0,0,0,0,0,0,0,0,0,0,0,0,0,0,0,0,0,0,0,0,0,0,0,0,0,0,0,0,0,0,0,0,0,0,0,0,0,0,0,0,0,0,0,
2026-05-29,09:07:46.580,8.32,100,100,0,-0.140,5.93,25,0.962,93,0,0.022,100,100,0.99,-8.11,0.00,0,55.415800 12.873500,-2,2026-05-29 09:07:46,0,-1021,-1024,863,-430,2,42,-19,322,0,0,-1,-1,-1,-1,-1,1,0,-1,-1,-1,0,-372,514,-1024,0,-372,0,0,0,0,0,0,0,297,0,0,0,0,0,0,0,0,0,0,0,0,0,0,0,0,0,0,0,0,0,0,0,0,0,0,0,0,0,0,0,0,0,0,0,0,0,0,0,0,0,0,0,0,0,0,0,0,0,0,0,
2026-05-29,09:07:46.700,8.32,100,100,0,-0.133,5.92,25,1.013,93,0,0.019,100,100,0.97,-8.12,0.00,0,55.415800 12.873500,-2,2026-05-29 09:07:46,0,-1021,-1024,1011,-430,0,42,-17,321,0,0,-1,-1,-1,-1,-1,1,0,-1,-1,-1,0,-484,514,-1024,0,-484,0,0,0,0,0,0,0,297,0,0,0,0,0,0,0,0,0,0,0,0,0,0,0,0,0,0,0,0,0,0,0,0,0,0,0,0,0,0,0,0,0,0,0,0,0,0,0,0,0,0,0,0,0,0,0,0,0,0,0,
2026-05-29,09:07:46.810,8.31,100,100,0,-0.147,5.92,25,1.010,94,0,0.023,100,100,0.98,-8.12,0.00,0,55.415800 12.873500,-2,2026-05-29 09:07:46,0,-1022,-1024,1007,-430,0,43,-10,321,0,0,-1,-1,-1,-1,-1,1,0,-1,-1,-1,0,-480,515,-1024,0,-480,0,0,0,0,0,0,0,297,0,0,0,0,0,0,0,0,0,0,0,0,0,0,0,0,0,0,0,0,0,0,0,0,0,0,0,0,0,0,0,0,0,0,0,0,0,0,0,0,0,0,0,0,0,0,0,0,0,0,0,
2026-05-29,09:07:46.920,8.31,100,100,0,-0.147,5.91,25,1.010,95,0,0.023,100,100,0.98,-8.12,0.00,0,55.415800 12.873500,-2,2026-05-29 09:07:46,0,-1022,-930,904,-430,0,43,-17,322,0,0,-1,-1,-1,-1,-1,1,0,-1,-1,-1,0,-401,515,-929,0,-401,0,0,0,0,0,0,0,297,0,0,0,0,0,0,0,0,0,0,0,0,0,0,0,0,0,0,0,0,0,0,0,0,0,0,0,0,0,0,0,0,0,0,0,0,0,0,0,0,0,0,0,0,0,0,0,0,0,0,0,
2026-05-29,09:07:47.040,8.31,100,100,0,-0.138,5.91,25,1.004,94,0,0.017,100,100,1.00,-8.12,0.00,0,55.415800 12.873500,5,2026-05-29 09:07:47,0,-1022,-846,776,-430,0,43,-5,322,0,0,-1,-1,-1,-1,-1,1,0,-1,-1,-1,1,-315,515,-846,0,-315,0,0,0,0,0,0,0,297,0,0,0,0,0,0,0,0,0,0,0,0,0,0,0,0,0,0,0,0,0,0,0,0,0,0,0,0,0,0,0,0,0,0,0,0,0,0,0,0,0,0,0,0,0,0,0,0,0,0,0,
2026-05-29,09:07:47.160,8.31,100,100,0,-0.140,5.93,25,0.993,95,0,0.020,100,100,1.01,-8.12,0.00,0,55.415800 12.873500,5,2026-05-29 09:07:47,0,-1022,-635,805,-430,0,43,-8,322,0,0,-1,-1,-1,-1,-1,1,0,-1,-1,-1,1,-333,515,-635,0,-333,0,0,0,0,0,0,0,297,0,0,0,0,0,0,0,0,0,0,0,0,0,0,0,0,0,0,0,0,0,0,0,0,0,0,0,0,0,0,0,0,0,0,0,0,0,0,0,0,0,0,0,0,0,0,0,0,0,0,0,
2026-05-29,09:07:47.270,8.31,100,100,0,-0.140,5.95,25,0.993,95,0,0.020,100,100,1.01,-8.12,0.00,0,55.415800 12.873500,5,2026-05-29 09:07:47,0,-1023,-608,833,-429,0,43,-18,322,0,0,-1,-1,-1,-1,-1,1,0,-1,-1,-1,1,-352,516,-608,0,-352,0,0,0,0,0,0,0,298,0,0,0,0,0,0,0,0,0,0,0,0,0,0,0,0,0,0,0,0,0,0,0,0,0,0,0,0,0,0,0,0,0,0,0,0,0,0,0,0,0,0,0,0,0,0,0,0,0,0,0,
2026-05-29,09:07:47.390,8.32,100,100,0,-0.138,5.96,25,0.995,95,0,0.018,100,100,1.02,-8.12,0.00,0,55.415800 12.873500,5,2026-05-29 09:07:47,0,-1023,-517,755,-430,0,43,-25,322,0,0,-1,-1,-1,-1,-1,1,0,-1,-1,-1,1,-301,516,-517,0,-301,0,0,0,0,0,0,0,297,0,0,0,0,0,0,0,0,0,0,0,0,0,0,0,0,0,0,0,0,0,0,0,0,0,0,0,0,0,0,0,0,0,0,0,0,0,0,0,0,0,0,0,0,0,0,0,0,0,0,0,
2026-05-29,09:07:47.510,8.31,100,100,0,-0.137,5.95,25,0.990,96,0,0.018,100,100,1.01,-8.12,0.00,0,55.415800 12.873500,5,2026-05-29 09:07:47,0,-1023,-473,664,-430,0,44,-2,321,0,0,-1,-1,-1,-1,-1,1,0,-1,-1,-1,1,-248,516,-473,0,-248,0,0,0,0,0,0,0,297,0,0,0,0,0,0,0,0,0,0,0,0,0,0,0,0,0,0,0,0,0,0,0,0,0,0,0,0,0,0,0,0,0,0,0,0,0,0,0,0,0,0,0,0,0,0,0,0,0,0,0,
2026-05-29,09:07:47.630,8.32,100,100,0,-0.158,5.93,25,1.006,96,0,0.024,100,100,0.81,-8.12,0.00,0,55.415800 12.873500,5,2026-05-29 09:07:47,0,-1023,-473,527,-430,0,43,-19,322,0,0,-1,-1,-1,-1,-1,1,0,-1,-1,-1,1,-176,516,-473,0,-167,0,0,0,0,0,0,0,297,0,0,0,0,0,0,0,0,0,0,0,0,0,0,0,0,0,0,0,0,0,0,0,0,0,0,0,0,0,0,0,0,0,0,0,0,0,0,0,0,0,0,0,0,0,0,0,0,0,0,0,
2026-05-29,09:07:47.740,8.32,100,100,0,-0.158,5.92,25,1.006,96,0,0.024,100,100,0.81,-8.12,0.00,0,55.415800 12.873500,5,2026-05-29 09:07:47,0,-1023,-473,202,-430,0,42,-19,322,0,0,-1,-1,-1,-1,-1,1,0,-1,-1,-1,1,-39,516,-473,0,-39,0,0,0,0,0,0,0,297,0,0,0,0,0,0,0,0,0,0,0,0,0,0,0,0,0,0,0,0,0,0,0,0,0,0,0,0,0,0,0,0,0,0,0,0,0,0,0,0,0,0,0,0,0,0,0,0,0,0,0,
2026-05-29,09:07:47.850,8.32,100,100,0,-0.146,5.91,25,0.990,96,0,0.015,100,100,0.99,-8.11,0.00,0,55.415800 12.873500,5,2026-05-29 09:07:47,0,-1023,-472,152,-430,0,43,-17,322,0,0,-1,-1,-1,-1,-1,1,0,-1,-1,-1,1,-20,516,-472,0,-20,0,0,0,0,0,0,0,297,0,0,0,0,0,0,0,0,0,0,0,0,0,0,0,0,0,0,0,0,0,0,0,0,0,0,0,0,0,0,0,0,0,0,0,0,0,0,0,0,0,0,0,0,0,0,0,0,0,0,0,
2026-05-29,09:07:47.990,8.32,100,100,0,-0.143,5.94,25,0.980,95,0,0.016,100,100,1.00,-8.10,0.00,0,55.415800 12.873500,2,2026-05-29 09:07:48,188,-1023,-473,128,-430,0,43,-19,322,0,0,-1,-1,-1,-1,-1,1,0,-1,-1,-1,1,-12,516,-473,57,-12,0,0,0,0,0,0,0,298,0,0,0,0,0,0,0,0,0,0,0,0,0,0,0,0,0,0,0,0,0,0,0,0,0,0,0,0,0,0,0,0,0,0,0,0,0,0,0,0,0,0,0,0,0,0,0,0,0,0,0,
2026-05-29,09:07:48.110,8.32,100,100,0,-0.143,5.96,25,0.980,95,0,0.016,100,100,1.00,-8.10,0.00,0,55.415800 12.873500,2,2026-05-29 09:07:48,157,-1023,-472,167,-430,0,43,-16,322,0,0,-1,-1,-1,-1,-1,1,0,-1,-1,-1,1,-25,516,-472,48,-25,0,0,0,0,0,0,0,297,0,0,0,0,0,0,0,0,0,0,0,0,0,0,0,0,0,0,0,0,0,0,0,0,0,0,0,0,0,0,0,0,0,0,0,0,0,0,0,0,0,0,0,0,0,0,0,0,0,0,0,
2026-05-29,09:07:48.220,8.32,100,100,0,-0.141,5.97,25,0.991,95,0,0.023,100,100,1.05,-8.13,0.00,0,55.415800 12.873500,2,2026-05-29 09:07:48,181,-1024,-472,175,-429,0,44,-20,321,0,0,-1,-1,-1,-1,-1,1,0,-1,-1,-1,1,-28,516,-472,54,-28,0,0,0,0,0,0,0,298,0,0,0,0,0,0,0,0,0,0,0,0,0,0,0,0,0,0,0,0,0,0,0,0,0,0,0,0,0,0,0,0,0,0,0,0,0,0,0,0,0,0,0,0,0,0,0,0,0,0,0,
2026-05-29,09:07:48.360,8.31,100,100,0,-0.137,5.98,25,1.009,94,0,0.026,100,100,1.03,-8.13,0.00,0,55.415800 12.873500,2,2026-05-29 09:07:48,187,-1023,-417,160,-430,0,43,-18,322,0,0,-1,-1,-1,-1,-1,1,0,-1,-1,-1,1,-23,516,-416,56,-23,0,0,0,0,0,0,0,297,0,0,0,0,0,0,0,0,0,0,0,0,0,0,0,0,0,0,0,0,0,0,0,0,0,0,0,0,0,0,0,0,0,0,0,0,0,0,0,0,0,0,0,0,0,0,0,0,0,0,0,
2026-05-29,09:07:48.480,8.31,100,100,0,-0.166,5.99,25,0.977,94,0,0.031,100,100,0.99,-8.12,0.00,0,55.415800 12.873500,2,2026-05-29 09:07:48,142,-1023,-285,159,-430,0,43,-18,322,0,0,-1,-1,-1,-1,-1,1,0,-1,-1,-1,1,-23,516,-285,43,-23,0,0,0,0,0,0,0,297,0,0,0,0,0,0,0,0,0,0,0,0,0,0,0,0,0,0,0,0,0,0,0,0,0,0,0,0,0,0,0,0,0,0,0,0,0,0,0,0,0,0,0,0,0,0,0,0,0,0,0,
2026-05-29,09:07:48.590,8.31,100,100,0,-0.166,5.99,25,0.977,94,0,0.031,100,100,0.99,-8.12,0.00,0,55.415800 12.873500,2,2026-05-29 09:07:48,237,-1023,-283,140,-430,0,43,-18,322,0,0,-1,-1,-1,-1,-1,1,0,-1,-1,-1,1,-15,516,-283,72,-15,0,0,0,0,0,0,0,297,0,0,0,0,0,0,0,0,0,0,0,0,0,0,0,0,0,0,0,0,0,0,0,0,0,0,0,0,0,0,0,0,0,0,0,0,0,0,0,0,0,0,0,0,0,0,0,0,0,0,0,
2026-05-29,09:07:48.710,8.32,100,100,0,-0.124,5.97,25,0.961,93,0,0.028,100,100,0.95,-8.13,0.00,0,55.415800 12.873500,2,2026-05-29 09:07:48,460,-1024,-296,111,-430,1,43,-18,321,0,0,-1,-1,-1,-1,-1,1,0,-1,-1,-1,1,-4,516,-296,149,-4,0,0,0,0,0,0,0,297,0,0,0,0,0,0,0,0,0,0,0,0,0,0,0,0,0,0,0,0,0,0,0,0,0,0,0,0,0,0,0,0,0,0,0,0,0,0,0,0,0,0,0,0,0,0,0,0,0,0,0,
2026-05-29,09:07:48.830,8.32,100,100,0,-0.149,5.95,25,0.974,92,0,0.021,100,100,0.84,-8.10,0.00,0,55.415800 12.873500,2,2026-05-29 09:07:48,696,-1024,-297,91,-429,0,43,-20,322,0,0,-1,-1,-1,-1,-1,1,0,-1,-1,-1,1,3,516,-297,248,3,0,0,0,0,0,0,0,298,0,0,0,0,0,0,0,0,0,0,0,0,0,0,0,0,0,0,0,0,0,0,0,0,0,0,0,0,0,0,0,0,0,0,0,0,0,0,0,0,0,0,0,0,0,0,0,0,0,0,0,
2026-05-29,09:07:48.950,8.31,100,100,0,-0.149,5.94,25,0.974,91,0,0.021,100,100,0.84,-8.10,0.00,0,55.415800 12.873500,4,2026-05-29 09:07:48,863,-1024,-296,58,-430,0,43,-19,321,0,0,-1,-1,-1,-1,-1,1,0,-1,-1,-1,1,14,516,-296,335,14,0,0,0,0,0,0,0,297,0,0,0,0,0,0,0,0,0,0,0,0,0,0,0,0,0,0,0,0,0,0,0,0,0,0,0,0,0,0,0,0,0,0,0,0,0,0,0,0,0,0,0,0,0,0,0,0,0,0,0,
2026-05-29,09:07:49.060,8.31,100,100,0,-0.141,5.93,25,1.026,90,0,0.021,100,100,0.80,-8.05,0.00,0,55.415800 12.873500,4,2026-05-29 09:07:49,970,-1024,-296,38,-429,0,43,-18,321,0,0,-1,-1,-1,-1,-1,1,0,-1,-1,-1,1,22,516,-296,400,22,0,0,0,0,0,0,0,298,0,0,0,0,0,0,0,0,0,0,0,0,0,0,0,0,0,0,0,0,0,0,0,0,0,0,0,0,0,0,0,0,0,0,0,0,0,0,0,0,0,0,0,0,0,0,0,0,0,0,0,
2026-05-29,09:07:49.170,8.31,100,100,0,-0.143,5.92,25,1.007,90,0,0.031,100,100,0.78,-8.02,0.00,0,55.415800 12.873500,4,2026-05-29 09:07:49,1000,-1024,-196,49,-429,0,43,-18,322,0,0,-1,-1,-1,-1,-1,1,0,-1,-1,-1,1,17,516,-196,419,17,0,0,0,0,0,0,0,298,0,0,0,0,0,0,0,0,0,0,0,0,0,0,0,0,0,0,0,0,0,0,0,0,0,0,0,0,0,0,0,0,0,0,0,0,0,0,0,0,0,0,0,0,0,0,0,0,0,0,0,
2026-05-29,09:07:49.290,8.31,100,100,0,-0.143,5.94,25,1.007,90,0,0.031,100,100,0.78,-8.02,0.00,0,55.415800 12.873500,4,2026-05-29 09:07:49,986,-1023,-97,42,-430,2,42,-10,322,0,0,-1,-1,-1,-1,-1,1,0,-1,-1,-1,1,20,516,-97,411,20,0,0,0,0,0,0,0,297,0,0,0,0,0,0,0,0,0,0,0,0,0,0,0,0,0,0,0,0,0,0,0,0,0,0,0,0,0,0,0,0,0,0,0,0,0,0,0,0,0,0,0,0,0,0,0,0,0,0,0,
2026-05-29,09:07:49.410,8.31,100,100,0,-0.306,5.95,25,0.992,90,0,0.039,100,100,0.61,-8.03,0.00,0,55.415800 12.873500,4,2026-05-29 09:07:49,992,-1024,-63,30,-429,0,43,-18,321,0,0,-1,-1,-1,-1,-1,1,0,-1,-1,-1,1,25,516,-63,414,25,0,0,0,0,0,0,0,298,0,0,0,0,0,0,0,0,0,0,0,0,0,0,0,0,0,0,0,0,0,0,0,0,0,0,0,0,0,0,0,0,0,0,0,0,0,0,0,0,0,0,0,0,0,0,0,0,0,0,0,
2026-05-29,09:07:49.520,8.32,100,100,0,-0.456,5.94,25,0.917,90,0,0.047,100,100,0.49,-8.61,0.00,0,55.415800 12.873500,4,2026-05-29 09:07:49,1001,-1024,-64,38,-430,1,44,-17,322,0,0,-1,-1,-1,-1,-1,1,0,-1,-1,-1,1,22,516,-64,420,22,0,0,0,0,0,0,0,297,0,0,0,0,0,0,0,0,0,0,0,0,0,0,0,0,0,0,0,0,0,0,0,0,0,0,0,0,0,0,0,0,0,0,0,0,0,0,0,0,0,0,0,0,0,0,0,0,0,0,0,
2026-05-29,09:07:49.640,8.31,100,100,0,-0.414,5.93,25,0.917,90,0,0.047,100,100,0.49,-8.61,0.00,0,55.415800 12.873500,4,2026-05-29 09:07:49,1006,-1024,-64,34,-430,0,43,-17,322,0,0,-1,-1,-1,-1,-1,1,0,-1,-1,-1,1,24,516,-64,423,24,0,0,0,0,0,0,0,297,0,0,0,0,0,0,0,0,0,0,0,0,0,0,0,0,0,0,0,0,0,0,0,0,0,0,0,0,0,0,0,0,0,0,0,0,0,0,0,0,0,0,0,0,0,0,0,0,0,0,0,
2026-05-29,09:07:49.760,8.32,100,99,0,-0.414,5.92,25,0.650,89,0,-0.035,100,100,0.20,-9.55,0.00,0,55.415800 12.873500,4,2026-05-29 09:07:49,1023,-1024,-67,0,-429,0,44,-18,322,0,0,-1,-1,-1,-1,-1,1,0,-1,-1,-1,1,36,516,-67,435,36,0,0,0,0,0,0,0,298,0,0,0,0,0,0,0,0,0,0,0,0,0,0,0,0,0,0,0,0,0,0,0,0,0,0,0,0,0,0,0,0,0,0,0,0,0,0,0,0,0,0,0,0,0,0,0,0,0,0,0,
2026-05-29,09:07:49.880,8.32,100,100,0,-0.377,5.92,25,0.883,88,0,0.025,100,100,0.56,-9.53,0.00,0,55.415800 12.873500,4,2026-05-29 09:07:49,1023,-1024,-190,0,-430,0,43,-18,322,0,0,-1,-1,-1,-1,-1,1,0,-1,-1,-1,1,36,516,-190,435,36,0,0,0,0,0,0,0,297,0,0,0,0,0,0,0,0,0,0,0,0,0,0,0,0,0,0,0,0,0,0,0,0,0,0,0,0,0,0,0,0,0,0,0,0,0,0,0,0,0,0,0,0,0,0,0,0,0,0,0,
2026-05-29,09:07:50.020,8.32,100,100,0,-0.282,5.91,25,0.904,90,0,-0.180,100,100,-1.47,-10.41,0.00,4,55.415800 12.873500,9,2026-05-29 09:07:50,1023,-1024,-527,0,-429,0,42,-18,321,0,0,-1,-1,-1,-1,-1,1,0,-1,-1,-1,1,36,516,-527,435,36,0,0,0,0,0,0,0,298,0,0,0,0,0,0,0,0,0,0,0,0,0,0,0,0,0,0,0,0,0,0,0,0,0,0,0,0,0,0,0,0,0,0,0,0,0,0,0,0,0,0,0,0,0,0,0,0,0,0,0,
2026-05-29,09:07:50.140,8.32,100,100,0,-0.282,5.91,25,0.904,91,0,-0.180,100,100,-1.47,-10.41,0.00,4,55.415800 12.873500,9,2026-05-29 09:07:50,1023,-1023,-507,0,-430,0,43,-17,321,0,0,-1,-1,-1,-1,-1,1,0,-1,-1,-1,1,36,516,-507,435,36,0,0,0,0,0,0,0,297,0,0,0,0,0,0,0,0,0,0,0,0,0,0,0,0,0,0,0,0,0,0,0,0,0,0,0,0,0,0,0,0,0,0,0,0,0,0,0,0,0,0,0,0,0,0,0,0,0,0,0,
2026-05-29,09:07:50.260,8.31,100,100,0,-0.115,5.93,25,1.069,91,0,-0.207,100,100,-1.44,-11.30,0.00,4,55.415800 12.873500,9,2026-05-29 09:07:50,1023,-1023,-502,0,-429,1,43,-21,321,0,0,-1,-1,-1,-1,-1,1,0,-1,-1,-1,1,36,516,-502,435,36,0,0,0,0,0,0,0,298,0,0,0,0,0,0,0,0,0,0,0,0,0,0,0,0,0,0,0,0,0,0,0,0,0,0,0,0,0,0,0,0,0,0,0,0,0,0,0,0,0,0,0,0,0,0,0,0,0,0,0,
2026-05-29,09:07:50.370,8.32,100,100,0,-0.061,5.92,25,0.737,90,0,-0.093,99,100,0.00,-11.47,0.00,4,55.415800 12.873500,9,2026-05-29 09:07:50,1024,-1024,-502,0,-430,0,43,-17,322,0,0,-1,-1,-1,-1,-1,1,0,-1,-1,-1,1,36,516,-502,435,36,0,0,0,0,0,0,0,297,0,0,0,0,0,0,0,0,0,0,0,0,0,0,0,0,0,0,0,0,0,0,0,0,0,0,0,0,0,0,0,0,0,0,0,0,0,0,0,0,0,0,0,0,0,0,0,0,0,0,0,
2026-05-29,09:07:50.490,8.31,100,100,0,-0.061,5.91,25,0.737,90,0,-0.083,99,100,0.00,-11.47,0.00,5,55.415800 12.873500,9,2026-05-29 09:07:50,1024,-1024,-503,0,-430,0,43,-17,322,0,0,-1,-1,-1,-1,-1,1,0,-1,-1,-1,1,36,516,-503,435,36,0,0,0,0,0,0,0,297,0,0,0,0,0,0,0,0,0,0,0,0,0,0,0,0,0,0,0,0,0,0,0,0,0,0,0,0,0,0,0,0,0,0,0,0,0,0,0,0,0,0,0,0,0,0,0,0,0,0,0,
2026-05-29,09:07:50.610,8.31,100,100,0,-0.017,5.91,25,1.174,90,0,-0.083,99,100,0.85,-11.68,0.00,5,55.415800 12.873500,9,2026-05-29 09:07:50,1024,-1024,-340,0,-429,0,44,-17,322,0,0,-1,-1,-1,-1,-1,1,0,-1,-1,-1,1,36,516,-340,435,36,0,0,0,0,0,0,0,298,0,0,0,0,0,0,0,0,0,0,0,0,0,0,0,0,0,0,0,0,0,0,0,0,0,0,0,0,0,0,0,0,0,0,0,0,0,0,0,0,0,0,0,0,0,0,0,0,0,0,0,
2026-05-29,09:07:50.720,8.31,100,100,0,-0.084,5.91,25,1.022,91,0,-0.007,99,100,-0.06,-10.29,0.00,5,55.415800 12.873500,9,2026-05-29 09:07:50,1024,-1024,-330,0,-430,1,43,-4,321,0,0,-1,-1,-1,-1,-1,1,0,-1,-1,-1,1,36,516,-329,435,36,0,0,0,0,0,0,0,297,0,0,0,0,0,0,0,0,0,0,0,0,0,0,0,0,0,0,0,0,0,0,0,0,0,0,0,0,0,0,0,0,0,0,0,0,0,0,0,0,0,0,0,0,0,0,0,0,0,0,0,
2026-05-29,09:07:50.830,8.31,100,100,0,-0.053,5.90,25,1.022,91,0,-0.233,99,100,-0.06,-10.29,0.00,5,55.415800 12.873500,9,2026-05-29 09:07:50,1024,-1024,-207,0,-429,0,44,-18,322,0,0,-1,-1,-1,-1,-1,1,0,-1,-1,-1,1,36,516,-207,435,36,0,0,0,0,0,0,0,298,0,0,0,0,0,0,0,0,0,0,0,0,0,0,0,0,0,0,0,0,0,0,0,0,0,0,0,0,0,0,0,0,0,0,0,0,0,0,0,0,0,0,0,0,0,0,0,0,0,0,0,
2026-05-29,09:07:50.950,8.32,100,100,0,-0.053,5.90,25,1.464,90,0,-0.233,99,100,-0.96,-9.81,0.00,5,55.415700 12.873600,9,2026-05-29 09:07:50,883,-1024,-121,0,-429,0,43,-19,321,0,0,-1,-1,-1,-1,-1,1,0,-1,-1,-1,1,36,516,-122,345,36,0,0,0,0,0,0,0,298,0,0,0,0,0,0,0,0,0,0,0,0,0,0,0,0,0,0,0,0,0,0,0,0,0,0,0,0,0,0,0,0,0,0,0,0,0,0,0,0,0,0,0,0,0,0,0,0,0,0,0,
2026-05-29,09:07:51.070,8.31,100,100,0,-0.349,5.89,25,0.727,90,0,-0.093,99,100,0.39,-9.54,0.00,5,55.415700 12.873600,9,2026-05-29 09:07:51,950,-1023,-136,0,-430,0,43,-18,321,0,0,-1,-1,-1,-1,-1,1,0,-1,-1,-1,1,36,516,-136,387,36,0,0,0,0,0,0,0,297,0,0,0,0,0,0,0,0,0,0,0,0,0,0,0,0,0,0,0,0,0,0,0,0,0,0,0,0,0,0,0,0,0,0,0,0,0,0,0,0,0,0,0,0,0,0,0,0,0,0,0,
2026-05-29,09:07:51.180,8.31,100,100,0,-0.345,5.90,25,0.695,89,0,-0.077,99,100,0.67,-10.43,0.00,5,55.415700 12.873600,9,2026-05-29 09:07:51,1022,-1024,-136,0,-430,0,43,-18,321,0,0,-1,-1,-1,-1,-1,1,0,-1,-1,-1,1,36,516,-136,434,36,0,0,0,0,0,0,0,297,0,0,0,0,0,0,0,0,0,0,0,0,0,0,0,0,0,0,0,0,0,0,0,0,0,0,0,0,0,0,0,0,0,0,0,0,0,0,0,0,0,0,0,0,0,0,0,0,0,0,0,
2026-05-29,09:07:51.320,8.31,100,100,0,-0.345,5.90,25,0.695,93,0,-0.077,99,100,0.67,-10.43,0.00,5,55.415700 12.873600,9,2026-05-29 09:07:51,1024,-1024,-120,0,-429,0,44,-7,322,0,0,-1,-1,-1,-1,-1,1,0,-1,-1,-1,1,36,516,-120,435,36,0,0,0,0,0,0,0,298,0,0,0,0,0,0,0,0,0,0,0,0,0,0,0,0,0,0,0,0,0,0,0,0,0,0,0,0,0,0,0,0,0,0,0,0,0,0,0,0,0,0,0,0,0,0,0,0,0,0,0,
2026-05-29,09:07:51.440,8.31,100,100,0,-0.381,5.90,25,0.867,94,0,-0.210,99,100,-0.90,-11.17,0.00,5,55.415700 12.873600,9,2026-05-29 09:07:51,1024,-1024,-319,0,-429,0,43,-16,322,0,0,-1,-1,-1,-1,-1,1,0,-1,-1,-1,1,36,516,-319,435,36,0,0,0,0,0,0,0,298,0,0,0,0,0,0,0,0,0,0,0,0,0,0,0,0,0,0,0,0,0,0,0,0,0,0,0,0,0,0,0,0,0,0,0,0,0,0,0,0,0,0,0,0,0,0,0,0,0,0,0,
2026-05-29,09:07:51.550,8.31,100,100,0,-0.315,5.90,25,0.764,95,0,-0.173,99,100,-0.08,-11.93,0.00,5,55.415700 12.873600,9,2026-05-29 09:07:51,1024,-1024,-320,0,-430,0,43,-11,321,0,0,-1,-1,-1,-1,-1,1,0,-1,-1,-1,1,36,516,-320,435,36,0,0,0,0,0,0,0,297,0,0,0,0,0,0,0,0,0,0,0,0,0,0,0,0,0,0,0,0,0,0,0,0,0,0,0,0,0,0,0,0,0,0,0,0,0,0,0,0,0,0,0,0,0,0,0,0,0,0,0,
2026-05-29,09:07:51.670,8.31,100,100,0,-0.198,5.90,25,0.764,96,0,-0.112,99,100,-0.08,-11.93,0.00,5,55.415700 12.873600,9,2026-05-29 09:07:51,1023,-1024,-333,0,-430,2,43,-19,322,0,0,-1,-1,-1,-1,-1,1,0,-1,-1,-1,1,36,516,-333,435,36,0,0,0,0,0,0,0,297,0,0,0,0,0,0,0,0,0,0,0,0,0,0,0,0,0,0,0,0,0,0,0,0,0,0,0,0,0,0,0,0,0,0,0,0,0,0,0,0,0,0,0,0,0,0,0,0,0,0,0,
2026-05-29,09:07:51.780,8.32,100,100,0,-0.198,5.90,25,0.826,95,0,-0.112,99,100,-0.14,-11.36,0.00,5,55.415700 12.873600,9,2026-05-29 09:07:51,924,-1023,-335,0,-430,0,43,-10,322,0,0,-1,-1,-1,-1,-1,1,0,-1,-1,-1,1,36,516,-335,371,36,0,0,0,0,0,0,0,297,0,0,0,0,0,0,0,0,0,0,0,0,0,0,0,0,0,0,0,0,0,0,0,0,0,0,0,0,0,0,0,0,0,0,0,0,0,0,0,0,0,0,0,0,0,0,0,0,0,0,0,
2026-05-29,09:07:51.890,8.32,100,100,0,-0.155,5.90,25,1.027,95,0,-0.115,100,100,0.10,-11.28,0.00,5,55.415700 12.873600,9,2026-05-29 09:07:51,664,-1024,-337,0,-430,0,44,-7,322,0,0,-1,-1,-1,-1,-1,1,0,-1,-1,-1,1,36,516,-337,233,36,0,0,0,0,0,0,0,297,0,0,0,0,0,0,0,0,0,0,0,0,0,0,0,0,0,0,0,0,0,0,0,0,0,0,0,0,0,0,0,0,0,0,0,0,0,0,0,0,0,0,0,0,0,0,0,0,0,0,0,
2026-05-29,09:07:52.000,8.32,100,100,0,-0.155,5.90,25,1.027,94,0,-0.115,100,100,0.10,-11.28,0.00,6,55.415700 12.873600,19,2026-05-29 09:07:52,381,-1023,-321,0,-430,2,43,-17,322,0,0,-1,-1,-1,-1,-1,1,0,-1,-1,-1,1,36,516,-321,120,36,0,0,0,0,0,0,0,297,0,0,0,0,0,0,0,0,0,0,0,0,0,0,0,0,0,0,0,0,0,0,0,0,0,0,0,0,0,0,0,0,0,0,0,0,0,0,0,0,0,0,0,0,0,0,0,0,0,0,0,
2026-05-29,09:07:52.110,8.32,100,100,0,-0.176,5.90,25,0.784,94,0,-0.120,100,100,1.13,-11.41,0.00,6,55.415700 12.873600,19,2026-05-29 09:07:52,253,-1023,-319,0,-430,0,43,-20,322,0,0,-1,-1,-1,-1,-1,1,0,-1,-1,-1,1,36,516,-319,77,36,0,0,0,0,0,0,0,297,0,0,0,0,0,0,0,0,0,0,0,0,0,0,0,0,0,0,0,0,0,0,0,0,0,0,0,0,0,0,0,0,0,0,0,0,0,0,0,0,0,0,0,0,0,0,0,0,0,0,0,
2026-05-29,09:07:52.230,8.31,100,100,0,-0.147,5.93,25,1.113,94,0,0.023,100,100,1.29,-11.70,0.00,6,55.415700 12.873600,19,2026-05-29 09:07:52,173,-1024,-321,0,-429,0,42,-19,322,0,0,-1,-1,-1,-1,-1,1,0,-1,-1,-1,1,36,516,-321,53,36,0,0,0,0,0,0,0,298,0,0,0,0,0,0,0,0,0,0,0,0,0,0,0,0,0,0,0,0,0,0,0,0,0,0,0,0,0,0,0,0,0,0,0,0,0,0,0,0,0,0,0,0,0,0,0,0,0,0,0,
2026-05-29,09:07:52.350,8.32,100,100,0,-0.138,5.93,25,1.113,95,0,-0.079,100,100,1.29,-11.70,0.00,6,55.415700 12.873600,19,2026-05-29 09:07:52,140,-1023,-320,0,-430,0,43,-19,322,0,0,-1,-1,-1,-1,-1,1,0,-1,-1,-1,1,36,516,-320,42,36,0,0,0,0,0,0,0,297,0,0,0,0,0,0,0,0,0,0,0,0,0,0,0,0,0,0,0,0,0,0,0,0,0,0,0,0,0,0,0,0,0,0,0,0,0,0,0,0,0,0,0,0,0,0,0,0,0,0,0,
2026-05-29,09:07:52.460,8.32,100,100,0,-0.138,5.93,25,1.077,96,0,-0.079,100,100,-0.49,-11.60,0.00,6,55.415700 12.873600,19,2026-05-29 09:07:52,320,-1023,-324,0,-429,0,43,-11,321,0,0,-1,-1,-1,-1,-1,1,0,-1,-1,-1,1,36,516,-323,99,36,0,0,0,0,0,0,0,298,0,0,0,0,0,0,0,0,0,0,0,0,0,0,0,0,0,0,0,0,0,0,0,0,0,0,0,0,0,0,0,0,0,0,0,0,0,0,0,0,0,0,0,0,0,0,0,0,0,0,0,
2026-05-29,09:07:52.580,8.31,100,100,0,-0.122,5.92,25,1.011,95,0,0.002,100,100,-1.33,-11.08,0.00,6,55.415700 12.873600,19,2026-05-29 09:07:52,363,-1023,-324,0,-429,0,43,-15,322,0,0,-1,-1,-1,-1,-1,1,0,-1,-1,-1,1,36,516,-324,114,36,0,0,0,0,0,0,0,298,0,0,0,0,0,0,0,0,0,0,0,0,0,0,0,0,0,0,0,0,0,0,0,0,0,0,0,0,0,0,0,0,0,0,0,0,0,0,0,0,0,0,0,0,0,0,0,0,0,0,0,
2026-05-29,09:07:52.700,8.32,100,100,0,-0.180,5.91,25,0.525,96,0,0.005,100,100,-1.47,-11.00,0.00,6,55.415700 12.873600,19,2026-05-29 09:07:52,585,-1023,-323,0,-430,1,42,-17,321,0,0,-1,-1,-1,-1,-1,1,0,-1,-1,-1,1,36,516,-323,199,36,0,0,0,0,0,0,0,297,0,0,0,0,0,0,0,0,0,0,0,0,0,0,0,0,0,0,0,0,0,0,0,0,0,0,0,0,0,0,0,0,0,0,0,0,0,0,0,0,0,0,0,0,0,0,0,0,0,0,0,
2026-05-29,09:07:52.810,8.32,100,100,0,-0.180,5.91,25,0.525,97,0,0.005,100,100,-1.47,-11.00,0.00,6,55.415700 12.873600,19,2026-05-29 09:07:52,777,-1024,-388,0,-430,0,43,-16,322,0,0,-1,-1,-1,-1,-1,1,0,-1,-1,-1,1,36,516,-388,289,36,0,0,0,0,0,0,0,297,0,0,0,0,0,0,0,0,0,0,0,0,0,0,0,0,0,0,0,0,0,0,0,0,0,0,0,0,0,0,0,0,0,0,0,0,0,0,0,0,0,0,0,0,0,0,0,0,0,0,0,
2026-05-29,09:07:52.920,8.31,100,100,0,-0.134,5.91,25,0.457,97,0,-0.060,100,100,-1.25,-10.75,0.00,6,55.415600 12.873600,19,2026-05-29 09:07:52,954,-1023,-320,0,-430,0,43,-21,322,0,0,-1,-1,-1,-1,-1,1,0,-1,-1,-1,1,36,516,-320,389,36,0,0,0,0,0,0,0,297,0,0,0,0,0,0,0,0,0,0,0,0,0,0,0,0,0,0,0,0,0,0,0,0,0,0,0,0,0,0,0,0,0,0,0,0,0,0,0,0,0,0,0,0,0,0,0,0,0,0,0,
2026-05-29,09:07:53.030,8.31,100,100,0,-0.162,5.91,25,0.457,98,0,-0.134,100,100,-1.25,-10.75,0.00,7,55.415600 12.873600,19,2026-05-29 09:07:53,691,-1023,-316,0,-430,0,44,-19,322,0,0,-1,-1,-1,-1,-1,1,0,-1,-1,-1,1,36,516,-316,246,36,0,0,0,0,0,0,0,297,0,0,0,0,0,0,0,0,0,0,0,0,0,0,0,0,0,0,0,0,0,0,0,0,0,0,0,0,0,0,0,0,0,0,0,0,0,0,0,0,0,0,0,0,0,0,0,0,0,0,0,
2026-05-29,09:07:53.150,8.31,100,100,0,-0.162,5.92,25,0.908,98,0,-0.134,100,100,-3.01,-10.49,0.00,7,55.415600 12.873600,19,2026-05-29 09:07:53,607,-1022,-318,0,-429,0,43,-21,322,0,0,-1,-1,-1,-1,-1,1,0,-1,-1,-1,1,36,516,-318,207,36,0,0,0,0,0,0,0,298,0,0,0,0,0,0,0,0,0,0,0,0,0,0,0,0,0,0,0,0,0,0,0,0,0,0,0,0,0,0,0,0,0,0,0,0,0,0,0,0,0,0,0,0,0,0,0,0,0,0,0,
2026-05-29,09:07:53.290,8.31,100,99,0,-0.206,5.92,25,0.508,97,0,-0.136,100,100,-1.14,-10.25,0.00,7,55.415600 12.873600,19,2026-05-29 09:07:53,440,-1023,-395,0,-430,0,44,-18,322,0,0,-1,-1,-1,-1,-1,1,0,-1,-1,-1,1,36,516,-395,141,36,0,0,0,0,0,0,0,297,0,0,0,0,0,0,0,0,0,0,0,0,0,0,0,0,0,0,0,0,0,0,0,0,0,0,0,0,0,0,0,0,0,0,0,0,0,0,0,0,0,0,0,0,0,0,0,0,0,0,0,
2026-05-29,09:07:53.410,8.31,100,97,0,-0.189,5.91,25,0.389,96,0,-0.045,100,100,-0.35,-11.48,0.00,7,55.415600 12.873600,19,2026-05-29 09:07:53,775,-1023,-698,-5,-429,0,43,-18,322,0,0,-1,-1,-1,-1,-1,1,0,-1,-1,-1,1,38,516,-698,287,38,0,0,0,0,0,0,0,298,0,0,0,0,0,0,0,0,0,0,0,0,0,0,0,0,0,0,0,0,0,0,0,0,0,0,0,0,0,0,0,0,0,0,0,0,0,0,0,0,0,0,0,0,0,0,0,0,0,0,0,
2026-05-29,09:07:53.520,8.31,100,98,0,-0.189,5.93,25,0.389,93,0,-0.045,100,100,-0.35,-11.48,0.00,7,55.415600 12.873600,19,2026-05-29 09:07:53,511,-1023,-416,-20,-430,1,44,-18,321,0,0,-1,-1,-1,-1,-1,1,0,-1,-1,-1,1,43,516,-416,168,43,0,0,0,0,0,0,0,297,0,0,0,0,0,0,0,0,0,0,0,0,0,0,0,0,0,0,0,0,0,0,0,0,0,0,0,0,0,0,0,0,0,0,0,0,0,0,0,0,0,0,0,0,0,0,0,0,0,0,0,
2026-05-29,09:07:53.660,8.31,100,99,0,-0.127,5.92,25,0.555,90,0,0.016,100,100,0.38,-10.82,0.00,7,55.415600 12.873600,19,2026-05-29 09:07:53,659,-1023,-508,0,-430,1,42,-16,322,0,0,-1,-1,-1,-1,-1,1,0,-1,-1,-1,1,36,516,-508,231,36,0,0,0,0,0,0,0,298,0,0,0,0,0,0,0,0,0,0,0,0,0,0,0,0,0,0,0,0,0,0,0,0,0,0,0,0,0,0,0,0,0,0,0,0,0,0,0,0,0,0,0,0,0,0,0,0,0,0,0,
2026-05-29,09:07:53.780,8.31,100,99,0,0.102,5.91,25,1.339,90,0,-0.134,100,100,-1.04,-10.69,0.00,7,55.415600 12.873600,19,2026-05-29 09:07:53,683,-1023,-409,0,-429,0,43,-1,321,0,0,-1,-1,-1,-1,-1,1,0,-1,-1,-1,1,36,516,-409,242,36,0,0,0,0,0,0,0,298,0,0,0,0,0,0,0,0,0,0,0,0,0,0,0,0,0,0,0,0,0,0,0,0,0,0,0,0,0,0,0,0,0,0,0,0,0,0,0,0,0,0,0,0,0,0,0,0,0,0,0,
2026-05-29,09:07:53.900,8.31,100,99,0,0.003,5.94,25,1.318,90,0,-0.036,100,100,-1.05,-10.31,0.00,7,55.415600 12.873500,19,2026-05-29 09:07:53,752,-1023,-399,-1,-429,0,43,-17,321,0,0,-1,-1,-1,-1,-1,1,0,-1,-1,-1,1,37,516,-399,275,37,0,0,0,0,0,0,0,298,0,0,0,0,0,0,0,0,0,0,0,0,0,0,0,0,0,0,0,0,0,0,0,0,0,0,0,0,0,0,0,0,0,0,0,0,0,0,0,0,0,0,0,0,0,0,0,0,0,0,0,
2026-05-29,09:07:54.020,8.32,100,99,0,0.003,5.95,25,1.318,90,0,-0.036,100,100,-1.05,-10.31,0.00,5,55.415600 12.873500,17,2026-05-29 09:07:54,1008,-1023,-590,0,-430,0,43,-16,322,0,0,-1,-1,-1,-1,-1,1,0,-1,-1,-1,1,36,516,-590,425,36,0,0,0,0,0,0,0,297,0,0,0,0,0,0,0,0,0,0,0,0,0,0,0,0,0,0,0,0,0,0,0,0,0,0,0,0,0,0,0,0,0,0,0,0,0,0,0,0,0,0,0,0,0,0,0,0,0,0,0,
2026-05-29,09:07:54.140,8.31,100,100,0,0.010,5.93,25,1.441,90,0,-0.063,100,100,-0.76,-9.93,0.00,5,55.415600 12.873500,17,2026-05-29 09:07:54,1024,-1023,-322,0,-429,0,44,-19,322,0,0,-1,-1,-1,-1,-1,1,0,-1,-1,-1,1,36,516,-322,435,36,0,0,0,0,0,0,0,298,0,0,0,0,0,0,0,0,0,0,0,0,0,0,0,0,0,0,0,0,0,0,0,0,0,0,0,0,0,0,0,0,0,0,0,0,0,0,0,0,0,0,0,0,0,0,0,0,0,0,0,
2026-05-29,09:07:54.260,8.32,100,100,0,-0.121,5.95,25,0.779,91,0,-0.010,100,100,-1.63,-9.84,0.00,5,55.415600 12.873500,17,2026-05-29 09:07:54,981,-1023,-372,0,-429,0,43,-18,321,0,0,-1,-1,-1,-1,-1,1,0,-1,-1,-1,1,36,516,-372,407,36,0,0,0,0,0,0,0,298,0,0,0,0,0,0,0,0,0,0,0,0,0,0,0,0,0,0,0,0,0,0,0,0,0,0,0,0,0,0,0,0,0,0,0,0,0,0,0,0,0,0,0,0,0,0,0,0,0,0,0,
2026-05-29,09:07:54.390,8.32,100,100,0,-0.073,5.93,25,1.120,91,0,0.046,100,100,-1.20,-9.62,0.00,4,55.415600 12.873500,17,2026-05-29 09:07:54,1023,-1023,-365,-13,-430,0,43,-19,322,0,0,-1,-1,-1,-1,-1,1,0,-1,-1,-1,1,41,516,-365,435,41,0,0,0,0,0,0,0,297,0,0,0,0,0,0,0,0,0,0,0,0,0,0,0,0,0,0,0,0,0,0,0,0,0,0,0,0,0,0,0,0,0,0,0,0,0,0,0,0,0,0,0,0,0,0,0,0,0,0,0,
2026-05-29,09:07:54.510,8.31,100,100,0,-0.073,5.93,25,1.120,92,0,0.046,100,100,-1.20,-9.62,0.00,4,55.415600 12.873500,17,2026-05-29 09:07:54,1023,-1023,-851,0,-430,4,43,-19,321,0,0,-1,-1,-1,-1,-1,1,0,-1,-1,-1,1,36,516,-851,435,36,0,0,0,0,0,0,0,297,0,0,0,0,0,0,0,0,0,0,0,0,0,0,0,0,0,0,0,0,0,0,0,0,0,0,0,0,0,0,0,0,0,0,0,0,0,0,0,0,0,0,0,0,0,0,0,0,0,0,0,
2026-05-29,09:07:54.630,8.32,100,100,0,-0.069,5.93,25,1.013,92,0,-0.054,100,100,-1.20,-9.61,0.00,4,55.415600 12.873500,17,2026-05-29 09:07:54,1023,-1024,-1023,-55,-429,1,43,-19,321,0,0,-1,-1,-1,-1,-1,1,0,-1,-1,-1,0,55,516,-1023,435,55,0,0,0,0,0,0,0,298,0,0,0,0,0,0,0,0,0,0,0,0,0,0,0,0,0,0,0,0,0,0,0,0,0,0,0,0,0,0,0,0,0,0,0,0,0,0,0,0,0,0,0,0,0,0,0,0,0,0,0,
2026-05-29,09:07:54.760,8.32,100,100,0,-0.003,5.95,25,1.027,94,0,-0.169,100,100,-1.65,-9.00,0.00,4,55.415600 12.873500,17,2026-05-29 09:07:54,550,-1023,-1024,0,-429,0,44,-17,322,0,0,-1,-1,-1,-1,-1,1,0,-1,-1,-1,0,36,516,-1024,184,36,0,0,0,0,0,0,0,298,0,0,0,0,0,0,0,0,0,0,0,0,0,0,0,0,0,0,0,0,0,0,0,0,0,0,0,0,0,0,0,0,0,0,0,0,0,0,0,0,0,0,0,0,0,0,0,0,0,0,0,
2026-05-29,09:07:54.890,8.32,100,100,0,0.061,5.94,25,0.978,91,0,-0.055,100,100,-1.65,-9.00,0.00,4,55.415600 12.873500,17,2026-05-29 09:07:54,576,-1023,-1024,0,-430,0,44,-17,322,0,0,-1,-1,-1,-1,-1,1,0,-1,-1,-1,0,36,516,-1024,195,36,0,0,0,0,0,0,0,297,0,0,0,0,0,0,0,0,0,0,0,0,0,0,0,0,0,0,0,0,0,0,0,0,0,0,0,0,0,0,0,0,0,0,0,0,0,0,0,0,0,0,0,0,0,0,0,0,0,0,0,
2026-05-29,09:07:55.030,8.32,100,100,0,0.061,5.93,25,0.978,90,0,-0.055,100,100,-2.55,-8.51,0.00,3,55.415600 12.873500,15,2026-05-29 09:07:55,416,-779,-1024,0,-430,0,43,-12,321,0,0,-1,-1,-1,-1,-1,1,0,-1,-1,-1,0,36,346,-1024,133,36,0,0,0,0,0,0,0,297,0,0,0,0,0,0,0,0,0,0,0,0,0,0,0,0,0,0,0,0,0,0,0,0,0,0,0,0,0,0,0,0,0,0,0,0,0,0,0,0,0,0,0,0,0,0,0,0,0,0,0,
2026-05-29,09:07:55.150,8.32,100,100,0,0.004,5.92,25,0.997,89,0,0.112,100,100,-1.07,-7.61,0.00,3,55.415600 12.873500,15,2026-05-29 09:07:55,225,-523,-1024,0,-429,0,43,-18,322,0,0,-1,-1,-1,-1,-1,1,0,-1,-1,-1,0,36,196,-1024,61,36,0,0,0,0,0,0,0,298,0,0,0,0,0,0,0,0,0,0,0,0,0,0,0,0,0,0,0,0,0,0,0,0,0,0,0,0,0,0,0,0,0,0,0,0,0,0,0,0,0,0,0,0,0,0,0,0,0,0,0,
2026-05-29,09:07:55.270,8.31,100,100,0,-0.226,5.94,25,0.962,89,0,0.003,100,100,-1.62,-7.17,0.00,3,55.415600 12.873500,15,2026-05-29 09:07:55,0,-141,-1024,0,-430,0,43,-13,321,0,0,-1,-1,-1,-1,-1,1,0,-1,-1,-1,0,36,58,-1024,0,36,0,0,0,0,0,0,0,297,0,0,0,0,0,0,0,0,0,0,0,0,0,0,0,0,0,0,0,0,0,0,0,0,0,0,0,0,0,0,0,0,0,0,0,0,0,0,0,0,0,0,0,0,0,0,0,0,0,0,0,
2026-05-29,09:07:55.390,8.31,100,100,0,-0.175,5.93,25,0.962,89,0,-0.024,100,100,-1.62,-7.17,0.00,2,55.415600 12.873500,15,2026-05-29 09:07:55,24,0,-1024,-6,-429,0,43,0,322,0,0,-1,-1,-1,-1,-1,1,0,-1,-1,-1,0,39,8,-1024,8,39,0,0,0,0,0,0,0,298,0,0,0,0,0,0,0,0,0,0,0,0,0,0,0,0,0,0,0,0,0,0,0,0,0,0,0,0,0,0,0,0,0,0,0,0,0,0,0,0,0,0,0,0,0,0,0,0,0,0,0,
2026-05-29,09:07:55.500,8.31,100,100,0,-0.175,5.96,25,1.003,88,0,-0.024,100,100,-1.58,-7.37,0.00,2,55.415600 12.873500,15,2026-05-29 09:07:55,0,0,-1024,0,-430,0,43,-9,322,0,0,-1,-1,-1,-1,-1,1,0,-1,-1,-1,0,36,8,-1024,0,36,0,0,0,0,0,0,0,297,0,0,0,0,0,0,0,0,0,0,0,0,0,0,0,0,0,0,0,0,0,0,0,0,0,0,0,0,0,0,0,0,0,0,0,0,0,0,0,0,0,0,0,0,0,0,0,0,0,0,0,
2026-05-29,09:07:55.620,8.31,100,100,0,-0.173,5.97,25,0.975,85,0,-0.015,100,100,-1.62,-7.56,0.00,2,55.415600 12.873500,15,2026-05-29 09:07:55,0,0,-1023,0,-430,0,43,-18,322,0,0,-1,-1,-1,-1,-1,1,0,-1,-1,-1,0,36,8,-1023,0,36,0,0,0,0,0,0,0,297,0,0,0,0,0,0,0,0,0,0,0,0,0,0,0,0,0,0,0,0,0,0,0,0,0,0,0,0,0,0,0,0,0,0,0,0,0,0,0,0,0,0,0,0,0,0,0,0,0,0,0,
2026-05-29,09:07:55.730,8.32,100,100,0,-0.168,5.98,25,0.975,86,0,-0.015,100,100,-1.62,-7.56,0.00,2,55.415600 12.873500,15,2026-05-29 09:07:55,0,0,-1024,0,-429,0,43,-17,322,0,0,-1,-1,-1,-1,-1,1,0,-1,-1,-1,0,36,8,-1024,0,36,0,0,0,0,0,0,0,298,0,0,0,0,0,0,0,0,0,0,0,0,0,0,0,0,0,0,0,0,0,0,0,0,0,0,0,0,0,0,0,0,0,0,0,0,0,0,0,0,0,0,0,0,0,0,0,0,0,0,0,
2026-05-29,09:07:55.850,8.32,100,100,0,-0.168,5.98,25,0.987,85,0,-0.016,100,100,-1.57,-7.73,0.00,2,55.415600 12.873500,15,2026-05-29 09:07:55,0,0,-1024,0,-430,0,44,-13,322,0,0,-1,-1,-1,-1,-1,1,0,-1,-1,-1,0,36,8,-1024,0,36,0,0,0,0,0,0,0,297,0,0,0,0,0,0,0,0,0,0,0,0,0,0,0,0,0,0,0,0,0,0,0,0,0,0,0,0,0,0,0,0,0,0,0,0,0,0,0,0,0,0,0,0,0,0,0,0,0,0,0,
2026-05-29,09:07:55.980,8.32,100,100,0,-0.164,5.99,25,0.990,87,0,-0.019,100,100,-1.50,-7.88,0.00,0,55.415700 12.873500,14,2026-05-29 09:07:56,0,0,-1024,0,-429,1,43,-16,322,0,0,-1,-1,-1,-1,-1,1,0,-1,-1,-1,0,36,8,-1024,0,36,0,0,0,0,0,0,0,298,0,0,0,0,0,0,0,0,0,0,0,0,0,0,0,0,0,0,0,0,0,0,0,0,0,0,0,0,0,0,0,0,0,0,0,0,0,0,0,0,0,0,0,0,0,0,0,0,0,0,0,
2026-05-29,09:07:56.090,8.32,100,100,0,-0.166,5.99,25,0.991,89,0,-0.017,100,100,-1.49,-8.02,0.00,0,55.415700 12.873500,14,2026-05-29 09:07:56,0,0,-1024,0,-429,0,43,-20,322,0,0,-1,-1,-1,-1,-1,1,0,-1,-1,-1,0,36,8,-1024,0,36,0,0,0,0,0,0,0,298,0,0,0,0,0,0,0,0,0,0,0,0,0,0,0,0,0,0,0,0,0,0,0,0,0,0,0,0,0,0,0,0,0,0,0,0,0,0,0,0,0,0,0,0,0,0,0,0,0,0,0,
2026-05-29,09:07:56.210,8.32,100,100,0,-0.166,5.99,25,0.991,89,0,-0.017,100,100,-1.49,-8.02,0.00,0,55.415700 12.873500,14,2026-05-29 09:07:56,0,0,-1024,0,-429,0,43,-16,321,0,0,-1,-1,-1,-1,-1,1,0,-1,-1,-1,0,36,8,-1024,0,36,0,0,0,0,0,0,0,298,0,0,0,0,0,0,0,0,0,0,0,0,0,0,0,0,0,0,0,0,0,0,0,0,0,0,0,0,0,0,0,0,0,0,0,0,0,0,0,0,0,0,0,0,0,0,0,0,0,0,0,
2026-05-29,09:07:56.320,8.32,100,100,0,-0.162,6.00,25,0.990,89,0,-0.018,100,100,-1.50,-8.15,0.00,0,55.415700 12.873500,14,2026-05-29 09:07:56,0,0,-1024,0,-430,0,43,-18,322,0,0,-1,-1,-1,-1,-1,1,0,-1,-1,-1,0,36,8,-1024,0,36,0,0,0,0,0,0,0,297,0,0,0,0,0,0,0,0,0,0,0,0,0,0,0,0,0,0,0,0,0,0,0,0,0,0,0,0,0,0,0,0,0,0,0,0,0,0,0,0,0,0,0,0,0,0,0,0,0,0,0,
2026-05-29,09:07:56.440,8.32,100,99,0,-0.166,6.00,25,0.991,89,0,-0.017,100,100,-1.46,-8.26,0.00,0,55.415700 12.873500,14,2026-05-29 09:07:56,0,0,-1024,0,-430,1,44,-22,321,0,0,-1,-1,-1,-1,-1,1,0,-1,-1,-1,0,36,8,-1024,0,36,0,0,0,0,0,0,0,297,0,0,0,0,0,0,0,0,0,0,0,0,0,0,0,0,0,0,0,0,0,0,0,0,0,0,0,0,0,0,0,0,0,0,0,0,0,0,0,0,0,0,0,0,0,0,0,0,0,0,0,
2026-05-29,09:07:56.560,8.32,100,99,0,-0.166,6.00,25,0.991,87,0,-0.017,100,100,-1.46,-8.26,0.00,0,55.415700 12.873500,14,2026-05-29 09:07:56,0,0,-1024,0,-429,0,44,-4,322,0,0,-1,-1,-1,-1,-1,1,0,-1,-1,-1,0,36,8,-1024,0,36,0,0,0,0,0,0,0,298,0,0,0,0,0,0,0,0,0,0,0,0,0,0,0,0,0,0,0,0,0,0,0,0,0,0,0,0,0,0,0,0,0,0,0,0,0,0,0,0,0,0,0,0,0,0,0,0,0,0,0,
2026-05-29,09:07:56.680,8.32,100,100,0,-0.166,6.00,25,0.993,85,0,-0.016,100,100,-1.43,-8.37,0.00,0,55.415700 12.873500,14,2026-05-29 09:07:56,0,0,-1023,0,-430,1,43,-17,322,0,0,-1,-1,-1,-1,-1,1,0,-1,-1,-1,0,36,8,-1023,0,36,0,0,0,0,0,0,0,297,0,0,0,0,0,0,0,0,0,0,0,0,0,0,0,0,0,0,0,0,0,0,0,0,0,0,0,0,0,0,0,0,0,0,0,0,0,0,0,0,0,0,0,0,0,0,0,0,0,0,0,
2026-05-29,09:07:56.790,8.32,100,100,0,-0.164,6.00,25,0.985,84,0,-0.014,100,100,-1.41,-8.47,0.00,0,55.415700 12.873500,14,2026-05-29 09:07:56,0,0,-1024,0,-429,0,44,-16,322,0,0,-1,-1,-1,-1,-1,1,0,-1,-1,-1,0,36,8,-1024,0,36,0,0,0,0,0,0,0,298,0,0,0,0,0,0,0,0,0,0,0,0,0,0,0,0,0,0,0,0,0,0,0,0,0,0,0,0,0,0,0,0,0,0,0,0,0,0,0,0,0,0,0,0,0,0,0,0,0,0,0,
2026-05-29,09:07:56.930,8.32,100,100,0,-0.162,5.97,25,0.987,85,0,-0.015,100,100,-1.38,-8.56,0.00,0,55.415700 12.873500,14,2026-05-29 09:07:56,0,0,-1024,0,-429,0,43,-16,322,0,0,-1,-1,-1,-1,-1,1,0,-1,-1,-1,0,36,8,-1024,0,36,0,0,0,0,0,0,0,297,0,0,0,0,0,0,0,0,0,0,0,0,0,0,0,0,0,0,0,0,0,0,0,0,0,0,0,0,0,0,0,0,0,0,0,0,0,0,0,0,0,0,0,0,0,0,0,0,0,0,0,
2026-05-29,09:07:57.050,8.32,100,100,0,-0.162,5.98,25,0.987,86,0,-0.015,100,100,-1.38,-8.56,0.00,0,55.415700 12.873500,12,2026-05-29 09:07:57,0,0,-1024,0,-429,0,43,-18,322,0,0,-1,-1,-1,-1,-1,1,0,-1,-1,-1,0,36,8,-1024,0,36,0,0,0,0,0,0,0,298,0,0,0,0,0,0,0,0,0,0,0,0,0,0,0,0,0,0,0,0,0,0,0,0,0,0,0,0,0,0,0,0,0,0,0,0,0,0,0,0,0,0,0,0,0,0,0,0,0,0,0,
2026-05-29,09:07:57.160,8.32,100,100,0,-0.164,5.98,25,0.992,86,0,-0.013,100,100,-1.36,-8.64,0.00,0,55.415700 12.873500,12,2026-05-29 09:07:57,0,0,-1024,0,-429,0,42,-16,322,0,0,-1,-1,-1,-1,-1,1,0,-1,-1,-1,0,36,8,-1024,0,36,0,0,0,0,0,0,0,298,0,0,0,0,0,0,0,0,0,0,0,0,0,0,0,0,0,0,0,0,0,0,0,0,0,0,0,0,0,0,0,0,0,0,0,0,0,0,0,0,0,0,0,0,0,0,0,0,0,0,0,
2026-05-29,09:07:57.280,8.32,100,100,0,-0.165,5.99,25,0.997,85,0,-0.014,100,100,-1.34,-8.72,0.00,0,55.415700 12.873500,12,2026-05-29 09:07:57,0,0,-1024,0,-430,0,42,-17,322,0,0,-1,-1,-1,-1,-1,1,0,-1,-1,-1,0,36,8,-1024,0,36,0,0,0,0,0,0,0,297,0,0,0,0,0,0,0,0,0,0,0,0,0,0,0,0,0,0,0,0,0,0,0,0,0,0,0,0,0,0,0,0,0,0,0,0,0,0,0,0,0,0,0,0,0,0,0,0,0,0,0,
2026-05-29,09:07:57.400,8.32,100,100,0,-0.165,5.99,25,0.997,88,0,-0.014,100,100,-1.34,-8.72,0.00,0,55.415700 12.873500,12,2026-05-29 09:07:57,0,0,-1024,0,-430,0,43,-21,322,0,0,-1,-1,-1,-1,-1,1,0,-1,-1,-1,0,36,8,-1024,0,36,0,0,0,0,0,0,0,297,0,0,0,0,0,0,0,0,0,0,0,0,0,0,0,0,0,0,0,0,0,0,0,0,0,0,0,0,0,0,0,0,0,0,0,0,0,0,0,0,0,0,0,0,0,0,0,0,0,0,0,
2026-05-29,09:07:57.510,8.32,100,100,0,-0.163,6.00,25,0.987,90,0,-0.014,100,100,-1.33,-8.79,0.00,0,55.415700 12.873500,12,2026-05-29 09:07:57,0,0,-1024,0,-429,2,43,-3,321,0,0,-1,-1,-1,-1,-1,1,0,-1,-1,-1,0,36,8,-1024,0,36,0,0,0,0,0,0,0,298,0,0,0,0,0,0,0,0,0,0,0,0,0,0,0,0,0,0,0,0,0,0,0,0,0,0,0,0,0,0,0,0,0,0,0,0,0,0,0,0,0,0,0,0,0,0,0,0,0,0,0,
2026-05-29,09:07:57.630,8.32,100,100,0,-0.163,6.00,25,0.988,90,0,-0.015,100,100,-1.32,-8.85,0.00,0,55.415700 12.873500,12,2026-05-29 09:07:57,0,0,-1024,0,-429,0,43,-17,321,0,0,-1,-1,-1,-1,-1,1,0,-1,-1,-1,0,36,8,-1024,0,36,0,0,0,0,0,0,0,298,0,0,0,0,0,0,0,0,0,0,0,0,0,0,0,0,0,0,0,0,0,0,0,0,0,0,0,0,0,0,0,0,0,0,0,0,0,0,0,0,0,0,0,0,0,0,0,0,0,0,0,
2026-05-29,09:07:57.750,8.32,100,100,0,-0.163,6.00,25,0.988,90,0,-0.015,100,100,-1.32,-8.85,0.00,0,55.415700 12.873500,12,2026-05-29 09:07:57,0,0,-1024,0,-429,0,44,-2,321,0,0,-1,-1,-1,-1,-1,1,0,-1,-1,-1,0,36,8,-1024,0,36,0,0,0,0,0,0,0,298,0,0,0,0,0,0,0,0,0,0,0,0,0,0,0,0,0,0,0,0,0,0,0,0,0,0,0,0,0,0,0,0,0,0,0,0,0,0,0,0,0,0,0,0,0,0,0,0,0,0,0,
2026-05-29,09:07:57.860,8.32,100,100,0,-0.163,6.00,25,0.988,92,0,-0.015,100,100,-1.30,-8.91,0.00,0,55.415700 12.873500,12,2026-05-29 09:07:57,0,-839,-1024,0,-430,1,44,-17,321,0,0,-1,-1,-1,-1,-1,1,0,-1,-1,-1,0,36,383,-1024,0,36,0,0,0,0,0,0,0,297,0,0,0,0,0,0,0,0,0,0,0,0,0,0,0,0,0,0,0,0,0,0,0,0,0,0,0,0,0,0,0,0,0,0,0,0,0,0,0,0,0,0,0,0,0,0,0,0,0,0,0,
2026-05-29,09:07:57.970,8.32,100,100,0,-0.167,5.95,25,0.994,92,0,-0.014,100,100,-1.29,-8.96,0.00,0,55.415700 12.873500,10,2026-05-29 09:07:57,0,-1023,-1024,0,-430,0,44,-18,322,0,0,-1,-1,-1,-1,-1,1,0,-1,-1,-1,0,36,516,-1024,0,36,0,0,0,0,0,0,0,297,0,0,0,0,0,0,0,0,0,0,0,0,0,0,0,0,0,0,0,0,0,0,0,0,0,0,0,0,0,0,0,0,0,0,0,0,0,0,0,0,0,0,0,0,0,0,0,0,0,0,0,
2026-05-29,09:07:58.080,8.31,100,100,0,-0.167,5.97,25,0.994,92,0,-0.014,100,100,-1.29,-8.96,0.00,0,55.415700 12.873500,10,2026-05-29 09:07:58,0,-1023,-1024,0,-429,0,43,-17,322,0,0,-1,-1,-1,-1,-1,1,0,-1,-1,-1,0,36,516,-1024,0,36,0,0,0,0,0,0,0,298,0,0,0,0,0,0,0,0,0,0,0,0,0,0,0,0,0,0,0,0,0,0,0,0,0,0,0,0,0,0,0,0,0,0,0,0,0,0,0,0,0,0,0,0,0,0,0,0,0,0,0,
2026-05-29,09:07:58.200,8.31,100,100,0,-0.165,5.95,25,0.994,93,0,-0.017,100,100,-1.28,-9.00,0.00,0,55.415700 12.873500,10,2026-05-29 09:07:58,0,-1023,-827,0,-430,1,43,-18,322,0,0,-1,-1,-1,-1,-1,1,0,-1,-1,-1,1,36,516,-826,0,36,0,0,0,0,0,0,0,297,0,0,0,0,0,0,0,0,0,0,0,0,0,0,0,0,0,0,0,0,0,0,0,0,0,0,0,0,0,0,0,0,0,0,0,0,0,0,0,0,0,0,0,0,0,0,0,0,0,0,0,
2026-05-29,09:07:58.310,8.31,100,100,0,-0.168,5.96,25,0.998,92,0,-0.015,100,100,-1.27,-9.05,0.00,0,55.415700 12.873500,10,2026-05-29 09:07:58,0,-1023,-663,0,-429,0,42,-18,322,0,0,-1,-1,-1,-1,-1,1,0,-1,-1,-1,1,36,516,-663,0,36,0,0,0,0,0,0,0,298,0,0,0,0,0,0,0,0,0,0,0,0,0,0,0,0,0,0,0,0,0,0,0,0,0,0,0,0,0,0,0,0,0,0,0,0,0,0,0,0,0,0,0,0,0,0,0,0,0,0,0,
2026-05-29,09:07:58.430,8.31,100,100,0,-0.163,5.97,25,0.998,93,0,-0.016,100,100,-1.27,-9.05,0.00,0,55.415700 12.873500,10,2026-05-29 09:07:58,0,-1023,-561,0,-429,1,43,-20,322,0,0,-1,-1,-1,-1,-1,1,0,-1,-1,-1,1,36,516,-561,0,36,0,0,0,0,0,0,0,298,0,0,0,0,0,0,0,0,0,0,0,0,0,0,0,0,0,0,0,0,0,0,0,0,0,0,0,0,0,0,0,0,0,0,0,0,0,0,0,0,0,0,0,0,0,0,0,0,0,0,0,
2026-05-29,09:07:58.550,8.31,100,100,0,-0.163,5.98,25,0.991,94,0,-0.016,100,100,-1.25,-9.09,0.00,0,55.415700 12.873500,10,2026-05-29 09:07:58,0,-1023,-512,0,-429,0,45,-23,321,0,0,-1,-1,-1,-1,-1,1,0,-1,-1,-1,1,36,516,-511,0,36,0,0,0,0,0,0,0,298,0,0,0,0,0,0,0,0,0,0,0,0,0,0,0,0,0,0,0,0,0,0,0,0,0,0,0,0,0,0,0,0,0,0,0,0,0,0,0,0,0,0,0,0,0,0,0,0,0,0,0,
2026-05-29,09:07:58.660,8.31,100,99,0,-0.165,5.99,25,0.990,95,0,-0.010,100,100,-1.26,-9.13,0.00,0,55.415700 12.873500,10,2026-05-29 09:07:58,0,-1023,-504,4,-430,1,43,-20,321,0,0,-1,-1,-1,-1,-1,1,0,-1,-1,-1,1,34,516,-504,0,34,0,0,0,0,0,0,0,297,0,0,0,0,0,0,0,0,0,0,0,0,0,0,0,0,0,0,0,0,0,0,0,0,0,0,0,0,0,0,0,0,0,0,0,0,0,0,0,0,0,0,0,0,0,0,0,0,0,0,0,
2026-05-29,09:07:58.780,8.31,100,100,0,-0.157,5.99,25,0.991,95,0,-0.027,100,100,-1.39,-9.17,0.00,0,55.415700 12.873500,10,2026-05-29 09:07:58,0,-1023,-408,0,-429,0,43,-17,322,0,0,-1,-1,-1,-1,-1,1,0,-1,-1,-1,1,36,516,-408,0,36,0,0,0,0,0,0,0,298,0,0,0,0,0,0,0,0,0,0,0,0,0,0,0,0,0,0,0,0,0,0,0,0,0,0,0,0,0,0,0,0,0,0,0,0,0,0,0,0,0,0,0,0,0,0,0,0,0,0,0,
2026-05-29,09:07:58.890,8.31,100,100,0,-0.157,5.99,25,0.991,95,0,-0.027,100,100,-1.39,-9.17,0.00,0,55.415700 12.873500,10,2026-05-29 09:07:58,0,-1024,-397,0,-430,0,43,-20,322,0,0,-1,-1,-1,-1,-1,1,0,-1,-1,-1,1,36,516,-397,0,36,0,0,0,0,0,0,0,297,0,0,0,0,0,0,0,0,0,0,0,0,0,0,0,0,0,0,0,0,0,0,0,0,0,0,0,0,0,0,0,0,0,0,0,0,0,0,0,0,0,0,0,0,0,0,0,0,0,0,0,
2026-05-29,09:07:59.000,8.31,100,100,0,-0.188,5.97,25,0.981,95,0,-0.025,100,100,-1.34,-9.20,0.00,0,55.415700 12.873500,9,2026-05-29 09:07:59,0,-1023,-393,0,-430,0,43,-17,322,0,0,-1,-1,-1,-1,-1,1,0,-1,-1,-1,1,36,516,-393,0,36,0,0,0,0,0,0,0,297,0,0,0,0,0,0,0,0,0,0,0,0,0,0,0,0,0,0,0,0,0,0,0,0,0,0,0,0,0,0,0,0,0,0,0,0,0,0,0,0,0,0,0,0,0,0,0,0,0,0,0,
2026-05-29,09:07:59.120,8.31,100,100,0,-0.163,5.95,25,0.994,96,0,-0.019,100,100,-1.21,-9.24,0.00,0,55.415700 12.873500,9,2026-05-29 09:07:59,0,-1023,-303,0,-429,0,43,-19,322,0,0,-1,-1,-1,-1,-1,1,0,-1,-1,-1,1,36,516,-303,0,36,0,0,0,0,0,0,0,297,0,0,0,0,0,0,0,0,0,0,0,0,0,0,0,0,0,0,0,0,0,0,0,0,0,0,0,0,0,0,0,0,0,0,0,0,0,0,0,0,0,0,0,0,0,0,0,0,0,0,0,
2026-05-29,09:07:59.230,8.31,100,100,0,-0.163,5.94,25,0.994,97,0,-0.019,100,100,-1.21,-9.24,0.00,0,55.415700 12.873500,9,2026-05-29 09:07:59,0,-1023,-194,0,-429,0,42,-17,322,0,0,-1,-1,-1,-1,-1,1,0,-1,-1,-1,1,36,516,-194,0,36,0,0,0,0,0,0,0,298,0,0,0,0,0,0,0,0,0,0,0,0,0,0,0,0,0,0,0,0,0,0,0,0,0,0,0,0,0,0,0,0,0,0,0,0,0,0,0,0,0,0,0,0,0,0,0,0,0,0,0,
2026-05-29,09:07:59.350,8.32,100,100,0,-0.192,5.97,25,1.011,98,0,0.007,100,100,-1.16,-9.26,0.00,0,55.415700 12.873500,9,2026-05-29 09:07:59,0,-1023,-190,0,-430,0,43,-21,321,0,0,-1,-1,-1,-1,-1,1,0,-1,-1,-1,1,36,516,-190,0,36,0,0,0,0,0,0,0,297,0,0,0,0,0,0,0,0,0,0,0,0,0,0,0,0,0,0,0,0,0,0,0,0,0,0,0,0,0,0,0,0,0,0,0,0,0,0,0,0,0,0,0,0,0,0,0,0,0,0,0,
2026-05-29,09:07:59.470,8.31,100,100,0,-0.247,5.95,25,0.999,99,0,-0.046,100,100,-1.17,-9.37,0.00,0,55.415700 12.873500,9,2026-05-29 09:07:59,0,-1024,-190,0,-430,1,43,-19,321,0,0,-1,-1,-1,-1,-1,1,0,-1,-1,-1,1,36,516,-189,0,36,0,0,0,0,0,0,0,298,0,0,0,0,0,0,0,0,0,0,0,0,0,0,0,0,0,0,0,0,0,0,0,0,0,0,0,0,0,0,0,0,0,0,0,0,0,0,0,0,0,0,0,0,0,0,0,0,0,0,0,
2026-05-29,09:07:59.580,8.31,100,100,0,-0.247,5.94,25,0.999,98,0,-0.046,100,100,-1.17,-9.37,0.00,0,55.415700 12.873500,9,2026-05-29 09:07:59,0,-1023,-190,0,-429,0,43,-14,322,0,0,-1,-1,-1,-1,-1,1,0,-1,-1,-1,1,36,516,-190,0,36,0,0,0,0,0,0,0,298,0,0,0,0,0,0,0,0,0,0,0,0,0,0,0,0,0,0,0,0,0,0,0,0,0,0,0,0,0,0,0,0,0,0,0,0,0,0,0,0,0,0,0,0,0,0,0,0,0,0,0,
2026-05-29,09:07:59.700,8.31,100,100,0,-0.282,5.93,25,0.988,95,0,0.055,100,100,-0.44,-9.98,0.00,0,55.415700 12.873500,9,2026-05-29 09:07:59,45,-1023,-190,0,-429,0,43,-18,321,0,0,-1,-1,-1,-1,-1,1,0,-1,-1,-1,1,36,516,-190,14,36,0,0,0,0,0,0,0,298,0,0,0,0,0,0,0,0,0,0,0,0,0,0,0,0,0,0,0,0,0,0,0,0,0,0,0,0,0,0,0,0,0,0,0,0,0,0,0,0,0,0,0,0,0,0,0,0,0,0,0,
2026-05-29,09:07:59.820,8.31,100,100,0,-0.246,5.92,25,1.212,93,0,0.058,100,100,-0.30,-10.37,0.00,0,55.415700 12.873500,9,2026-05-29 09:07:59,0,-1023,-191,0,-430,2,43,-24,322,0,0,-1,-1,-1,-1,-1,1,0,-1,-1,-1,1,36,516,-191,0,36,0,0,0,0,0,0,0,298,0,0,0,0,0,0,0,0,0,0,0,0,0,0,0,0,0,0,0,0,0,0,0,0,0,0,0,0,0,0,0,0,0,0,0,0,0,0,0,0,0,0,0,0,0,0,0,0,0,0,0,
2026-05-29,09:07:59.950,8.31,100,100,0,-0.246,5.91,25,1.212,92,0,0.058,100,100,-0.30,-10.37,0.00,0,55.415700 12.873500,8,2026-05-29 09:07:59,54,-1023,-272,0,-429,0,44,-16,322,0,0,-1,-1,-1,-1,-1,1,0,-1,-1,-1,1,36,516,-272,16,36,0,0,0,0,0,0,0,298,0,0,0,0,0,0,0,0,0,0,0,0,0,0,0,0,0,0,0,0,0,0,0,0,0,0,0,0,0,0,0,0,0,0,0,0,0,0,0,0,0,0,0,0,0,0,0,0,0,0,0,
2026-05-29,09:08:00.060,8.31,100,100,0,-0.246,5.91,25,0.707,91,0,-0.027,100,100,-0.75,-10.61,0.00,2,55.415700 12.873500,8,2026-05-29 09:08:00,286,-1023,-351,0,-430,0,43,-16,322,0,0,-1,-1,-1,-1,-1,1,0,-1,-1,-1,1,36,516,-351,88,36,0,0,0,0,0,0,0,297,0,0,0,0,0,0,0,0,0,0,0,0,0,0,0,0,0,0,0,0,0,0,0,0,0,0,0,0,0,0,0,0,0,0,0,0,0,0,0,0,0,0,0,0,0,0,0,0,0,0,0,
2026-05-29,09:08:00.170,8.31,100,100,0,-0.192,5.91,25,0.850,93,0,0.000,100,100,0.94,-11.03,0.00,2,55.415700 12.873500,8,2026-05-29 09:08:00,337,-1023,-351,0,-430,1,44,-19,322,0,0,-1,-1,-1,-1,-1,1,0,-1,-1,-1,1,36,516,-351,105,36,0,0,0,0,0,0,0,297,0,0,0,0,0,0,0,0,0,0,0,0,0,0,0,0,0,0,0,0,0,0,0,0,0,0,0,0,0,0,0,0,0,0,0,0,0,0,0,0,0,0,0,0,0,0,0,0,0,0,0,
2026-05-29,09:08:00.290,8.31,100,100,0,-0.063,5.90,25,0.850,95,0,0.000,100,100,0.94,-11.03,0.00,2,55.415700 12.873500,8,2026-05-29 09:08:00,293,-1023,-348,0,-429,0,43,-18,322,0,0,-1,-1,-1,-1,-1,1,0,-1,-1,-1,1,36,516,-348,91,36,0,0,0,0,0,0,0,298,0,0,0,0,0,0,0,0,0,0,0,0,0,0,0,0,0,0,0,0,0,0,0,0,0,0,0,0,0,0,0,0,0,0,0,0,0,0,0,0,0,0,0,0,0,0,0,0,0,0,0,
2026-05-29,09:08:00.410,8.31,100,100,0,-0.063,5.90,25,0.883,96,0,0.057,100,100,1.03,-11.52,0.00,3,55.415700 12.873500,8,2026-05-29 09:08:00,264,-1023,-320,0,-429,0,44,-17,322,0,0,-1,-1,-1,-1,-1,1,0,-1,-1,-1,1,36,516,-320,81,36,0,0,0,0,0,0,0,298,0,0,0,0,0,0,0,0,0,0,0,0,0,0,0,0,0,0,0,0,0,0,0,0,0,0,0,0,0,0,0,0,0,0,0,0,0,0,0,0,0,0,0,0,0,0,0,0,0,0,0,
2026-05-29,09:08:00.530,8.31,100,100,0,-0.168,5.90,25,1.092,97,0,-0.004,100,100,-0.08,-10.60,0.00,3,55.415700 12.873500,8,2026-05-29 09:08:00,320,-1023,-319,0,-430,0,43,-17,322,0,0,-1,-1,-1,-1,-1,1,0,-1,-1,-1,1,36,516,-319,100,36,0,0,0,0,0,0,0,298,0,0,0,0,0,0,0,0,0,0,0,0,0,0,0,0,0,0,0,0,0,0,0,0,0,0,0,0,0,0,0,0,0,0,0,0,0,0,0,0,0,0,0,0,0,0,0,0,0,0,0,
2026-05-29,09:08:00.640,8.31,100,100,0,-0.143,5.93,25,0.998,97,0,-0.079,100,100,-0.08,-10.60,0.00,3,55.415700 12.873500,8,2026-05-29 09:08:00,351,-1023,-283,0,-429,0,44,-22,321,0,0,-1,-1,-1,-1,-1,1,0,-1,-1,-1,1,36,516,-283,110,36,0,0,0,0,0,0,0,298,0,0,0,0,0,0,0,0,0,0,0,0,0,0,0,0,0,0,0,0,0,0,0,0,0,0,0,0,0,0,0,0,0,0,0,0,0,0,0,0,0,0,0,0,0,0,0,0,0,0,0,
2026-05-29,09:08:00.760,8.31,100,100,0,-0.143,5.95,25,0.998,98,0,-0.079,100,100,-0.70,-9.42,0.00,3,55.415700 12.873500,8,2026-05-29 09:08:00,364,-1023,-207,0,-429,0,43,-1,322,0,0,-1,-1,-1,-1,-1,1,0,-1,-1,-1,1,36,516,-207,114,36,0,0,0,0,0,0,0,298,0,0,0,0,0,0,0,0,0,0,0,0,0,0,0,0,0,0,0,0,0,0,0,0,0,0,0,0,0,0,0,0,0,0,0,0,0,0,0,0,0,0,0,0,0,0,0,0,0,0,0,
2026-05-29,09:08:00.880,8.31,100,100,0,-0.128,5.93,25,0.993,99,0,0.105,100,100,-0.27,-9.37,0.00,3,55.415700 12.873500,8,2026-05-29 09:08:00,399,-1023,-206,0,-430,0,43,-14,322,0,0,-1,-1,-1,-1,-1,1,0,-1,-1,-1,1,36,516,-206,127,36,0,0,0,0,0,0,0,297,0,0,0,0,0,0,0,0,0,0,0,0,0,0,0,0,0,0,0,0,0,0,0,0,0,0,0,0,0,0,0,0,0,0,0,0,0,0,0,0,0,0,0,0,0,0,0,0,0,0,0,
2026-05-29,09:08:01.030,8.31,100,100,0,-0.197,5.92,25,0.890,99,0,-0.149,100,100,-2.60,-9.64,0.00,3,55.415700 12.873500,8,2026-05-29 09:08:01,388,-1023,-196,0,-429,1,43,-17,321,0,0,-1,-1,-1,-1,-1,1,0,-1,-1,-1,1,36,516,-196,122,36,0,0,0,0,0,0,0,298,0,0,0,0,0,0,0,0,0,0,0,0,0,0,0,0,0,0,0,0,0,0,0,0,0,0,0,0,0,0,0,0,0,0,0,0,0,0,0,0,0,0,0,0,0,0,0,0,0,0,0,
2026-05-29,09:08:01.140,8.31,100,100,0,-0.380,5.91,25,1.073,99,0,-0.149,100,100,-2.60,-9.64,0.00,3,55.415700 12.873500,8,2026-05-29 09:08:01,355,-1023,-127,0,-430,0,44,-16,322,0,0,-1,-1,-1,-1,-1,1,0,-1,-1,-1,1,36,516,-127,111,36,0,0,0,0,0,0,0,297,0,0,0,0,0,0,0,0,0,0,0,0,0,0,0,0,0,0,0,0,0,0,0,0,0,0,0,0,0,0,0,0,0,0,0,0,0,0,0,0,0,0,0,0,0,0,0,0,0,0,0,
2026-05-29,09:08:01.260,8.31,100,100,0,-0.380,5.91,25,1.073,99,0,0.024,100,100,-1.35,-10.01,0.00,3,55.415700 12.873500,8,2026-05-29 09:08:01,258,-1023,-128,0,-429,2,43,-17,322,0,0,-1,-1,-1,-1,-1,1,0,-1,-1,-1,1,36,516,-128,79,36,0,0,0,0,0,0,0,298,0,0,0,0,0,0,0,0,0,0,0,0,0,0,0,0,0,0,0,0,0,0,0,0,0,0,0,0,0,0,0,0,0,0,0,0,0,0,0,0,0,0,0,0,0,0,0,0,0,0,0,
2026-05-29,09:08:01.370,8.32,100,100,0,-0.239,5.91,25,1.047,100,0,0.066,100,100,-0.05,-10.19,0.00,3,55.415700 12.873500,8,2026-05-29 09:08:01,222,-1023,-126,0,-430,0,43,-17,322,0,0,-1,-1,-1,-1,-1,1,0,-1,-1,-1,1,36,516,-126,68,36,0,0,0,0,0,0,0,297,0,0,0,0,0,0,0,0,0,0,0,0,0,0,0,0,0,0,0,0,0,0,0,0,0,0,0,0,0,0,0,0,0,0,0,0,0,0,0,0,0,0,0,0,0,0,0,0,0,0,0,
2026-05-29,09:08:01.490,8.32,100,100,0,-0.331,5.91,25,0.985,100,0,-0.080,100,100,-0.23,-10.49,0.00,4,55.415700 12.873500,8,2026-05-29 09:08:01,206,-1023,-128,0,-430,2,43,-18,322,0,0,-1,-1,-1,-1,-1,1,0,-1,-1,-1,1,36,516,-128,63,36,0,0,0,0,0,0,0,297,0,0,0,0,0,0,0,0,0,0,0,0,0,0,0,0,0,0,0,0,0,0,0,0,0,0,0,0,0,0,0,0,0,0,0,0,0,0,0,0,0,0,0,0,0,0,0,0,0,0,0,
2026-05-29,09:08:01.610,8.31,100,100,0,-0.331,5.90,25,0.985,100,0,-0.080,100,100,-0.23,-10.49,0.00,4,55.415700 12.873500,8,2026-05-29 09:08:01,256,-1023,-231,0,-430,0,44,-20,322,0,0,-1,-1,-1,-1,-1,1,0,-1,-1,-1,1,36,516,-231,78,36,0,0,0,0,0,0,0,297,0,0,0,0,0,0,0,0,0,0,0,0,0,0,0,0,0,0,0,0,0,0,0,0,0,0,0,0,0,0,0,0,0,0,0,0,0,0,0,0,0,0,0,0,0,0,0,0,0,0,0,
2026-05-29,09:08:01.720,8.31,100,100,0,-0.357,5.90,25,1.095,100,0,0.424,100,100,1.61,-12.01,0.00,4,55.415700 12.873500,8,2026-05-29 09:08:01,306,-1023,-215,0,-429,2,43,-18,322,0,0,-1,-1,-1,-1,-1,1,0,-1,-1,-1,1,36,516,-215,95,36,0,0,0,0,0,0,0,298,0,0,0,0,0,0,0,0,0,0,0,0,0,0,0,0,0,0,0,0,0,0,0,0,0,0,0,0,0,0,0,0,0,0,0,0,0,0,0,0,0,0,0,0,0,0,0,0,0,0,0,
2026-05-29,09:08:01.840,8.31,100,100,0,0.040,5.93,25,1.538,100,0,-0.326,100,100,-3.32,-12.05,0.00,4,55.415700 12.873500,8,2026-05-29 09:08:01,190,-1023,-236,0,-430,0,43,-18,321,0,0,-1,-1,-1,-1,-1,1,0,-1,-1,-1,1,36,516,-236,57,36,0,0,0,0,0,0,0,297,0,0,0,0,0,0,0,0,0,0,0,0,0,0,0,0,0,0,0,0,0,0,0,0,0,0,0,0,0,0,0,0,0,0,0,0,0,0,0,0,0,0,0,0,0,0,0,0,0,0,0,
2026-05-29,09:08:01.980,8.31,100,100,0,0.040,5.95,25,2.033,100,0,0.384,100,100,-3.32,-12.05,0.00,6,55.415700 12.873500,8,2026-05-29 09:08:02,191,-1022,-324,0,-429,1,43,-18,322,0,0,-1,-1,-1,-1,-1,1,0,-1,-1,-1,1,36,515,-324,58,36,0,0,0,0,0,0,0,298,0,0,0,0,0,0,0,0,0,0,0,0,0,0,0,0,0,0,0,0,0,0,0,0,0,0,0,0,0,0,0,0,0,0,0,0,0,0,0,0,0,0,0,0,0,0,0,0,0,0,0,
2026-05-29,09:08:02.100,8.31,100,100,0,-0.153,5.93,25,2.033,100,0,0.384,100,100,1.44,-12.38,0.00,6,55.415700 12.873500,8,2026-05-29 09:08:02,0,-1022,-324,0,-430,0,44,-16,322,0,0,-1,-1,-1,-1,-1,1,0,-1,-1,-1,1,36,515,-324,0,36,0,0,0,0,0,0,0,297,0,0,0,0,0,0,0,0,0,0,0,0,0,0,0,0,0,0,0,0,0,0,0,0,0,0,0,0,0,0,0,0,0,0,0,0,0,0,0,0,0,0,0,0,0,0,0,0,0,0,0,
2026-05-29,09:08:02.220,8.32,100,100,0,-0.214,5.92,25,1.335,99,0,0.021,100,100,-1.32,-11.93,0.00,6,55.415700 12.873500,8,2026-05-29 09:08:02,0,-1022,-324,0,-429,0,43,-17,322,0,0,-1,-1,-1,-1,-1,1,0,-1,-1,-1,1,36,515,-324,0,36,0,0,0,0,0,0,0,298,0,0,0,0,0,0,0,0,0,0,0,0,0,0,0,0,0,0,0,0,0,0,0,0,0,0,0,0,0,0,0,0,0,0,0,0,0,0,0,0,0,0,0,0,0,0,0,0,0,0,0,
2026-05-29,09:08:02.330,8.32,100,100,0,0.096,5.91,25,1.843,100,0,0.037,100,100,-1.32,-11.93,0.00,6,55.415700 12.873500,8,2026-05-29 09:08:02,0,-1023,-324,0,-430,0,43,-16,322,0,0,-1,-1,-1,-1,-1,1,0,-1,-1,-1,1,36,516,-324,0,36,0,0,0,0,0,0,0,297,0,0,0,0,0,0,0,0,0,0,0,0,0,0,0,0,0,0,0,0,0,0,0,0,0,0,0,0,0,0,0,0,0,0,0,0,0,0,0,0,0,0,0,0,0,0,0,0,0,0,0,
2026-05-29,09:08:02.450,8.31,100,100,0,0.096,5.91,25,1.843,100,0,0.037,100,100,-0.19,-11.47,0.00,7,55.415700 12.873500,8,2026-05-29 09:08:02,0,-1023,-324,0,-429,2,43,-18,322,0,0,-1,-1,-1,-1,-1,1,0,-1,-1,-1,1,36,516,-324,0,36,0,0,0,0,0,0,0,298,0,0,0,0,0,0,0,0,0,0,0,0,0,0,0,0,0,0,0,0,0,0,0,0,0,0,0,0,0,0,0,0,0,0,0,0,0,0,0,0,0,0,0,0,0,0,0,0,0,0,0,
2026-05-29,09:08:02.570,8.31,100,100,0,-0.141,5.91,25,1.145,99,0,0.065,100,100,0.35,-12.09,0.00,7,55.415700 12.873500,8,2026-05-29 09:08:02,0,-1022,-324,0,-430,2,44,-17,322,0,0,-1,-1,-1,-1,-1,1,0,-1,-1,-1,1,36,515,-324,0,36,0,0,0,0,0,0,0,297,0,0,0,0,0,0,0,0,0,0,0,0,0,0,0,0,0,0,0,0,0,0,0,0,0,0,0,0,0,0,0,0,0,0,0,0,0,0,0,0,0,0,0,0,0,0,0,0,0,0,0,
2026-05-29,09:08:02.680,8.31,100,100,0,-0.115,5.91,25,0.776,99,0,0.000,100,100,-0.44,-12.34,0.00,7,55.415700 12.873500,8,2026-05-29 09:08:02,0,-1023,-324,0,-429,0,43,-22,321,0,0,-1,-1,-1,-1,-1,1,0,-1,-1,-1,1,36,516,-324,0,36,0,0,0,0,0,0,0,298,0,0,0,0,0,0,0,0,0,0,0,0,0,0,0,0,0,0,0,0,0,0,0,0,0,0,0,0,0,0,0,0,0,0,0,0,0,0,0,0,0,0,0,0,0,0,0,0,0,0,0,
2026-05-29,09:08:02.800,8.31,100,100,0,-0.115,5.90,25,0.776,99,0,0.000,100,100,-0.44,-12.34,0.00,7,55.415700 12.873500,8,2026-05-29 09:08:02,0,-1023,-325,0,-429,0,44,-18,322,0,0,-1,-1,-1,-1,-1,1,0,-1,-1,-1,1,36,516,-325,0,36,0,0,0,0,0,0,0,297,0,0,0,0,0,0,0,0,0,0,0,0,0,0,0,0,0,0,0,0,0,0,0,0,0,0,0,0,0,0,0,0,0,0,0,0,0,0,0,0,0,0,0,0,0,0,0,0,0,0,0,
2026-05-29,09:08:02.910,8.31,100,100,0,-0.140,5.90,25,0.684,98,0,-0.257,100,100,-3.12,-12.92,0.00,7,55.415700 12.873400,8,2026-05-29 09:08:02,265,-1023,-319,0,-429,0,43,-9,322,0,0,-1,-1,-1,-1,-1,1,0,-1,-1,-1,1,36,516,-319,82,36,0,0,0,0,0,0,0,298,0,0,0,0,0,0,0,0,0,0,0,0,0,0,0,0,0,0,0,0,0,0,0,0,0,0,0,0,0,0,0,0,0,0,0,0,0,0,0,0,0,0,0,0,0,0,0,0,0,0,0,
2026-05-29,09:08:03.030,8.31,100,100,0,-0.205,5.90,25,0.572,95,0,-0.035,100,100,-2.13,-9.76,0.00,7,55.415700 12.873400,8,2026-05-29 09:08:03,0,-1023,-84,0,-429,0,44,-20,322,0,0,-1,-1,-1,-1,-1,1,0,-1,-1,-1,1,36,516,-84,0,36,0,0,0,0,0,0,0,298,0,0,0,0,0,0,0,0,0,0,0,0,0,0,0,0,0,0,0,0,0,0,0,0,0,0,0,0,0,0,0,0,0,0,0,0,0,0,0,0,0,0,0,0,0,0,0,0,0,0,0,
2026-05-29,09:08:03.140,8.31,100,100,0,-0.205,5.88,25,0.572,93,0,-0.035,100,100,-2.13,-9.76,0.00,7,55.415700 12.873400,8,2026-05-29 09:08:03,165,-1023,-331,0,-429,0,43,-8,322,0,0,-1,-1,-1,-1,-1,1,0,-1,-1,-1,1,36,516,-331,49,36,0,0,0,0,0,0,0,298,0,0,0,0,0,0,0,0,0,0,0,0,0,0,0,0,0,0,0,0,0,0,0,0,0,0,0,0,0,0,0,0,0,0,0,0,0,0,0,0,0,0,0,0,0,0,0,0,0,0,0,
2026-05-29,09:08:03.250,8.31,100,100,0,-0.388,5.88,25,1.071,93,0,0.227,100,100,-2.49,-9.41,0.00,7,55.415700 12.873400,8,2026-05-29 09:08:03,0,-1023,-321,0,-430,0,44,-16,322,0,0,-1,-1,-1,-1,-1,1,0,-1,-1,-1,1,36,516,-321,0,36,0,0,0,0,0,0,0,297,0,0,0,0,0,0,0,0,0,0,0,0,0,0,0,0,0,0,0,0,0,0,0,0,0,0,0,0,0,0,0,0,0,0,0,0,0,0,0,0,0,0,0,0,0,0,0,0,0,0,0,
2026-05-29,09:08:03.390,8.31,100,100,0,-0.149,5.89,25,1.358,91,0,-0.228,100,100,-4.43,-10.01,0.00,6,55.415700 12.873400,8,2026-05-29 09:08:03,0,-1023,-320,29,-430,0,43,0,322,0,0,-1,-1,-1,-1,-1,1,0,-1,-1,-1,1,25,516,-320,0,25,0,0,0,0,0,0,0,297,0,0,0,0,0,0,0,0,0,0,0,0,0,0,0,0,0,0,0,0,0,0,0,0,0,0,0,0,0,0,0,0,0,0,0,0,0,0,0,0,0,0,0,0,0,0,0,0,0,0,0,
2026-05-29,09:08:03.510,8.31,100,100,0,-0.017,5.89,25,1.707,91,0,-0.004,100,100,-0.17,-10.69,0.00,6,55.415700 12.873400,8,2026-05-29 09:08:03,0,-1023,-320,0,-430,0,43,-24,322,0,0,-1,-1,-1,-1,-1,1,0,-1,-1,-1,1,36,516,-320,0,36,0,0,0,0,0,0,0,297,0,0,0,0,0,0,0,0,0,0,0,0,0,0,0,0,0,0,0,0,0,0,0,0,0,0,0,0,0,0,0,0,0,0,0,0,0,0,0,0,0,0,0,0,0,0,0,0,0,0,0,
2026-05-29,09:08:03.620,8.31,100,100,0,-0.017,5.89,25,1.707,92,0,-0.004,100,100,-0.17,-10.69,0.00,6,55.415700 12.873400,8,2026-05-29 09:08:03,0,-1023,-320,25,-429,0,44,-7,322,0,0,-1,-1,-1,-1,-1,1,0,-1,-1,-1,1,27,516,-320,0,27,0,0,0,0,0,0,0,298,0,0,0,0,0,0,0,0,0,0,0,0,0,0,0,0,0,0,0,0,0,0,0,0,0,0,0,0,0,0,0,0,0,0,0,0,0,0,0,0,0,0,0,0,0,0,0,0,0,0,0,
2026-05-29,09:08:03.740,8.31,100,100,0,-0.203,5.92,25,0.647,92,0,0.052,100,100,1.93,-11.63,0.00,6,55.415700 12.873400,8,2026-05-29 09:08:03,0,-1023,-319,0,-430,0,44,-12,322,0,0,-1,-1,-1,-1,-1,1,0,-1,-1,-1,1,36,516,-319,0,36,0,0,0,0,0,0,0,297,0,0,0,0,0,0,0,0,0,0,0,0,0,0,0,0,0,0,0,0,0,0,0,0,0,0,0,0,0,0,0,0,0,0,0,0,0,0,0,0,0,0,0,0,0,0,0,0,0,0,0,
2026-05-29,09:08:03.860,8.31,100,100,0,-0.194,5.94,25,0.771,94,0,0.064,100,100,1.60,-12.39,0.00,6,55.415700 12.873400,8,2026-05-29 09:08:03,5,-1023,-319,0,-430,2,42,-18,321,0,0,-1,-1,-1,-1,-1,1,0,-1,-1,-1,1,36,516,-319,8,36,0,0,0,0,0,0,0,297,0,0,0,0,0,0,0,0,0,0,0,0,0,0,0,0,0,0,0,0,0,0,0,0,0,0,0,0,0,0,0,0,0,0,0,0,0,0,0,0,0,0,0,0,0,0,0,0,0,0,0,
2026-05-29,09:08:03.980,8.32,100,100,0,-0.194,5.92,25,0.771,93,0,0.064,100,100,1.60,-12.39,0.00,8,55.415700 12.873400,7,2026-05-29 09:08:04,179,-1023,-322,0,-430,0,44,-16,322,0,0,-1,-1,-1,-1,-1,1,0,-1,-1,-1,1,36,516,-322,54,36,0,0,0,0,0,0,0,297,0,0,0,0,0,0,0,0,0,0,0,0,0,0,0,0,0,0,0,0,0,0,0,0,0,0,0,0,0,0,0,0,0,0,0,0,0,0,0,0,0,0,0,0,0,0,0,0,0,0,0,
2026-05-29,09:08:04.100,8.32,100,100,0,-0.191,5.94,25,0.519,93,0,0.016,100,100,0.14,-12.42,0.00,8,55.415700 12.873400,7,2026-05-29 09:08:04,179,-1024,-133,-52,-429,1,44,-16,321,0,0,-1,-1,-1,-1,-1,1,0,-1,-1,-1,1,54,516,-133,54,54,0,0,0,0,0,0,0,298,0,0,0,0,0,0,0,0,0,0,0,0,0,0,0,0,0,0,0,0,0,0,0,0,0,0,0,0,0,0,0,0,0,0,0,0,0,0,0,0,0,0,0,0,0,0,0,0,0,0,0,
2026-05-29,09:08:04.220,8.32,100,100,0,-0.414,5.93,25,0.976,91,0,0.029,100,100,-1.27,-10.71,0.00,8,55.415700 12.873400,7,2026-05-29 09:08:04,228,-1023,-319,0,-430,0,44,-16,322,0,0,-1,-1,-1,-1,-1,1,0,-1,-1,-1,1,36,516,-319,70,36,0,0,0,0,0,0,0,297,0,0,0,0,0,0,0,0,0,0,0,0,0,0,0,0,0,0,0,0,0,0,0,0,0,0,0,0,0,0,0,0,0,0,0,0,0,0,0,0,0,0,0,0,0,0,0,0,0,0,0,
2026-05-29,09:08:04.340,8.31,100,100,0,-0.229,5.93,25,0.976,92,0,-0.017,100,100,-1.27,-10.71,0.00,8,55.415700 12.873400,7,2026-05-29 09:08:04,332,-1023,-319,0,-429,1,43,-17,322,0,0,-1,-1,-1,-1,-1,1,0,-1,-1,-1,1,36,516,-319,104,36,0,0,0,0,0,0,0,298,0,0,0,0,0,0,0,0,0,0,0,0,0,0,0,0,0,0,0,0,0,0,0,0,0,0,0,0,0,0,0,0,0,0,0,0,0,0,0,0,0,0,0,0,0,0,0,0,0,0,0,
2026-05-29,09:08:04.470,8.31,100,100,0,-0.229,5.91,25,1.127,91,0,-0.017,100,100,-2.33,-10.08,0.00,8,55.415700 12.873400,7,2026-05-29 09:08:04,293,-1023,-320,0,-429,0,44,-17,322,0,0,-1,-1,-1,-1,-1,1,0,-1,-1,-1,1,36,516,-320,91,36,0,0,0,0,0,0,0,298,0,0,0,0,0,0,0,0,0,0,0,0,0,0,0,0,0,0,0,0,0,0,0,0,0,0,0,0,0,0,0,0,0,0,0,0,0,0,0,0,0,0,0,0,0,0,0,0,0,0,0,
2026-05-29,09:08:04.590,8.31,100,100,0,-0.142,5.91,25,1.164,90,0,-0.063,100,100,-1.69,-12.10,0.00,8,55.415700 12.873400,7,2026-05-29 09:08:04,253,-1023,-319,-32,-429,0,43,-22,321,0,0,-1,-1,-1,-1,-1,1,0,-1,-1,-1,1,48,516,-319,77,48,0,0,0,0,0,0,0,298,0,0,0,0,0,0,0,0,0,0,0,0,0,0,0,0,0,0,0,0,0,0,0,0,0,0,0,0,0,0,0,0,0,0,0,0,0,0,0,0,0,0,0,0,0,0,0,0,0,0,0,
2026-05-29,09:08:04.710,8.31,100,100,0,-0.199,5.91,25,0.978,89,0,0.017,100,100,1.98,-12.69,0.00,8,55.415700 12.873400,7,2026-05-29 09:08:04,248,-1024,-319,0,-430,0,43,-11,321,0,0,-1,-1,-1,-1,-1,1,0,-1,-1,-1,1,36,516,-319,76,36,0,0,0,0,0,0,0,297,0,0,0,0,0,0,0,0,0,0,0,0,0,0,0,0,0,0,0,0,0,0,0,0,0,0,0,0,0,0,0,0,0,0,0,0,0,0,0,0,0,0,0,0,0,0,0,0,0,0,0,
2026-05-29,09:08:04.820,8.31,100,100,0,-0.199,5.91,25,0.978,87,0,0.017,100,100,1.98,-12.69,0.00,8,55.415700 12.873400,7,2026-05-29 09:08:04,196,-1023,-320,0,-430,1,43,-14,322,0,0,-1,-1,-1,-1,-1,1,0,-1,-1,-1,1,36,516,-320,60,36,0,0,0,0,0,0,0,297,0,0,0,0,0,0,0,0,0,0,0,0,0,0,0,0,0,0,0,0,0,0,0,0,0,0,0,0,0,0,0,0,0,0,0,0,0,0,0,0,0,0,0,0,0,0,0,0,0,0,0,
2026-05-29,09:08:04.940,8.31,100,100,0,-0.133,5.90,25,1.030,86,0,0.052,100,100,1.65,-11.74,0.00,8,55.415800 12.873400,7,2026-05-29 09:08:04,255,-1023,-320,-29,-430,0,43,-18,322,0,0,-1,-1,-1,-1,-1,1,0,-1,-1,-1,1,47,516,-320,78,47,0,0,0,0,0,0,0,297,0,0,0,0,0,0,0,0,0,0,0,0,0,0,0,0,0,0,0,0,0,0,0,0,0,0,0,0,0,0,0,0,0,0,0,0,0,0,0,0,0,0,0,0,0,0,0,0,0,0,0,
2026-05-29,09:08:05.050,8.31,100,100,0,-0.205,5.93,25,0.672,85,0,-0.053,100,100,-0.67,-10.94,0.00,9,55.415800 12.873400,7,2026-05-29 09:08:05,287,-1024,-326,0,-429,0,43,-4,322,0,0,-1,-1,-1,-1,-1,1,0,-1,-1,-1,1,36,516,-326,88,36,0,0,0,0,0,0,0,297,0,0,0,0,0,0,0,0,0,0,0,0,0,0,0,0,0,0,0,0,0,0,0,0,0,0,0,0,0,0,0,0,0,0,0,0,0,0,0,0,0,0,0,0,0,0,0,0,0,0,0,
2026-05-29,09:08:05.160,8.31,100,100,0,-0.205,5.92,25,0.672,85,0,-0.053,100,100,-0.67,-10.94,0.00,9,55.415800 12.873400,7,2026-05-29 09:08:05,331,-1023,-326,-31,-429,1,43,-20,322,0,0,-1,-1,-1,-1,-1,1,0,-1,-1,-1,1,47,516,-326,103,47,0,0,0,0,0,0,0,298,0,0,0,0,0,0,0,0,0,0,0,0,0,0,0,0,0,0,0,0,0,0,0,0,0,0,0,0,0,0,0,0,0,0,0,0,0,0,0,0,0,0,0,0,0,0,0,0,0,0,0,
2026-05-29,09:08:05.280,8.31,100,100,0,-0.099,5.91,25,1.398,84,0,-0.092,100,100,-0.83,-11.02,0.00,9,55.415800 12.873400,7,2026-05-29 09:08:05,252,-1023,-329,0,-430,0,44,-12,322,0,0,-1,-1,-1,-1,-1,1,0,-1,-1,-1,1,36,516,-329,77,36,0,0,0,0,0,0,0,297,0,0,0,0,0,0,0,0,0,0,0,0,0,0,0,0,0,0,0,0,0,0,0,0,0,0,0,0,0,0,0,0,0,0,0,0,0,0,0,0,0,0,0,0,0,0,0,0,0,0,0,
2026-05-29,09:08:05.410,8.31,100,100,0,-0.167,5.91,25,1.102,84,0,0.077,100,100,0.15,-11.13,0.00,9,55.415800 12.873400,7,2026-05-29 09:08:05,325,-1023,-347,0,-430,0,43,-17,322,0,0,-1,-1,-1,-1,-1,1,0,-1,-1,-1,1,36,516,-347,108,36,0,0,0,0,0,0,0,297,0,0,0,0,0,0,0,0,0,0,0,0,0,0,0,0,0,0,0,0,0,0,0,0,0,0,0,0,0,0,0,0,0,0,0,0,0,0,0,0,0,0,0,0,0,0,0,0,0,0,0,
2026-05-29,09:08:05.510,8.31,100,100,0,-0.167,5.91,25,1.102,85,0,0.077,100,100,0.15,-11.13,0.00,9,55.415800 12.873400,7,2026-05-29 09:08:05,420,-1023,-346,0,-430,0,44,-15,321,0,0,-1,-1,-1,-1,-1,1,0,-1,-1,-1,1,36,516,-346,134,36,0,0,0,0,0,0,0,297,0,0,0,0,0,0,0,0,0,0,0,0,0,0,0,0,0,0,0,0,0,0,0,0,0,0,0,0,0,0,0,0,0,0,0,0,0,0,0,0,0,0,0,0,0,0,0,0,0,0,0,
2026-05-29,09:08:05.630,8.31,100,100,0,-0.152,5.90,25,1.288,86,0,0.176,100,100,0.55,-10.53,0.00,9,55.415800 12.873400,7,2026-05-29 09:08:05,419,-1024,-425,52,-429,0,43,0,321,0,0,-1,-1,-1,-1,-1,1,0,-1,-1,-1,1,16,516,-425,134,16,0,0,0,0,0,0,0,298,0,0,0,0,0,0,0,0,0,0,0,0,0,0,0,0,0,0,0,0,0,0,0,0,0,0,0,0,0,0,0,0,0,0,0,0,0,0,0,0,0,0,0,0,0,0,0,0,0,0,0,
2026-05-29,09:08:05.740,8.31,100,100,0,-0.118,5.90,25,0.896,88,0,-0.101,100,100,-1.65,-9.66,0.00,9,55.415800 12.873400,7,2026-05-29 09:08:05,433,-1023,-408,0,-430,1,43,-20,322,0,0,-1,-1,-1,-1,-1,1,0,-1,-1,-1,1,36,516,-407,139,36,0,0,0,0,0,0,0,297,0,0,0,0,0,0,0,0,0,0,0,0,0,0,0,0,0,0,0,0,0,0,0,0,0,0,0,0,0,0,0,0,0,0,0,0,0,0,0,0,0,0,0,0,0,0,0,0,0,0,0,
2026-05-29,09:08:05.860,8.31,100,100,0,-0.021,5.90,25,0.896,89,0,-0.012,100,100,-1.65,-9.66,0.00,9,55.415800 12.873400,7,2026-05-29 09:08:05,467,-1023,-387,0,-430,0,44,-14,322,0,0,-1,-1,-1,-1,-1,1,0,-1,-1,-1,1,36,516,-387,151,36,0,0,0,0,0,0,0,297,0,0,0,0,0,0,0,0,0,0,0,0,0,0,0,0,0,0,0,0,0,0,0,0,0,0,0,0,0,0,0,0,0,0,0,0,0,0,0,0,0,0,0,0,0,0,0,0,0,0,0,
2026-05-29,09:08:05.990,8.31,100,99,0,-0.021,5.93,25,1.223,90,0,-0.012,100,100,-0.84,-9.24,0.00,9,55.415800 12.873400,7,2026-05-29 09:08:06,409,-1023,-388,0,-429,1,43,-16,321,0,0,-1,-1,-1,-1,-1,1,0,-1,-1,-1,1,36,516,-388,130,36,0,0,0,0,0,0,0,298,0,0,0,0,0,0,0,0,0,0,0,0,0,0,0,0,0,0,0,0,0,0,0,0,0,0,0,0,0,0,0,0,0,0,0,0,0,0,0,0,0,0,0,0,0,0,0,0,0,0,0,
2026-05-29,09:08:06.110,8.32,100,100,0,-0.095,5.92,25,1.499,90,0,0.017,100,100,-2.80,-9.89,0.00,9,55.415800 12.873400,7,2026-05-29 09:08:06,362,-1023,-389,0,-429,0,43,-19,322,0,0,-1,-1,-1,-1,-1,1,0,-1,-1,-1,1,36,516,-389,113,36,0,0,0,0,0,0,0,298,0,0,0,0,0,0,0,0,0,0,0,0,0,0,0,0,0,0,0,0,0,0,0,0,0,0,0,0,0,0,0,0,0,0,0,0,0,0,0,0,0,0,0,0,0,0,0,0,0,0,0,
2026-05-29,09:08:06.220,8.32,100,99,0,-0.132,5.94,25,0.581,89,0,-0.060,100,100,-2.80,-9.89,0.00,9,55.415800 12.873400,7,2026-05-29 09:08:06,389,-1024,-398,0,-430,0,44,-18,322,0,0,-1,-1,-1,-1,-1,1,0,-1,-1,-1,1,36,516,-398,123,36,0,0,0,0,0,0,0,297,0,0,0,0,0,0,0,0,0,0,0,0,0,0,0,0,0,0,0,0,0,0,0,0,0,0,0,0,0,0,0,0,0,0,0,0,0,0,0,0,0,0,0,0,0,0,0,0,0,0,0,
2026-05-29,09:08:06.340,8.31,100,99,0,-0.132,5.92,25,0.581,85,0,-0.060,100,100,-0.71,-10.52,0.00,9,55.415800 12.873400,7,2026-05-29 09:08:06,408,-1024,-388,-110,-429,2,44,-18,322,0,0,-1,-1,-1,-1,-1,1,0,-1,-1,-1,1,74,516,-388,130,74,0,0,0,0,0,0,0,298,0,0,0,0,0,0,0,0,0,0,0,0,0,0,0,0,0,0,0,0,0,0,0,0,0,0,0,0,0,0,0,0,0,0,0,0,0,0,0,0,0,0,0,0,0,0,0,0,0,0,0,
2026-05-29,09:08:06.480,8.31,100,99,0,-0.107,5.92,25,0.361,83,0,0.013,99,100,-1.47,-8.85,0.00,8,55.415800 12.873400,7,2026-05-29 09:08:06,382,-1023,-394,-32,-430,0,44,-17,322,0,0,-1,-1,-1,-1,-1,1,0,-1,-1,-1,1,48,516,-394,121,48,0,0,0,0,0,0,0,297,0,0,0,0,0,0,0,0,0,0,0,0,0,0,0,0,0,0,0,0,0,0,0,0,0,0,0,0,0,0,0,0,0,0,0,0,0,0,0,0,0,0,0,0,0,0,0,0,0,0,0,
2026-05-29,09:08:06.600,8.31,100,99,0,-0.099,5.91,25,0.639,82,0,0.113,99,100,0.51,-8.97,0.00,8,55.415800 12.873400,7,2026-05-29 09:08:06,376,-1023,-393,-18,-430,1,44,-13,321,0,0,-1,-1,-1,-1,-1,1,0,-1,-1,-1,1,43,516,-393,119,43,0,0,0,0,0,0,0,297,0,0,0,0,0,0,0,0,0,0,0,0,0,0,0,0,0,0,0,0,0,0,0,0,0,0,0,0,0,0,0,0,0,0,0,0,0,0,0,0,0,0,0,0,0,0,0,0,0,0,0,
2026-05-29,09:08:06.720,8.31,100,99,0,-0.096,5.91,25,0.675,83,0,-0.089,99,100,0.51,-8.97,0.00,8,55.415800 12.873400,7,2026-05-29 09:08:06,378,-1024,-394,-19,-429,0,43,-2,322,0,0,-1,-1,-1,-1,-1,1,0,-1,-1,-1,1,43,516,-394,119,43,0,0,0,0,0,0,0,298,0,0,0,0,0,0,0,0,0,0,0,0,0,0,0,0,0,0,0,0,0,0,0,0,0,0,0,0,0,0,0,0,0,0,0,0,0,0,0,0,0,0,0,0,0,0,0,0,0,0,0,
2026-05-29,09:08:06.860,8.31,100,98,0,-0.096,5.91,25,0.675,86,0,-0.089,99,100,-1.42,-10.25,0.00,8,55.415800 12.873400,7,2026-05-29 09:08:06,386,-1024,-399,0,-429,0,44,-14,322,0,0,-1,-1,-1,-1,-1,1,0,-1,-1,-1,1,36,516,-399,122,36,0,0,0,0,0,0,0,298,0,0,0,0,0,0,0,0,0,0,0,0,0,0,0,0,0,0,0,0,0,0,0,0,0,0,0,0,0,0,0,0,0,0,0,0,0,0,0,0,0,0,0,0,0,0,0,0,0,0,0,
2026-05-29,09:08:06.980,8.31,100,99,0,-0.080,5.90,25,1.039,87,0,-0.012,99,100,-0.22,-10.51,0.00,9,55.415800 12.873300,7,2026-05-29 09:08:07,412,-1024,-384,-53,-429,0,44,-6,322,0,0,-1,-1,-1,-1,-1,1,0,-1,-1,-1,1,54,516,-384,132,54,0,0,0,0,0,0,0,298,0,0,0,0,0,0,0,0,0,0,0,0,0,0,0,0,0,0,0,0,0,0,0,0,0,0,0,0,0,0,0,0,0,0,0,0,0,0,0,0,0,0,0,0,0,0,0,0,0,0,0,
2026-05-29,09:08:07.100,8.31,100,99,0,-0.032,5.90,25,1.444,86,0,0.262,99,100,0.88,-10.10,0.00,9,55.415800 12.873300,7,2026-05-29 09:08:07,540,-1024,-386,-41,-430,1,44,-18,322,0,0,-1,-1,-1,-1,-1,1,0,-1,-1,-1,1,50,516,-386,180,50,0,0,0,0,0,0,0,297,0,0,0,0,0,0,0,0,0,0,0,0,0,0,0,0,0,0,0,0,0,0,0,0,0,0,0,0,0,0,0,0,0,0,0,0,0,0,0,0,0,0,0,0,0,0,0,0,0,0,0,
2026-05-29,09:08:07.210,8.31,100,98,0,-0.076,5.90,25,1.444,87,0,0.262,100,100,0.88,-10.10,0.00,9,55.415800 12.873300,7,2026-05-29 09:08:07,533,-1023,-387,-12,-430,0,44,-19,322,0,0,-1,-1,-1,-1,-1,1,0,-1,-1,-1,1,41,516,-387,178,41,0,0,0,0,0,0,0,297,0,0,0,0,0,0,0,0,0,0,0,0,0,0,0,0,0,0,0,0,0,0,0,0,0,0,0,0,0,0,0,0,0,0,0,0,0,0,0,0,0,0,0,0,0,0,0,0,0,0,0,
2026-05-29,09:08:07.320,8.31,100,98,0,-0.076,5.90,25,0.764,87,0,-0.021,100,100,-1.84,-9.00,0.00,9,55.415800 12.873300,7,2026-05-29 09:08:07,622,-1023,-380,-28,-429,0,43,0,322,0,0,-1,-1,-1,-1,-1,1,0,-1,-1,-1,1,46,516,-380,214,46,0,0,0,0,0,0,0,298,0,0,0,0,0,0,0,0,0,0,0,0,0,0,0,0,0,0,0,0,0,0,0,0,0,0,0,0,0,0,0,0,0,0,0,0,0,0,0,0,0,0,0,0,0,0,0,0,0,0,0,
2026-05-29,09:08:07.440,8.31,100,97,0,-0.149,5.90,25,0.537,88,0,0.034,100,100,2.66,-8.94,0.00,8,55.415800 12.873300,7,2026-05-29 09:08:07,537,-1023,-388,0,-430,0,44,-17,322,0,0,-1,-1,-1,-1,-1,1,0,-1,-1,-1,1,36,516,-388,179,36,0,0,0,0,0,0,0,297,0,0,0,0,0,0,0,0,0,0,0,0,0,0,0,0,0,0,0,0,0,0,0,0,0,0,0,0,0,0,0,0,0,0,0,0,0,0,0,0,0,0,0,0,0,0,0,0,0,0,0,
2026-05-29,09:08:07.560,8.32,100,97,0,-0.120,5.90,25,0.537,89,0,-0.073,100,100,2.66,-8.94,0.00,8,55.415800 12.873300,7,2026-05-29 09:08:07,595,-1023,-320,-40,-430,2,43,-20,322,0,0,-1,-1,-1,-1,-1,1,0,-1,-1,-1,1,50,516,-320,202,50,0,0,0,0,0,0,0,297,0,0,0,0,0,0,0,0,0,0,0,0,0,0,0,0,0,0,0,0,0,0,0,0,0,0,0,0,0,0,0,0,0,0,0,0,0,0,0,0,0,0,0,0,0,0,0,0,0,0,0,
2026-05-29,09:08:07.670,8.32,100,97,0,-0.120,5.90,25,0.775,88,0,-0.073,100,100,2.71,-9.66,0.00,8,55.415800 12.873300,7,2026-05-29 09:08:07,485,-1023,-324,0,-430,0,44,-9,322,0,0,-1,-1,-1,-1,-1,1,0,-1,-1,-1,1,36,516,-324,158,36,0,0,0,0,0,0,0,297,0,0,0,0,0,0,0,0,0,0,0,0,0,0,0,0,0,0,0,0,0,0,0,0,0,0,0,0,0,0,0,0,0,0,0,0,0,0,0,0,0,0,0,0,0,0,0,0,0,0,0,
2026-05-29,09:08:07.790,8.32,100,97,0,-0.138,5.93,25,1.031,88,0,-0.025,100,100,1.36,-9.81,0.00,8,55.415800 12.873300,7,2026-05-29 09:08:07,563,-1023,-322,0,-430,1,44,-18,321,0,0,-1,-1,-1,-1,-1,1,0,-1,-1,-1,1,36,516,-322,190,36,0,0,0,0,0,0,0,297,0,0,0,0,0,0,0,0,0,0,0,0,0,0,0,0,0,0,0,0,0,0,0,0,0,0,0,0,0,0,0,0,0,0,0,0,0,0,0,0,0,0,0,0,0,0,0,0,0,0,0,
2026-05-29,09:08:07.910,8.32,100,97,0,-0.137,5.94,25,0.922,89,0,0.004,100,100,1.90,-9.28,0.00,8,55.415800 12.873300,7,2026-05-29 09:08:07,567,-1023,-319,-13,-430,0,42,-19,322,0,0,-1,-1,-1,-1,-1,1,0,-1,-1,-1,1,41,516,-319,191,41,0,0,0,0,0,0,0,297,0,0,0,0,0,0,0,0,0,0,0,0,0,0,0,0,0,0,0,0,0,0,0,0,0,0,0,0,0,0,0,0,0,0,0,0,0,0,0,0,0,0,0,0,0,0,0,0,0,0,0,
2026-05-29,09:08:08.030,8.32,100,97,0,-0.137,5.93,25,0.922,88,0,0.004,100,100,1.90,-9.28,0.00,7,55.415800 12.873300,7,2026-05-29 09:08:08,541,-1023,-343,0,-429,1,44,0,322,0,0,-1,-1,-1,-1,-1,1,0,-1,-1,-1,1,36,516,-342,181,36,0,0,0,0,0,0,0,298,0,0,0,0,0,0,0,0,0,0,0,0,0,0,0,0,0,0,0,0,0,0,0,0,0,0,0,0,0,0,0,0,0,0,0,0,0,0,0,0,0,0,0,0,0,0,0,0,0,0,0,
2026-05-29,09:08:08.150,8.32,100,98,0,-0.166,5.92,25,0.762,88,0,-0.051,100,100,0.70,-9.12,0.00,7,55.415800 12.873300,7,2026-05-29 09:08:08,559,-1024,-320,0,-429,0,43,0,321,0,0,-1,-1,-1,-1,-1,1,0,-1,-1,-1,1,36,516,-320,188,36,0,0,0,0,0,0,0,298,0,0,0,0,0,0,0,0,0,0,0,0,0,0,0,0,0,0,0,0,0,0,0,0,0,0,0,0,0,0,0,0,0,0,0,0,0,0,0,0,0,0,0,0,0,0,0,0,0,0,0,
2026-05-29,09:08:08.270,8.32,100,98,0,-0.137,5.94,25,1.135,87,0,0.101,100,100,1.30,-9.41,0.00,7,55.415800 12.873300,7,2026-05-29 09:08:08,476,-1023,-323,0,-430,0,44,0,322,0,0,-1,-1,-1,-1,-1,1,0,-1,-1,-1,1,36,516,-323,155,36,0,0,0,0,0,0,0,297,0,0,0,0,0,0,0,0,0,0,0,0,0,0,0,0,0,0,0,0,0,0,0,0,0,0,0,0,0,0,0,0,0,0,0,0,0,0,0,0,0,0,0,0,0,0,0,0,0,0,0,
2026-05-29,09:08:08.390,8.32,100,97,0,-0.142,5.93,25,1.135,87,0,0.101,100,100,1.30,-9.41,0.00,5,55.415800 12.873300,7,2026-05-29 09:08:08,520,-1023,-323,-5,-429,1,43,-20,322,0,0,-1,-1,-1,-1,-1,1,0,-1,-1,-1,1,38,516,-323,173,38,0,0,0,0,0,0,0,298,0,0,0,0,0,0,0,0,0,0,0,0,0,0,0,0,0,0,0,0,0,0,0,0,0,0,0,0,0,0,0,0,0,0,0,0,0,0,0,0,0,0,0,0,0,0,0,0,0,0,0,
2026-05-29,09:08:08.500,8.32,100,97,0,-0.142,5.92,25,0.958,86,0,-0.056,100,100,0.02,-9.68,0.00,5,55.415800 12.873300,7,2026-05-29 09:08:08,505,-1024,-324,0,-430,0,44,-16,322,0,0,-1,-1,-1,-1,-1,1,0,-1,-1,-1,1,36,516,-324,166,36,0,0,0,0,0,0,0,297,0,0,0,0,0,0,0,0,0,0,0,0,0,0,0,0,0,0,0,0,0,0,0,0,0,0,0,0,0,0,0,0,0,0,0,0,0,0,0,0,0,0,0,0,0,0,0,0,0,0,0,
2026-05-29,09:08:08.620,8.32,100,97,0,-0.166,5.91,25,0.787,86,0,0.045,100,100,-0.12,-9.40,0.00,5,55.415800 12.873300,7,2026-05-29 09:08:08,523,-1023,-326,-50,-429,0,43,-7,321,0,0,-1,-1,-1,-1,-1,1,0,-1,-1,-1,1,53,516,-326,173,53,0,0,0,0,0,0,0,298,0,0,0,0,0,0,0,0,0,0,0,0,0,0,0,0,0,0,0,0,0,0,0,0,0,0,0,0,0,0,0,0,0,0,0,0,0,0,0,0,0,0,0,0,0,0,0,0,0,0,0,
2026-05-29,09:08:08.740,8.32,100,98,0,-0.175,5.91,25,1.287,86,0,0.045,100,100,-0.12,-9.40,0.00,5,55.415800 12.873300,7,2026-05-29 09:08:08,454,-1023,-440,-35,-430,1,44,-21,322,0,0,-1,-1,-1,-1,-1,1,0,-1,-1,-1,1,48,516,-440,146,48,0,0,0,0,0,0,0,298,0,0,0,0,0,0,0,0,0,0,0,0,0,0,0,0,0,0,0,0,0,0,0,0,0,0,0,0,0,0,0,0,0,0,0,0,0,0,0,0,0,0,0,0,0,0,0,0,0,0,0,
2026-05-29,09:08:08.850,8.32,100,97,0,-0.175,5.91,25,1.287,85,0,-0.036,100,100,-0.42,-8.86,0.00,5,55.415800 12.873300,7,2026-05-29 09:08:08,545,-1022,-474,0,-429,0,44,-17,322,0,0,-1,-1,-1,-1,-1,1,0,-1,-1,-1,1,36,515,-474,183,36,0,0,0,0,0,0,0,298,0,0,0,0,0,0,0,0,0,0,0,0,0,0,0,0,0,0,0,0,0,0,0,0,0,0,0,0,0,0,0,0,0,0,0,0,0,0,0,0,0,0,0,0,0,0,0,0,0,0,0,
2026-05-29,09:08:08.970,8.32,100,97,0,-0.049,5.91,25,0.782,86,0,0.006,100,100,0.72,-8.87,0.00,6,55.415800 12.873300,7,2026-05-29 09:08:08,584,-1023,-375,-24,-429,0,44,-17,322,0,0,-1,-1,-1,-1,-1,1,0,-1,-1,-1,1,45,516,-375,198,45,0,0,0,0,0,0,0,298,0,0,0,0,0,0,0,0,0,0,0,0,0,0,0,0,0,0,0,0,0,0,0,0,0,0,0,0,0,0,0,0,0,0,0,0,0,0,0,0,0,0,0,0,0,0,0,0,0,0,0,
2026-05-29,09:08:09.090,8.32,100,97,0,-0.032,5.90,25,0.801,85,0,-0.055,100,100,0.72,-8.87,0.00,6,55.415800 12.873300,7,2026-05-29 09:08:09,535,-1023,-479,0,-429,0,43,-17,322,0,0,-1,-1,-1,-1,-1,1,0,-1,-1,-1,1,36,516,-479,178,36,0,0,0,0,0,0,0,297,0,0,0,0,0,0,0,0,0,0,0,0,0,0,0,0,0,0,0,0,0,0,0,0,0,0,0,0,0,0,0,0,0,0,0,0,0,0,0,0,0,0,0,0,0,0,0,0,0,0,0,
2026-05-29,09:08:09.230,8.31,100,97,0,-0.032,5.90,25,0.801,84,0,-0.055,100,100,-0.83,-8.93,0.00,6,55.415800 12.873300,7,2026-05-29 09:08:09,573,-1023,-361,0,-430,0,44,-8,322,0,0,-1,-1,-1,-1,-1,1,0,-1,-1,-1,1,36,516,-361,194,36,0,0,0,0,0,0,0,297,0,0,0,0,0,0,0,0,0,0,0,0,0,0,0,0,0,0,0,0,0,0,0,0,0,0,0,0,0,0,0,0,0,0,0,0,0,0,0,0,0,0,0,0,0,0,0,0,0,0,0,
2026-05-29,09:08:09.350,8.32,100,97,0,-0.056,5.90,25,0.974,83,0,0.011,100,100,0.30,-9.99,0.00,6,55.415800 12.873300,7,2026-05-29 09:08:09,533,-1023,-344,0,-430,0,44,-11,321,0,0,-1,-1,-1,-1,-1,1,0,-1,-1,-1,1,36,516,-344,178,36,0,0,0,0,0,0,0,297,0,0,0,0,0,0,0,0,0,0,0,0,0,0,0,0,0,0,0,0,0,0,0,0,0,0,0,0,0,0,0,0,0,0,0,0,0,0,0,0,0,0,0,0,0,0,0,0,0,0,0,
2026-05-29,09:08:09.470,8.31,100,97,0,-0.208,5.93,25,0.718,83,0,0.031,100,100,2.24,-10.43,0.00,6,55.415800 12.873300,7,2026-05-29 09:08:09,484,-1022,-356,0,-429,0,44,0,322,0,0,-1,-1,-1,-1,-1,1,0,-1,-1,-1,1,36,515,-356,158,36,0,0,0,0,0,0,0,298,0,0,0,0,0,0,0,0,0,0,0,0,0,0,0,0,0,0,0,0,0,0,0,0,0,0,0,0,0,0,0,0,0,0,0,0,0,0,0,0,0,0,0,0,0,0,0,0,0,0,0,
2026-05-29,09:08:09.580,8.32,100,97,0,-0.184,5.94,25,0.718,83,0,0.031,100,100,2.24,-10.43,0.00,6,55.415800 12.873300,7,2026-05-29 09:08:09,507,-1023,-357,0,-430,0,44,-18,322,0,0,-1,-1,-1,-1,-1,1,0,-1,-1,-1,1,36,516,-357,167,36,0,0,0,0,0,0,0,297,0,0,0,0,0,0,0,0,0,0,0,0,0,0,0,0,0,0,0,0,0,0,0,0,0,0,0,0,0,0,0,0,0,0,0,0,0,0,0,0,0,0,0,0,0,0,0,0,0,0,0,
2026-05-29,09:08:09.720,8.32,100,97,0,-0.184,5.96,25,0.363,80,0,-0.063,100,100,-2.57,-10.32,0.00,6,55.415800 12.873300,7,2026-05-29 09:08:09,488,-1023,-419,0,-429,0,43,-17,321,0,0,-1,-1,-1,-1,-1,1,0,-1,-1,-1,1,36,516,-419,160,36,0,0,0,0,0,0,0,298,0,0,0,0,0,0,0,0,0,0,0,0,0,0,0,0,0,0,0,0,0,0,0,0,0,0,0,0,0,0,0,0,0,0,0,0,0,0,0,0,0,0,0,0,0,0,0,0,0,0,0,
2026-05-29,09:08:09.840,8.32,100,97,0,-0.197,5.97,25,0.738,78,0,-0.009,99,100,-1.60,-9.81,0.00,6,55.415800 12.873300,7,2026-05-29 09:08:09,343,-1023,-322,0,-429,0,44,-13,321,0,0,-1,-1,-1,-1,-1,1,0,-1,-1,-1,1,36,516,-323,107,36,0,0,0,0,0,0,0,298,0,0,0,0,0,0,0,0,0,0,0,0,0,0,0,0,0,0,0,0,0,0,0,0,0,0,0,0,0,0,0,0,0,0,0,0,0,0,0,0,0,0,0,0,0,0,0,0,0,0,0,
2026-05-29,09:08:09.960,8.32,100,96,0,-0.192,5.95,25,0.748,77,0,0.004,99,100,-1.64,-9.57,0.00,5,55.415800 12.873300,7,2026-05-29 09:08:09,489,-1022,-486,0,-429,0,45,-17,321,0,0,-1,-1,-1,-1,-1,1,0,-1,-1,-1,1,36,515,-486,160,36,0,0,0,0,0,0,0,298,0,0,0,0,0,0,0,0,0,0,0,0,0,0,0,0,0,0,0,0,0,0,0,0,0,0,0,0,0,0,0,0,0,0,0,0,0,0,0,0,0,0,0,0,0,0,0,0,0,0,0,
2026-05-29,09:08:10.070,8.32,100,95,0,-0.192,5.97,25,0.748,76,0,0.004,99,100,-1.64,-9.57,0.00,5,55.415800 12.873300,7,2026-05-29 09:08:10,462,-1023,-414,0,-430,0,44,0,322,0,0,-1,-1,-1,-1,-1,1,0,-1,-1,-1,1,36,516,-414,150,36,0,0,0,0,0,0,0,297,0,0,0,0,0,0,0,0,0,0,0,0,0,0,0,0,0,0,0,0,0,0,0,0,0,0,0,0,0,0,0,0,0,0,0,0,0,0,0,0,0,0,0,0,0,0,0,0,0,0,0,
2026-05-29,09:08:10.190,8.32,100,95,0,-0.064,5.98,25,0.976,79,0,0.001,99,100,0.09,-9.02,0.00,5,55.415800 12.873300,7,2026-05-29 09:08:10,531,-1023,-413,0,-429,0,44,0,321,0,0,-1,-1,-1,-1,-1,1,0,-1,-1,-1,1,36,516,-413,176,36,0,0,0,0,0,0,0,298,0,0,0,0,0,0,0,0,0,0,0,0,0,0,0,0,0,0,0,0,0,0,0,0,0,0,0,0,0,0,0,0,0,0,0,0,0,0,0,0,0,0,0,0,0,0,0,0,0,0,0,
2026-05-29,09:08:10.310,8.31,100,94,0,-0.087,5.96,25,0.989,80,0,-0.026,99,100,-0.20,-8.98,0.00,5,55.415800 12.873300,7,2026-05-29 09:08:10,548,-1023,-385,0,-429,0,44,-18,322,0,0,-1,-1,-1,-1,-1,1,0,-1,-1,-1,1,36,516,-385,184,36,0,0,0,0,0,0,0,297,0,0,0,0,0,0,0,0,0,0,0,0,0,0,0,0,0,0,0,0,0,0,0,0,0,0,0,0,0,0,0,0,0,0,0,0,0,0,0,0,0,0,0,0,0,0,0,0,0,0,0,
2026-05-29,09:08:10.420,8.31,100,95,0,-0.087,5.94,25,0.989,81,0,-0.026,99,100,-0.20,-8.98,0.00,4,55.415800 12.873300,7,2026-05-29 09:08:10,573,-1023,-388,-19,-429,0,43,-17,322,0,0,-1,-1,-1,-1,-1,1,0,-1,-1,-1,1,43,516,-388,194,43,0,0,0,0,0,0,0,298,0,0,0,0,0,0,0,0,0,0,0,0,0,0,0,0,0,0,0,0,0,0,0,0,0,0,0,0,0,0,0,0,0,0,0,0,0,0,0,0,0,0,0,0,0,0,0,0,0,0,0,
2026-05-29,09:08:10.540,8.32,100,95,0,-0.140,5.96,25,0.465,82,0,0.050,99,100,1.29,-9.19,0.00,4,55.415800 12.873300,7,2026-05-29 09:08:10,530,-1024,-388,0,-429,0,44,-18,322,0,0,-1,-1,-1,-1,-1,1,0,-1,-1,-1,1,36,516,-388,176,36,0,0,0,0,0,0,0,298,0,0,0,0,0,0,0,0,0,0,0,0,0,0,0,0,0,0,0,0,0,0,0,0,0,0,0,0,0,0,0,0,0,0,0,0,0,0,0,0,0,0,0,0,0,0,0,0,0,0,0,
2026-05-29,09:08:10.660,8.32,100,96,0,-0.068,5.96,25,1.475,82,0,-0.271,100,100,0.22,-9.47,0.00,4,55.415800 12.873300,7,2026-05-29 09:08:10,562,-1023,-388,0,-430,1,44,-18,322,0,0,-1,-1,-1,-1,-1,1,0,-1,-1,-1,1,36,516,-388,189,36,0,0,0,0,0,0,0,297,0,0,0,0,0,0,0,0,0,0,0,0,0,0,0,0,0,0,0,0,0,0,0,0,0,0,0,0,0,0,0,0,0,0,0,0,0,0,0,0,0,0,0,0,0,0,0,0,0,0,0,
2026-05-29,09:08:10.770,8.31,100,96,0,-0.136,5.94,25,1.475,83,0,0.101,100,100,0.22,-9.47,0.00,4,55.415800 12.873300,7,2026-05-29 09:08:10,523,-1023,-388,-4,-430,0,44,-22,321,0,0,-1,-1,-1,-1,-1,1,0,-1,-1,-1,1,38,516,-388,173,38,0,0,0,0,0,0,0,297,0,0,0,0,0,0,0,0,0,0,0,0,0,0,0,0,0,0,0,0,0,0,0,0,0,0,0,0,0,0,0,0,0,0,0,0,0,0,0,0,0,0,0,0,0,0,0,0,0,0,0,
2026-05-29,09:08:10.890,8.31,100,96,0,-0.136,5.93,25,0.729,83,0,0.101,100,100,2.09,-9.53,0.00,4,55.415800 12.873300,7,2026-05-29 09:08:10,539,-1022,-389,0,-430,0,43,-16,322,0,0,-1,-1,-1,-1,-1,1,0,-1,-1,-1,1,36,515,-389,179,36,0,0,0,0,0,0,0,297,0,0,0,0,0,0,0,0,0,0,0,0,0,0,0,0,0,0,0,0,0,0,0,0,0,0,0,0,0,0,0,0,0,0,0,0,0,0,0,0,0,0,0,0,0,0,0,0,0,0,0,
2026-05-29,09:08:11.030,8.31,100,96,0,-0.089,5.93,25,1.349,84,0,0.206,100,100,2.07,-9.49,0.00,3,55.415800 12.873300,6,2026-05-29 09:08:11,579,-1023,-389,0,-430,1,44,-9,322,0,0,-1,-1,-1,-1,-1,1,0,-1,-1,-1,1,36,516,-389,196,36,0,0,0,0,0,0,0,298,0,0,0,0,0,0,0,0,0,0,0,0,0,0,0,0,0,0,0,0,0,0,0,0,0,0,0,0,0,0,0,0,0,0,0,0,0,0,0,0,0,0,0,0,0,0,0,0,0,0,0,
2026-05-29,09:08:11.140,8.31,100,96,0,-0.129,5.92,25,0.856,84,0,0.000,100,100,2.34,-9.41,0.00,3,55.415800 12.873300,6,2026-05-29 09:08:11,593,-1023,-399,0,-430,0,44,-18,322,0,0,-1,-1,-1,-1,-1,1,0,-1,-1,-1,1,36,516,-399,202,36,0,0,0,0,0,0,0,297,0,0,0,0,0,0,0,0,0,0,0,0,0,0,0,0,0,0,0,0,0,0,0,0,0,0,0,0,0,0,0,0,0,0,0,0,0,0,0,0,0,0,0,0,0,0,0,0,0,0,0,
2026-05-29,09:08:11.250,8.31,100,97,0,-0.129,5.91,25,0.856,85,0,0.000,100,100,2.34,-9.41,0.00,3,55.415800 12.873300,6,2026-05-29 09:08:11,602,-1023,-399,0,-430,1,44,-19,322,0,0,-1,-1,-1,-1,-1,1,0,-1,-1,-1,1,36,516,-399,206,36,0,0,0,0,0,0,0,297,0,0,0,0,0,0,0,0,0,0,0,0,0,0,0,0,0,0,0,0,0,0,0,0,0,0,0,0,0,0,0,0,0,0,0,0,0,0,0,0,0,0,0,0,0,0,0,0,0,0,0,
2026-05-29,09:08:11.360,8.31,100,96,0,-0.173,5.93,25,0.768,85,0,-0.049,100,100,1.45,-9.38,0.00,3,55.415800 12.873300,6,2026-05-29 09:08:11,661,-1023,-398,0,-430,2,44,-2,321,0,0,-1,-1,-1,-1,-1,1,0,-1,-1,-1,1,36,516,-398,231,36,0,0,0,0,0,0,0,297,0,0,0,0,0,0,0,0,0,0,0,0,0,0,0,0,0,0,0,0,0,0,0,0,0,0,0,0,0,0,0,0,0,0,0,0,0,0,0,0,0,0,0,0,0,0,0,0,0,0,0,
2026-05-29,09:08:11.480,8.31,100,96,0,-0.141,5.94,25,1.345,84,0,0.144,100,100,1.47,-9.36,0.00,3,55.415800 12.873300,6,2026-05-29 09:08:11,540,-1023,-400,0,-429,0,43,-19,321,0,0,-1,-1,-1,-1,-1,1,0,-1,-1,-1,1,36,516,-400,180,36,0,0,0,0,0,0,0,298,0,0,0,0,0,0,0,0,0,0,0,0,0,0,0,0,0,0,0,0,0,0,0,0,0,0,0,0,0,0,0,0,0,0,0,0,0,0,0,0,0,0,0,0,0,0,0,0,0,0,0,
2026-05-29,09:08:11.600,8.31,100,95,0,-0.151,5.93,25,1.345,84,0,0.144,100,100,1.47,-9.36,0.00,3,55.415800 12.873300,6,2026-05-29 09:08:11,172,-612,-401,0,-430,1,44,-18,321,0,0,-1,-1,-1,-1,-1,1,0,-1,-1,-1,1,36,253,-401,52,36,0,0,0,0,0,0,0,297,0,0,0,0,0,0,0,0,0,0,0,0,0,0,0,0,0,0,0,0,0,0,0,0,0,0,0,0,0,0,0,0,0,0,0,0,0,0,0,0,0,0,0,0,0,0,0,0,0,0,0,
2026-05-29,09:08:11.720,8.31,100,95,0,-0.151,5.90,25,0.835,83,0,-0.115,100,100,1.06,-9.19,0.00,3,55.415800 12.873300,6,2026-05-29 09:08:11,0,0,-401,0,-430,0,44,-15,322,0,0,-1,-1,-1,-1,-1,1,0,-1,-1,-1,1,36,8,-401,0,36,0,0,0,0,0,0,0,297,0,0,0,0,0,0,0,0,0,0,0,0,0,0,0,0,0,0,0,0,0,0,0,0,0,0,0,0,0,0,0,0,0,0,0,0,0,0,0,0,0,0,0,0,0,0,0,0,0,0,0,
2026-05-29,09:08:11.830,8.31,100,95,0,-0.122,5.92,25,0.993,83,0,0.080,100,100,1.70,-9.43,0.00,3,55.415800 12.873300,6,2026-05-29 09:08:11,0,0,-948,0,-429,0,44,-19,322,0,0,-1,-1,-1,-1,-1,1,0,-1,-1,-1,1,36,8,-948,0,36,0,0,0,0,0,0,0,298,0,0,0,0,0,0,0,0,0,0,0,0,0,0,0,0,0,0,0,0,0,0,0,0,0,0,0,0,0,0,0,0,0,0,0,0,0,0,0,0,0,0,0,0,0,0,0,0,0,0,0,
2026-05-29,09:08:11.950,8.31,100,95,0,-0.122,5.96,25,0.993,83,0,0.004,100,100,1.70,-9.43,0.00,1,55.415900 12.873300,6,2026-05-29 09:08:11,0,0,-1024,0,-429,0,43,-13,322,0,0,-1,-1,-1,-1,-1,1,0,-1,-1,-1,0,36,8,-1024,0,36,0,0,0,0,0,0,0,298,0,0,0,0,0,0,0,0,0,0,0,0,0,0,0,0,0,0,0,0,0,0,0,0,0,0,0,0,0,0,0,0,0,0,0,0,0,0,0,0,0,0,0,0,0,0,0,0,0,0,0,
2026-05-29,09:08:12.070,8.31,100,95,0,-0.133,5.97,25,1.008,83,0,0.004,100,100,1.22,-9.17,0.00,1,55.415900 12.873300,6,2026-05-29 09:08:12,0,0,-1024,0,-430,0,44,-18,322,0,0,-1,-1,-1,-1,-1,1,0,-1,-1,-1,0,36,8,-1023,0,36,0,0,0,0,0,0,0,298,0,0,0,0,0,0,0,0,0,0,0,0,0,0,0,0,0,0,0,0,0,0,0,0,0,0,0,0,0,0,0,0,0,0,0,0,0,0,0,0,0,0,0,0,0,0,0,0,0,0,0,
2026-05-29,09:08:12.180,8.31,100,95,0,-0.183,5.98,25,0.981,84,0,0.049,100,100,1.35,-9.05,0.00,1,55.415900 12.873300,6,2026-05-29 09:08:12,0,0,-1024,0,-430,1,43,-20,322,0,0,-1,-1,-1,-1,-1,1,0,-1,-1,-1,0,36,8,-1024,0,36,0,0,0,0,0,0,0,297,0,0,0,0,0,0,0,0,0,0,0,0,0,0,0,0,0,0,0,0,0,0,0,0,0,0,0,0,0,0,0,0,0,0,0,0,0,0,0,0,0,0,0,0,0,0,0,0,0,0,0,
2026-05-29,09:08:12.290,8.31,100,96,0,-0.198,5.98,25,0.981,84,0,0.048,100,100,1.35,-9.05,0.00,1,55.415900 12.873300,6,2026-05-29 09:08:12,0,0,-1024,0,-430,0,43,-6,322,0,0,-1,-1,-1,-1,-1,1,0,-1,-1,-1,0,36,8,-1024,0,36,0,0,0,0,0,0,0,297,0,0,0,0,0,0,0,0,0,0,0,0,0,0,0,0,0,0,0,0,0,0,0,0,0,0,0,0,0,0,0,0,0,0,0,0,0,0,0,0,0,0,0,0,0,0,0,0,0,0,0,
2026-05-29,09:08:12.410,8.31,100,96,0,-0.198,5.99,25,0.988,85,0,0.048,100,100,1.38,-9.13,0.00,1,55.415900 12.873300,6,2026-05-29 09:08:12,0,0,-1024,0,-429,0,44,-12,322,0,0,-1,-1,-1,-1,-1,1,0,-1,-1,-1,0,36,8,-1024,0,36,0,0,0,0,0,0,0,298,0,0,0,0,0,0,0,0,0,0,0,0,0,0,0,0,0,0,0,0,0,0,0,0,0,0,0,0,0,0,0,0,0,0,0,0,0,0,0,0,0,0,0,0,0,0,0,0,0,0,0,
2026-05-29,09:08:12.520,8.32,100,97,0,-0.192,5.99,25,0.969,85,0,0.028,100,100,1.43,-9.29,0.00,1,55.415900 12.873300,6,2026-05-29 09:08:12,0,0,-1024,0,-430,1,43,-20,321,0,0,-1,-1,-1,-1,-1,1,0,-1,-1,-1,0,36,8,-1024,0,36,0,0,0,0,0,0,0,297,0,0,0,0,0,0,0,0,0,0,0,0,0,0,0,0,0,0,0,0,0,0,0,0,0,0,0,0,0,0,0,0,0,0,0,0,0,0,0,0,0,0,0,0,0,0,0,0,0,0,0,
2026-05-29,09:08:12.640,8.32,100,97,0,-0.193,5.97,25,0.987,84,0,0.045,100,100,1.50,-9.46,0.00,1,55.415900 12.873300,6,2026-05-29 09:08:12,0,0,-1023,0,-429,0,44,-19,321,0,0,-1,-1,-1,-1,-1,1,0,-1,-1,-1,0,36,8,-1023,0,36,0,0,0,0,0,0,0,298,0,0,0,0,0,0,0,0,0,0,0,0,0,0,0,0,0,0,0,0,0,0,0,0,0,0,0,0,0,0,0,0,0,0,0,0,0,0,0,0,0,0,0,0,0,0,0,0,0,0,0,
2026-05-29,09:08:12.750,8.31,100,97,0,-0.193,5.95,25,0.987,83,0,0.045,100,100,1.50,-9.46,0.00,1,55.415900 12.873300,6,2026-05-29 09:08:12,0,0,-1024,0,-429,0,44,-17,322,0,0,-1,-1,-1,-1,-1,1,0,-1,-1,-1,0,36,8,-1024,0,36,0,0,0,0,0,0,0,298,0,0,0,0,0,0,0,0,0,0,0,0,0,0,0,0,0,0,0,0,0,0,0,0,0,0,0,0,0,0,0,0,0,0,0,0,0,0,0,0,0,0,0,0,0,0,0,0,0,0,0,
2026-05-29,09:08:12.870,8.31,100,97,0,-0.195,5.96,25,0.987,84,0,0.038,100,100,1.57,-9.61,0.00,1,55.415900 12.873300,6,2026-05-29 09:08:12,0,0,-1024,0,-429,2,44,-15,322,0,0,-1,-1,-1,-1,-1,1,0,-1,-1,-1,0,36,8,-1024,0,36,0,0,0,0,0,0,0,298,0,0,0,0,0,0,0,0,0,0,0,0,0,0,0,0,0,0,0,0,0,0,0,0,0,0,0,0,0,0,0,0,0,0,0,0,0,0,0,0,0,0,0,0,0,0,0,0,0,0,0,
2026-05-29,09:08:12.980,8.31,100,97,0,-0.194,5.97,25,0.988,84,0,0.043,100,100,1.60,-9.75,0.00,0,55.415900 12.873300,6,2026-05-29 09:08:12,0,0,-1024,0,-429,0,44,-16,321,0,0,-1,-1,-1,-1,-1,1,0,-1,-1,-1,0,36,8,-1024,0,36,0,0,0,0,0,0,0,298,0,0,0,0,0,0,0,0,0,0,0,0,0,0,0,0,0,0,0,0,0,0,0,0,0,0,0,0,0,0,0,0,0,0,0,0,0,0,0,0,0,0,0,0,0,0,0,0,0,0,0,
2026-05-29,09:08:13.090,8.31,100,97,0,-0.194,5.98,25,0.988,85,0,0.043,100,100,1.60,-9.75,0.00,0,55.415900 12.873300,6,2026-05-29 09:08:13,0,0,-1023,0,-429,0,43,-1,322,0,0,-1,-1,-1,-1,-1,1,0,-1,-1,-1,0,36,8,-1023,0,36,0,0,0,0,0,0,0,298,0,0,0,0,0,0,0,0,0,0,0,0,0,0,0,0,0,0,0,0,0,0,0,0,0,0,0,0,0,0,0,0,0,0,0,0,0,0,0,0,0,0,0,0,0,0,0,0,0,0,0,
2026-05-29,09:08:13.210,8.31,100,97,0,-0.193,5.99,25,0.984,84,0,0.047,100,100,1.60,-9.87,0.00,0,55.415900 12.873300,6,2026-05-29 09:08:13,0,0,-1024,0,-429,0,44,-17,322,0,0,-1,-1,-1,-1,-1,1,0,-1,-1,-1,0,36,8,-1024,0,36,0,0,0,0,0,0,0,298,0,0,0,0,0,0,0,0,0,0,0,0,0,0,0,0,0,0,0,0,0,0,0,0,0,0,0,0,0,0,0,0,0,0,0,0,0,0,0,0,0,0,0,0,0,0,0,0,0,0,0,
2026-05-29,09:08:13.320,8.32,100,97,0,-0.192,5.99,25,0.979,84,0,0.043,100,100,1.60,-9.98,0.00,0,55.415900 12.873300,6,2026-05-29 09:08:13,0,0,-1023,0,-430,0,43,-15,321,0,0,-1,-1,-1,-1,-1,1,0,-1,-1,-1,0,36,8,-1023,0,36,0,0,0,0,0,0,0,297,0,0,0,0,0,0,0,0,0,0,0,0,0,0,0,0,0,0,0,0,0,0,0,0,0,0,0,0,0,0,0,0,0,0,0,0,0,0,0,0,0,0,0,0,0,0,0,0,0,0,0,
2026-05-29,09:08:13.430,8.32,100,97,0,-0.192,5.99,25,0.979,82,0,0.043,100,100,1.60,-9.98,0.00,0,55.415900 12.873300,6,2026-05-29 09:08:13,0,0,-1024,0,-430,0,43,-6,322,0,0,-1,-1,-1,-1,-1,1,0,-1,-1,-1,0,36,8,-1024,0,36,0,0,0,0,0,0,0,297,0,0,0,0,0,0,0,0,0,0,0,0,0,0,0,0,0,0,0,0,0,0,0,0,0,0,0,0,0,0,0,0,0,0,0,0,0,0,0,0,0,0,0,0,0,0,0,0,0,0,0,
2026-05-29,09:08:13.550,8.32,100,97,0,-0.191,6.00,25,0.979,81,0,0.041,100,100,1.61,-10.08,0.00,0,55.415900 12.873300,6,2026-05-29 09:08:13,0,0,-1024,0,-429,1,44,-14,322,0,0,-1,-1,-1,-1,-1,1,0,-1,-1,-1,0,36,8,-1024,0,36,0,0,0,0,0,0,0,298,0,0,0,0,0,0,0,0,0,0,0,0,0,0,0,0,0,0,0,0,0,0,0,0,0,0,0,0,0,0,0,0,0,0,0,0,0,0,0,0,0,0,0,0,0,0,0,0,0,0,0,
2026-05-29,09:08:13.670,8.32,100,97,0,-0.190,6.00,25,0.986,80,0,0.040,100,100,1.63,-10.17,0.00,0,55.415900 12.873300,6,2026-05-29 09:08:13,0,0,-1024,0,-430,0,43,-18,322,0,0,-1,-1,-1,-1,-1,1,0,-1,-1,-1,0,36,8,-1024,0,36,0,0,0,0,0,0,0,297,0,0,0,0,0,0,0,0,0,0,0,0,0,0,0,0,0,0,0,0,0,0,0,0,0,0,0,0,0,0,0,0,0,0,0,0,0,0,0,0,0,0,0,0,0,0,0,0,0,0,0,
2026-05-29,09:08:13.780,8.32,100,96,0,-0.190,6.00,25,0.986,80,0,0.040,100,100,1.63,-10.17,0.00,0,55.415900 12.873300,6,2026-05-29 09:08:13,0,0,-1024,0,-430,1,44,-15,321,0,0,-1,-1,-1,-1,-1,1,0,-1,-1,-1,0,36,8,-1024,0,36,0,0,0,0,0,0,0,297,0,0,0,0,0,0,0,0,0,0,0,0,0,0,0,0,0,0,0,0,0,0,0,0,0,0,0,0,0,0,0,0,0,0,0,0,0,0,0,0,0,0,0,0,0,0,0,0,0,0,0,
2026-05-29,09:08:13.900,8.32,100,95,0,-0.191,6.00,25,0.984,79,0,0.037,100,100,1.67,-10.26,0.00,0,55.415900 12.873300,6,2026-05-29 09:08:13,0,0,-1024,0,-429,0,44,-16,322,0,0,-1,-1,-1,-1,-1,1,0,-1,-1,-1,0,36,8,-1024,0,36,0,0,0,0,0,0,0,298,0,0,0,0,0,0,0,0,0,0,0,0,0,0,0,0,0,0,0,0,0,0,0,0,0,0,0,0,0,0,0,0,0,0,0,0,0,0,0,0,0,0,0,0,0,0,0,0,0,0,0,
2026-05-29,09:08:14.040,8.32,100,94,0,-0.191,6.00,25,0.986,76,0,0.036,100,100,1.68,-10.33,0.00,0,55.415900 12.873300,6,2026-05-29 09:08:14,0,0,-1024,0,-429,1,44,-19,322,0,0,-1,-1,-1,-1,-1,1,0,-1,-1,-1,0,36,8,-1024,0,36,0,0,0,0,0,0,0,298,0,0,0,0,0,0,0,0,0,0,0,0,0,0,0,0,0,0,0,0,0,0,0,0,0,0,0,0,0,0,0,0,0,0,0,0,0,0,0,0,0,0,0,0,0,0,0,0,0,0,0,
2026-05-29,09:08:14.150,8.32,100,94,0,-0.191,6.00,25,0.989,77,0,0.036,100,100,1.68,-10.33,0.00,0,55.415900 12.873300,6,2026-05-29 09:08:14,0,0,-1024,0,-430,0,44,-18,321,0,0,-1,-1,-1,-1,-1,1,0,-1,-1,-1,0,36,8,-1024,0,36,0,0,0,0,0,0,0,297,0,0,0,0,0,0,0,0,0,0,0,0,0,0,0,0,0,0,0,0,0,0,0,0,0,0,0,0,0,0,0,0,0,0,0,0,0,0,0,0,0,0,0,0,0,0,0,0,0,0,0,
2026-05-29,09:08:14.260,8.32,100,94,0,-0.191,5.97,25,0.989,78,0,0.034,100,100,1.70,-10.40,0.00,0,55.415900 12.873300,6,2026-05-29 09:08:14,0,0,-1024,0,-429,0,44,-16,322,0,0,-1,-1,-1,-1,-1,1,0,-1,-1,-1,0,36,8,-1024,0,36,0,0,0,0,0,0,0,298,0,0,0,0,0,0,0,0,0,0,0,0,0,0,0,0,0,0,0,0,0,0,0,0,0,0,0,0,0,0,0,0,0,0,0,0,0,0,0,0,0,0,0,0,0,0,0,0,0,0,0,
2026-05-29,09:08:14.380,8.32,100,94,0,-0.194,5.95,25,0.987,78,0,0.037,100,100,1.72,-10.46,0.00,0,55.415900 12.873300,6,2026-05-29 09:08:14,0,0,-1024,0,-429,0,44,-14,322,0,0,-1,-1,-1,-1,-1,1,0,-1,-1,-1,0,36,8,-1024,0,36,0,0,0,0,0,0,0,298,0,0,0,0,0,0,0,0,0,0,0,0,0,0,0,0,0,0,0,0,0,0,0,0,0,0,0,0,0,0,0,0,0,0,0,0,0,0,0,0,0,0,0,0,0,0,0,0,0,0,0,
2026-05-29,09:08:14.490,8.32,100,93,0,-0.190,5.97,25,0.987,79,0,0.035,100,100,1.72,-10.46,0.00,0,55.415900 12.873300,6,2026-05-29 09:08:14,0,0,-1024,0,-430,0,44,0,321,0,0,-1,-1,-1,-1,-1,1,0,-1,-1,-1,0,36,8,-1024,0,36,0,0,0,0,0,0,0,297,0,0,0,0,0,0,0,0,0,0,0,0,0,0,0,0,0,0,0,0,0,0,0,0,0,0,0,0,0,0,0,0,0,0,0,0,0,0,0,0,0,0,0,0,0,0,0,0,0,0,0,
2026-05-29,09:08:14.610,8.31,100,93,0,-0.190,5.96,25,0.985,79,0,0.035,100,100,1.74,-10.52,0.00,0,55.415900 12.873300,6,2026-05-29 09:08:14,0,0,-1024,0,-430,0,43,-17,322,0,0,-1,-1,-1,-1,-1,1,0,-1,-1,-1,0,36,8,-1024,0,36,0,0,0,0,0,0,0,297,0,0,0,0,0,0,0,0,0,0,0,0,0,0,0,0,0,0,0,0,0,0,0,0,0,0,0,0,0,0,0,0,0,0,0,0,0,0,0,0,0,0,0,0,0,0,0,0,0,0,0,
2026-05-29,09:08:14.730,8.31,100,93,0,-0.192,5.97,25,0.984,80,0,0.037,100,100,1.77,-10.58,0.00,0,55.415900 12.873300,6,2026-05-29 09:08:14,0,0,-1024,0,-430,0,45,-16,322,0,0,-1,-1,-1,-1,-1,1,0,-1,-1,-1,0,36,8,-1024,0,36,0,0,0,0,0,0,0,297,0,0,0,0,0,0,0,0,0,0,0,0,0,0,0,0,0,0,0,0,0,0,0,0,0,0,0,0,0,0,0,0,0,0,0,0,0,0,0,0,0,0,0,0,0,0,0,0,0,0,0,
2026-05-29,09:08:14.840,8.32,100,94,0,-0.190,5.97,25,0.978,81,0,0.036,100,100,1.78,-10.62,0.00,0,55.415900 12.873300,6,2026-05-29 09:08:14,0,0,-1023,0,-430,0,44,-13,321,0,0,-1,-1,-1,-1,-1,1,0,-1,-1,-1,0,36,8,-1024,0,36,0,0,0,0,0,0,0,298,0,0,0,0,0,0,0,0,0,0,0,0,0,0,0,0,0,0,0,0,0,0,0,0,0,0,0,0,0,0,0,0,0,0,0,0,0,0,0,0,0,0,0,0,0,0,0,0,0,0,0,
2026-05-29,09:08:14.960,8.32,100,94,0,-0.190,5.98,25,0.978,81,0,0.036,100,100,1.78,-10.62,0.00,0,55.415900 12.873300,5,2026-05-29 09:08:14,0,0,-1024,0,-429,0,44,-16,322,0,0,-1,-1,-1,-1,-1,1,0,-1,-1,-1,0,36,8,-1024,0,36,0,0,0,0,0,0,0,298,0,0,0,0,0,0,0,0,0,0,0,0,0,0,0,0,0,0,0,0,0,0,0,0,0,0,0,0,0,0,0,0,0,0,0,0,0,0,0,0,0,0,0,0,0,0,0,0,0,0,0,
2026-05-29,09:08:15.080,8.32,100,95,0,-0.190,5.96,25,0.986,80,0,0.037,100,100,1.78,-10.67,0.00,0,55.415900 12.873300,5,2026-05-29 09:08:15,0,0,-1023,0,-429,0,44,-1,322,0,0,-1,-1,-1,-1,-1,1,0,-1,-1,-1,0,36,8,-1023,0,36,0,0,0,0,0,0,0,298,0,0,0,0,0,0,0,0,0,0,0,0,0,0,0,0,0,0,0,0,0,0,0,0,0,0,0,0,0,0,0,0,0,0,0,0,0,0,0,0,0,0,0,0,0,0,0,0,0,0,0,
2026-05-29,09:08:15.200,8.31,100,96,0,-0.193,5.98,25,0.981,80,0,0.039,100,100,1.81,-10.71,0.00,0,55.415900 12.873300,5,2026-05-29 09:08:15,0,0,-1024,0,-430,1,43,-15,322,0,0,-1,-1,-1,-1,-1,1,0,-1,-1,-1,0,36,8,-1024,0,36,0,0,0,0,0,0,0,297,0,0,0,0,0,0,0,0,0,0,0,0,0,0,0,0,0,0,0,0,0,0,0,0,0,0,0,0,0,0,0,0,0,0,0,0,0,0,0,0,0,0,0,0,0,0,0,0,0,0,0,
2026-05-29,09:08:15.320,8.31,100,96,0,-0.193,5.98,25,0.981,80,0,0.039,100,100,1.81,-10.71,0.00,0,55.415900 12.873300,5,2026-05-29 09:08:15,0,0,-1023,0,-429,0,43,-16,322,0,0,-1,-1,-1,-1,-1,1,0,-1,-1,-1,0,36,8,-1023,0,36,0,0,0,0,0,0,0,298,0,0,0,0,0,0,0,0,0,0,0,0,0,0,0,0,0,0,0,0,0,0,0,0,0,0,0,0,0,0,0,0,0,0,0,0,0,0,0,0,0,0,0,0,0,0,0,0,0,0,0,
2026-05-29,09:08:15.440,8.32,100,97,0,-0.190,5.99,25,0.981,81,0,0.038,100,100,1.82,-10.75,0.00,0,55.415900 12.873300,5,2026-05-29 09:08:15,0,0,-1023,0,-430,3,44,-22,321,0,0,-1,-1,-1,-1,-1,1,0,-1,-1,-1,0,36,8,-1023,0,36,0,0,0,0,0,0,0,297,0,0,0,0,0,0,0,0,0,0,0,0,0,0,0,0,0,0,0,0,0,0,0,0,0,0,0,0,0,0,0,0,0,0,0,0,0,0,0,0,0,0,0,0,0,0,0,0,0,0,0,
2026-05-29,09:08:15.560,8.31,100,97,0,-0.191,5.97,25,0.981,80,0,0.039,100,100,1.82,-10.78,0.00,0,55.415900 12.873300,5,2026-05-29 09:08:15,0,0,-1024,0,-429,1,43,-3,321,0,0,-1,-1,-1,-1,-1,1,0,-1,-1,-1,0,36,8,-1024,0,36,0,0,0,0,0,0,0,298,0,0,0,0,0,0,0,0,0,0,0,0,0,0,0,0,0,0,0,0,0,0,0,0,0,0,0,0,0,0,0,0,0,0,0,0,0,0,0,0,0,0,0,0,0,0,0,0,0,0,0,
2026-05-29,09:08:15.670,8.32,100,97,0,-0.191,5.97,25,0.981,80,0,0.039,100,100,1.82,-10.78,0.00,0,55.415900 12.873300,5,2026-05-29 09:08:15,0,0,-1024,0,-430,0,44,-9,322,0,0,-1,-1,-1,-1,-1,1,0,-1,-1,-1,0,36,8,-1024,0,36,0,0,0,0,0,0,0,297,0,0,0,0,0,0,0,0,0,0,0,0,0,0,0,0,0,0,0,0,0,0,0,0,0,0,0,0,0,0,0,0,0,0,0,0,0,0,0,0,0,0,0,0,0,0,0,0,0,0,0,
2026-05-29,09:08:15.790,8.31,100,98,0,-0.191,5.99,25,0.981,80,0,0.037,100,100,1.83,-10.82,0.00,0,55.415900 12.873300,5,2026-05-29 09:08:15,0,0,-1024,0,-430,0,44,-15,321,0,0,-1,-1,-1,-1,-1,1,0,-1,-1,-1,0,36,8,-1024,0,36,0,0,0,0,0,0,0,297,0,0,0,0,0,0,0,0,0,0,0,0,0,0,0,0,0,0,0,0,0,0,0,0,0,0,0,0,0,0,0,0,0,0,0,0,0,0,0,0,0,0,0,0,0,0,0,0,0,0,0,
2026-05-29,09:08:15.900,8.31,100,98,0,-0.190,5.99,25,0.978,80,0,0.037,100,100,1.83,-10.84,0.00,0,55.415900 12.873300,5,2026-05-29 09:08:15,0,0,-1024,0,-429,0,44,-17,322,0,0,-1,-1,-1,-1,-1,1,0,-1,-1,-1,0,36,8,-1024,0,36,0,0,0,0,0,0,0,298,0,0,0,0,0,0,0,0,0,0,0,0,0,0,0,0,0,0,0,0,0,0,0,0,0,0,0,0,0,0,0,0,0,0,0,0,0,0,0,0,0,0,0,0,0,0,0,0,0,0,0,
2026-05-29,09:08:16.010,8.31,100,98,0,-0.192,5.99,25,0.986,82,0,0.038,100,100,1.83,-10.84,0.00,0,55.415900 12.873300,5,2026-05-29 09:08:16,0,0,-1023,0,-429,0,44,0,322,0,0,-1,-1,-1,-1,-1,1,0,-1,-1,-1,0,36,8,-1023,0,36,0,0,0,0,0,0,0,298,0,0,0,0,0,0,0,0,0,0,0,0,0,0,0,0,0,0,0,0,0,0,0,0,0,0,0,0,0,0,0,0,0,0,0,0,0,0,0,0,0,0,0,0,0,0,0,0,0,0,0,
2026-05-29,09:08:16.120,8.31,100,98,0,-0.192,5.99,25,0.986,84,0,0.038,100,100,1.84,-10.87,0.00,0,55.415900 12.873300,5,2026-05-29 09:08:16,0,0,-1024,0,-430,0,45,-15,321,0,0,-1,-1,-1,-1,-1,1,0,-1,-1,-1,0,36,8,-1024,0,36,0,0,0,0,0,0,0,297,0,0,0,0,0,0,0,0,0,0,0,0,0,0,0,0,0,0,0,0,0,0,0,0,0,0,0,0,0,0,0,0,0,0,0,0,0,0,0,0,0,0,0,0,0,0,0,0,0,0,0,
2026-05-29,09:08:16.240,8.31,100,98,0,-0.191,6.00,25,0.983,85,0,0.037,100,100,1.86,-10.89,0.00,0,55.415900 12.873300,5,2026-05-29 09:08:16,0,0,-1024,0,-429,0,43,-18,322,0,0,-1,-1,-1,-1,-1,1,0,-1,-1,-1,0,36,8,-1024,0,36,0,0,0,0,0,0,0,298,0,0,0,0,0,0,0,0,0,0,0,0,0,0,0,0,0,0,0,0,0,0,0,0,0,0,0,0,0,0,0,0,0,0,0,0,0,0,0,0,0,0,0,0,0,0,0,0,0,0,0,
2026-05-29,09:08:16.360,8.31,100,97,0,-0.193,6.00,25,0.983,86,0,0.037,100,100,1.86,-10.91,0.00,0,55.415900 12.873300,5,2026-05-29 09:08:16,0,0,-1024,0,-429,0,44,-9,322,0,0,-1,-1,-1,-1,-1,1,0,-1,-1,-1,0,36,8,-1024,0,36,0,0,0,0,0,0,0,298,0,0,0,0,0,0,0,0,0,0,0,0,0,0,0,0,0,0,0,0,0,0,0,0,0,0,0,0,0,0,0,0,0,0,0,0,0,0,0,0,0,0,0,0,0,0,0,0,0,0,0,
2026-05-29,09:08:16.480,8.31,100,97,0,-0.193,6.00,25,0.983,87,0,0.037,100,100,1.86,-10.91,0.00,0,55.415900 12.873300,5,2026-05-29 09:08:16,0,0,-1024,0,-429,0,45,-1,322,0,0,-1,-1,-1,-1,-1,1,0,-1,-1,-1,0,36,8,-1024,0,36,0,0,0,0,0,0,0,298,0,0,0,0,0,0,0,0,0,0,0,0,0,0,0,0,0,0,0,0,0,0,0,0,0,0,0,0,0,0,0,0,0,0,0,0,0,0,0,0,0,0,0,0,0,0,0,0,0,0,0,
2026-05-29,09:08:16.600,8.31,100,97,0,-0.191,6.00,25,0.988,88,0,0.038,100,100,1.87,-10.94,0.00,0,55.415900 12.873300,5,2026-05-29 09:08:16,0,0,-1023,0,-430,1,44,-16,322,0,0,-1,-1,-1,-1,-1,1,0,-1,-1,-1,0,36,8,-1023,0,36,0,0,0,0,0,0,0,297,0,0,0,0,0,0,0,0,0,0,0,0,0,0,0,0,0,0,0,0,0,0,0,0,0,0,0,0,0,0,0,0,0,0,0,0,0,0,0,0,0,0,0,0,0,0,0,0,0,0,0,
2026-05-29,09:08:16.720,8.31,100,97,0,-0.191,6.00,25,0.982,89,0,0.038,100,100,1.88,-10.96,0.00,0,55.415900 12.873300,5,2026-05-29 09:08:16,0,0,-1024,0,-429,0,43,-13,322,0,0,-1,-1,-1,-1,-1,1,0,-1,-1,-1,0,36,8,-1023,0,36,0,0,0,0,0,0,0,298,0,0,0,0,0,0,0,0,0,0,0,0,0,0,0,0,0,0,0,0,0,0,0,0,0,0,0,0,0,0,0,0,0,0,0,0,0,0,0,0,0,0,0,0,0,0,0,0,0,0,0,
2026-05-29,09:08:16.830,8.32,100,96,0,-0.191,5.97,25,0.982,89,0,0.038,100,100,1.88,-10.96,0.00,0,55.415900 12.873300,5,2026-05-29 09:08:16,0,0,-1024,0,-430,0,43,-16,321,0,0,-1,-1,-1,-1,-1,1,0,-1,-1,-1,0,36,8,-1024,0,36,0,0,0,0,0,0,0,297,0,0,0,0,0,0,0,0,0,0,0,0,0,0,0,0,0,0,0,0,0,0,0,0,0,0,0,0,0,0,0,0,0,0,0,0,0,0,0,0,0,0,0,0,0,0,0,0,0,0,0,
2026-05-29,09:08:16.950,8.32,100,96,0,-0.192,5.98,25,0.986,89,0,0.038,100,100,1.88,-10.97,0.00,0,55.415900 12.873300,4,2026-05-29 09:08:16,0,0,-1024,0,-429,2,44,-12,322,0,0,-1,-1,-1,-1,-1,1,0,-1,-1,-1,0,36,8,-1024,0,36,0,0,0,0,0,0,0,298,0,0,0,0,0,0,0,0,0,0,0,0,0,0,0,0,0,0,0,0,0,0,0,0,0,0,0,0,0,0,0,0,0,0,0,0,0,0,0,0,0,0,0,0,0,0,0,0,0,0,0,
2026-05-29,09:08:17.070,8.31,100,97,0,-0.192,5.99,25,0.985,90,0,0.037,100,100,1.88,-10.99,0.00,0,55.415900 12.873300,4,2026-05-29 09:08:17,0,0,-1024,0,-429,0,44,-11,322,0,0,-1,-1,-1,-1,-1,1,0,-1,-1,-1,0,36,8,-1024,0,36,0,0,0,0,0,0,0,298,0,0,0,0,0,0,0,0,0,0,0,0,0,0,0,0,0,0,0,0,0,0,0,0,0,0,0,0,0,0,0,0,0,0,0,0,0,0,0,0,0,0,0,0,0,0,0,0,0,0,0,
2026-05-29,09:08:17.180,8.32,100,98,0,-0.192,5.99,25,0.985,90,0,0.037,100,100,1.88,-10.99,0.00,0,55.415900 12.873300,4,2026-05-29 09:08:17,0,0,-1024,0,-430,0,44,-16,321,0,0,-1,-1,-1,-1,-1,1,0,-1,-1,-1,0,36,8,-1024,0,36,0,0,0,0,0,0,0,297,0,0,0,0,0,0,0,0,0,0,0,0,0,0,0,0,0,0,0,0,0,0,0,0,0,0,0,0,0,0,0,0,0,0,0,0,0,0,0,0,0,0,0,0,0,0,0,0,0,0,0,
2026-05-29,09:08:17.310,8.32,100,97,0,-0.193,5.99,25,0.985,90,0,0.038,100,100,1.89,-11.00,0.00,0,55.415900 12.873300,4,2026-05-29 09:08:17,0,0,-1024,0,-430,1,45,-16,322,0,0,-1,-1,-1,-1,-1,1,0,-1,-1,-1,0,36,8,-1024,0,36,0,0,0,0,0,0,0,297,0,0,0,0,0,0,0,0,0,0,0,0,0,0,0,0,0,0,0,0,0,0,0,0,0,0,0,0,0,0,0,0,0,0,0,0,0,0,0,0,0,0,0,0,0,0,0,0,0,0,0,
2026-05-29,09:08:17.420,8.32,100,97,0,-0.192,6.00,25,0.987,90,0,0.038,100,100,1.89,-11.02,0.00,0,55.415900 12.873300,4,2026-05-29 09:08:17,0,0,-1024,0,-430,0,44,-19,322,0,0,-1,-1,-1,-1,-1,1,0,-1,-1,-1,0,36,8,-1024,0,36,0,0,0,0,0,0,0,297,0,0,0,0,0,0,0,0,0,0,0,0,0,0,0,0,0,0,0,0,0,0,0,0,0,0,0,0,0,0,0,0,0,0,0,0,0,0,0,0,0,0,0,0,0,0,0,0,0,0,0,
2026-05-29,09:08:17.540,8.32,100,98,0,-0.190,6.00,25,0.980,89,0,0.037,100,100,1.89,-11.02,0.00,0,55.415900 12.873300,4,2026-05-29 09:08:17,0,0,-1024,0,-430,0,44,-18,322,0,0,-1,-1,-1,-1,-1,1,0,-1,-1,-1,0,36,8,-1024,0,36,0,0,0,0,0,0,0,297,0,0,0,0,0,0,0,0,0,0,0,0,0,0,0,0,0,0,0,0,0,0,0,0,0,0,0,0,0,0,0,0,0,0,0,0,0,0,0,0,0,0,0,0,0,0,0,0,0,0,0,
2026-05-29,09:08:17.660,8.31,100,98,0,-0.190,6.00,25,0.980,89,0,0.037,100,100,1.89,-11.03,0.00,0,55.415900 12.873300,4,2026-05-29 09:08:17,0,0,-1024,0,-429,0,44,-16,322,0,0,-1,-1,-1,-1,-1,1,0,-1,-1,-1,0,36,8,-1024,0,36,0,0,0,0,0,0,0,298,0,0,0,0,0,0,0,0,0,0,0,0,0,0,0,0,0,0,0,0,0,0,0,0,0,0,0,0,0,0,0,0,0,0,0,0,0,0,0,0,0,0,0,0,0,0,0,0,0,0,0,
2026-05-29,09:08:17.770,8.31,100,98,0,-0.191,6.00,25,0.980,89,0,0.037,100,100,1.90,-11.04,0.00,0,55.415900 12.873300,4,2026-05-29 09:08:17,0,0,-1024,0,-430,0,43,-11,322,0,0,-1,-1,-1,-1,-1,1,0,-1,-1,-1,0,36,8,-1024,0,36,0,0,0,0,0,0,0,297,0,0,0,0,0,0,0,0,0,0,0,0,0,0,0,0,0,0,0,0,0,0,0,0,0,0,0,0,0,0,0,0,0,0,0,0,0,0,0,0,0,0,0,0,0,0,0,0,0,0,0,
2026-05-29,09:08:17.890,8.31,100,98,0,-0.192,6.00,25,0.985,87,0,0.038,100,100,1.90,-11.05,0.00,0,55.415900 12.873300,4,2026-05-29 09:08:17,0,0,-1023,0,-430,2,44,-1,321,0,0,-1,-1,-1,-1,-1,1,0,-1,-1,-1,0,36,8,-1023,0,36,0,0,0,0,0,0,0,297,0,0,0,0,0,0,0,0,0,0,0,0,0,0,0,0,0,0,0,0,0,0,0,0,0,0,0,0,0,0,0,0,0,0,0,0,0,0,0,0,0,0,0,0,0,0,0,0,0,0,0,
2026-05-29,09:08:18.000,8.31,100,99,0,-0.192,6.00,25,0.985,88,0,0.038,100,100,1.90,-11.05,0.00,0,55.415900 12.873300,4,2026-05-29 09:08:18,0,0,-1024,0,-430,2,44,-15,322,0,0,-1,-1,-1,-1,-1,1,0,-1,-1,-1,0,36,8,-1023,0,36,0,0,0,0,0,0,0,297,0,0,0,0,0,0,0,0,0,0,0,0,0,0,0,0,0,0,0,0,0,0,0,0,0,0,0,0,0,0,0,0,0,0,0,0,0,0,0,0,0,0,0,0,0,0,0,0,0,0,0,
2026-05-29,09:08:18.120,8.31,100,99,0,-0.191,6.00,25,0.984,87,0,0.037,100,100,1.91,-11.06,0.00,0,55.415900 12.873300,4,2026-05-29 09:08:18,0,0,-1024,0,-429,0,44,-15,321,0,0,-1,-1,-1,-1,-1,1,0,-1,-1,-1,0,36,8,-1024,0,36,0,0,0,0,0,0,0,298,0,0,0,0,0,0,0,0,0,0,0,0,0,0,0,0,0,0,0,0,0,0,0,0,0,0,0,0,0,0,0,0,0,0,0,0,0,0,0,0,0,0,0,0,0,0,0,0,0,0,0,
2026-05-29,09:08:18.240,8.31,100,100,0,-0.193,6.00,25,0.984,87,0,0.038,100,100,1.91,-11.07,0.00,0,55.415900 12.873300,4,2026-05-29 09:08:18,0,0,-1024,0,-429,0,45,-19,322,0,0,-1,-1,-1,-1,-1,1,0,-1,-1,-1,0,36,8,-1024,0,36,0,0,0,0,0,0,0,298,0,0,0,0,0,0,0,0,0,0,0,0,0,0,0,0,0,0,0,0,0,0,0,0,0,0,0,0,0,0,0,0,0,0,0,0,0,0,0,0,0,0,0,0,0,0,0,0,0,0,0,
2026-05-29,09:08:18.380,8.31,100,100,0,-0.190,6.00,25,0.985,85,0,0.038,100,100,1.91,-11.07,0.00,0,55.415900 12.873300,4,2026-05-29 09:08:18,0,0,-1024,0,-430,0,43,-16,322,0,0,-1,-1,-1,-1,-1,1,0,-1,-1,-1,0,36,8,-1024,0,36,0,0,0,0,0,0,0,297,0,0,0,0,0,0,0,0,0,0,0,0,0,0,0,0,0,0,0,0,0,0,0,0,0,0,0,0,0,0,0,0,0,0,0,0,0,0,0,0,0,0,0,0,0,0,0,0,0,0,0,
2026-05-29,09:08:18.500,8.31,100,100,0,-0.190,6.00,25,0.985,84,0,0.038,100,100,1.92,-11.08,0.00,0,55.415900 12.873300,4,2026-05-29 09:08:18,0,0,-1024,0,-430,0,44,-19,322,0,0,-1,-1,-1,-1,-1,1,0,-1,-1,-1,0,36,8,-1024,0,36,0,0,0,0,0,0,0,297,0,0,0,0,0,0,0,0,0,0,0,0,0,0,0,0,0,0,0,0,0,0,0,0,0,0,0,0,0,0,0,0,0,0,0,0,0,0,0,0,0,0,0,0,0,0,0,0,0,0,0,
2026-05-29,09:08:18.620,8.31,100,100,0,-0.192,6.00,25,0.980,84,0,0.038,100,100,1.92,-11.09,0.00,0,55.415900 12.873300,4,2026-05-29 09:08:18,0,0,-1024,0,-430,0,44,-19,321,0,0,-1,-1,-1,-1,-1,1,0,-1,-1,-1,0,36,8,-1024,0,36,0,0,0,0,0,0,0,297,0,0,0,0,0,0,0,0,0,0,0,0,0,0,0,0,0,0,0,0,0,0,0,0,0,0,0,0,0,0,0,0,0,0,0,0,0,0,0,0,0,0,0,0,0,0,0,0,0,0,0,
2026-05-29,09:08:18.730,8.31,100,99,0,-0.192,6.00,25,0.987,83,0,0.037,100,100,1.91,-11.10,0.00,0,55.415900 12.873300,4,2026-05-29 09:08:18,0,0,-1024,0,-430,0,44,-15,321,0,0,-1,-1,-1,-1,-1,1,0,-1,-1,-1,0,36,8,-1024,0,36,0,0,0,0,0,0,0,297,0,0,0,0,0,0,0,0,0,0,0,0,0,0,0,0,0,0,0,0,0,0,0,0,0,0,0,0,0,0,0,0,0,0,0,0,0,0,0,0,0,0,0,0,0,0,0,0,0,0,0,
2026-05-29,09:08:18.850,8.31,100,99,0,-0.192,5.98,25,0.987,82,0,0.037,100,100,1.91,-11.10,0.00,0,55.415900 12.873300,4,2026-05-29 09:08:18,0,0,-1024,0,-430,0,45,-15,322,0,0,-1,-1,-1,-1,-1,1,0,-1,-1,-1,0,36,8,-1024,0,36,0,0,0,0,0,0,0,297,0,0,0,0,0,0,0,0,0,0,0,0,0,0,0,0,0,0,0,0,0,0,0,0,0,0,0,0,0,0,0,0,0,0,0,0,0,0,0,0,0,0,0,0,0,0,0,0,0,0,0,
2026-05-29,09:08:18.990,8.31,100,99,0,-0.193,5.98,25,0.989,82,0,0.038,100,100,1.92,-11.10,0.00,0,55.415900 12.873300,3,2026-05-29 09:08:19,0,0,-1024,0,-430,0,45,-4,322,0,0,-1,-1,-1,-1,-1,1,0,-1,-1,-1,0,36,8,-1024,0,36,0,0,0,0,0,0,0,298,0,0,0,0,0,0,0,0,0,0,0,0,0,0,0,0,0,0,0,0,0,0,0,0,0,0,0,0,0,0,0,0,0,0,0,0,0,0,0,0,0,0,0,0,0,0,0,0,0,0,0,
2026-05-29,09:08:19.110,8.31,100,99,0,-0.191,5.99,25,0.983,83,0,0.037,100,100,1.92,-11.10,0.00,0,55.415900 12.873300,3,2026-05-29 09:08:19,0,0,-1023,0,-430,0,44,-9,322,0,0,-1,-1,-1,-1,-1,1,0,-1,-1,-1,0,36,8,-1023,0,36,0,0,0,0,0,0,0,297,0,0,0,0,0,0,0,0,0,0,0,0,0,0,0,0,0,0,0,0,0,0,0,0,0,0,0,0,0,0,0,0,0,0,0,0,0,0,0,0,0,0,0,0,0,0,0,0,0,0,0,
2026-05-29,09:08:19.230,8.31,100,99,0,-0.190,5.99,25,0.979,82,0,0.037,100,100,1.92,-11.10,0.00,0,55.415900 12.873300,3,2026-05-29 09:08:19,0,0,-1024,0,-430,0,44,-19,322,0,0,-1,-1,-1,-1,-1,1,0,-1,-1,-1,0,36,8,-1024,0,36,0,0,0,0,0,0,0,297,0,0,0,0,0,0,0,0,0,0,0,0,0,0,0,0,0,0,0,0,0,0,0,0,0,0,0,0,0,0,0,0,0,0,0,0,0,0,0,0,0,0,0,0,0,0,0,0,0,0,0,
2026-05-29,09:08:19.350,8.31,100,98,0,-0.190,6.00,25,0.979,82,0,0.037,100,100,1.91,-11.11,0.00,0,55.415900 12.873300,3,2026-05-29 09:08:19,0,0,-1024,0,-429,1,43,-20,322,0,0,-1,-1,-1,-1,-1,1,0,-1,-1,-1,0,36,8,-1024,0,36,0,0,0,0,0,0,0,297,0,0,0,0,0,0,0,0,0,0,0,0,0,0,0,0,0,0,0,0,0,0,0,0,0,0,0,0,0,0,0,0,0,0,0,0,0,0,0,0,0,0,0,0,0,0,0,0,0,0,0,
2026-05-29,09:08:19.470,8.32,100,98,0,-0.191,6.00,25,0.977,82,0,0.037,100,100,1.91,-11.11,0.00,0,55.415900 12.873300,3,2026-05-29 09:08:19,0,0,-1024,0,-430,0,43,-9,322,0,0,-1,-1,-1,-1,-1,1,0,-1,-1,-1,0,36,8,-1024,0,36,0,0,0,0,0,0,0,297,0,0,0,0,0,0,0,0,0,0,0,0,0,0,0,0,0,0,0,0,0,0,0,0,0,0,0,0,0,0,0,0,0,0,0,0,0,0,0,0,0,0,0,0,0,0,0,0,0,0,0,
2026-05-29,09:08:19.580,8.32,100,98,0,-0.191,6.00,25,0.985,81,0,0.037,100,100,1.91,-11.12,0.00,0,55.415900 12.873300,3,2026-05-29 09:08:19,0,0,-1024,0,-430,0,43,-1,322,0,0,-1,-1,-1,-1,-1,1,0,-1,-1,-1,0,36,8,-1024,0,36,0,0,0,0,0,0,0,297,0,0,0,0,0,0,0,0,0,0,0,0,0,0,0,0,0,0,0,0,0,0,0,0,0,0,0,0,0,0,0,0,0,0,0,0,0,0,0,0,0,0,0,0,0,0,0,0,0,0,0,
2026-05-29,09:08:19.700,8.32,100,98,0,-0.191,6.00,25,0.985,81,0,0.037,100,100,1.91,-11.12,0.00,0,55.415900 12.873300,3,2026-05-29 09:08:19,0,0,-1023,0,-430,0,44,-19,322,0,0,-1,-1,-1,-1,-1,1,0,-1,-1,-1,0,36,8,-1024,0,36,0,0,0,0,0,0,0,297,0,0,0,0,0,0,0,0,0,0,0,0,0,0,0,0,0,0,0,0,0,0,0,0,0,0,0,0,0,0,0,0,0,0,0,0,0,0,0,0,0,0,0,0,0,0,0,0,0,0,0,
2026-05-29,09:08:19.810,8.31,100,97,0,-0.194,6.00,25,0.988,81,0,0.038,100,100,1.92,-11.12,0.00,0,55.415900 12.873300,3,2026-05-29 09:08:19,0,0,-1023,0,-429,0,43,0,321,0,0,-1,-1,-1,-1,-1,1,0,-1,-1,-1,0,36,8,-1023,0,36,0,0,0,0,0,0,0,298,0,0,0,0,0,0,0,0,0,0,0,0,0,0,0,0,0,0,0,0,0,0,0,0,0,0,0,0,0,0,0,0,0,0,0,0,0,0,0,0,0,0,0,0,0,0,0,0,0,0,0,
2026-05-29,09:08:19.960,8.32,100,95,0,-0.192,6.00,25,0.982,80,0,0.037,100,100,1.91,-11.13,0.00,0,55.415900 12.873200,3,2026-05-29 09:08:19,0,0,-1023,0,-430,0,44,-17,322,0,0,-1,-1,-1,-1,-1,1,0,-1,-1,-1,0,36,8,-1023,0,36,0,0,0,0,0,0,0,297,0,0,0,0,0,0,0,0,0,0,0,0,0,0,0,0,0,0,0,0,0,0,0,0,0,0,0,0,0,0,0,0,0,0,0,0,0,0,0,0,0,0,0,0,0,0,0,0,0,0,0,
2026-05-29,09:08:20.080,8.31,100,94,0,-0.191,6.00,25,0.981,79,0,0.037,100,100,1.92,-11.13,0.00,0,55.415900 12.873200,3,2026-05-29 09:08:20,0,0,-1023,0,-429,1,43,-1,321,0,0,-1,-1,-1,-1,-1,1,0,-1,-1,-1,0,36,8,-1024,0,36,0,0,0,0,0,0,0,297,0,0,0,0,0,0,0,0,0,0,0,0,0,0,0,0,0,0,0,0,0,0,0,0,0,0,0,0,0,0,0,0,0,0,0,0,0,0,0,0,0,0,0,0,0,0,0,0,0,0,0,
2026-05-29,09:08:20.190,8.32,100,93,0,-0.191,6.00,25,0.981,78,0,0.037,100,100,1.92,-11.13,0.00,0,55.415900 12.873200,3,2026-05-29 09:08:20,0,0,-1024,0,-429,0,44,-4,322,0,0,-1,-1,-1,-1,-1,1,0,-1,-1,-1,0,36,8,-1024,0,36,0,0,0,0,0,0,0,298,0,0,0,0,0,0,0,0,0,0,0,0,0,0,0,0,0,0,0,0,0,0,0,0,0,0,0,0,0,0,0,0,0,0,0,0,0,0,0,0,0,0,0,0,0,0,0,0,0,0,0,
2026-05-29,09:08:20.310,8.31,100,92,0,-0.192,6.00,25,0.980,79,0,0.037,100,100,1.92,-11.13,0.00,0,55.415900 12.873200,3,2026-05-29 09:08:20,0,0,-1024,0,-430,3,44,-6,322,0,0,-1,-1,-1,-1,-1,1,0,-1,-1,-1,0,36,8,-1024,0,36,0,0,0,0,0,0,0,297,0,0,0,0,0,0,0,0,0,0,0,0,0,0,0,0,0,0,0,0,0,0,0,0,0,0,0,0,0,0,0,0,0,0,0,0,0,0,0,0,0,0,0,0,0,0,0,0,0,0,0,
2026-05-29,09:08:20.420,8.32,100,92,0,-0.192,6.00,25,0.982,79,0,0.037,100,100,1.92,-11.14,0.00,0,55.415900 12.873200,3,2026-05-29 09:08:20,0,0,-1023,0,-429,0,44,-4,322,0,0,-1,-1,-1,-1,-1,1,0,-1,-1,-1,0,36,8,-1024,0,36,0,0,0,0,0,0,0,297,0,0,0,0,0,0,0,0,0,0,0,0,0,0,0,0,0,0,0,0,0,0,0,0,0,0,0,0,0,0,0,0,0,0,0,0,0,0,0,0,0,0,0,0,0,0,0,0,0,0,0,
2026-05-29,09:08:20.530,8.32,100,92,0,-0.192,6.00,25,0.982,80,0,0.037,100,100,1.92,-11.14,0.00,0,55.415900 12.873200,3,2026-05-29 09:08:20,0,0,-1023,0,-429,0,43,-16,321,0,0,-1,-1,-1,-1,-1,1,0,-1,-1,-1,0,36,8,-1023,0,36,0,0,0,0,0,0,0,298,0,0,0,0,0,0,0,0,0,0,0,0,0,0,0,0,0,0,0,0,0,0,0,0,0,0,0,0,0,0,0,0,0,0,0,0,0,0,0,0,0,0,0,0,0,0,0,0,0,0,0,
2026-05-29,09:08:20.650,8.32,100,91,0,-0.191,6.00,25,0.986,80,0,0.037,100,100,1.93,-11.14,0.00,0,55.415900 12.873200,3,2026-05-29 09:08:20,0,0,-1024,0,-429,1,44,-22,322,0,0,-1,-1,-1,-1,-1,1,0,-1,-1,-1,0,36,8,-1024,0,36,0,0,0,0,0,0,0,298,0,0,0,0,0,0,0,0,0,0,0,0,0,0,0,0,0,0,0,0,0,0,0,0,0,0,0,0,0,0,0,0,0,0,0,0,0,0,0,0,0,0,0,0,0,0,0,0,0,0,0,
2026-05-29,09:08:20.770,8.32,100,91,0,-0.192,6.00,25,0.985,79,0,0.038,100,100,1.94,-11.14,0.00,0,55.415900 12.873200,3,2026-05-29 09:08:20,0,0,-1024,0,-429,0,44,-14,322,0,0,-1,-1,-1,-1,-1,1,0,-1,-1,-1,0,36,8,-1024,0,36,0,0,0,0,0,0,0,298,0,0,0,0,0,0,0,0,0,0,0,0,0,0,0,0,0,0,0,0,0,0,0,0,0,0,0,0,0,0,0,0,0,0,0,0,0,0,0,0,0,0,0,0,0,0,0,0,0,0,0,
2026-05-29,09:08:20.880,8.31,100,90,0,-0.192,6.00,25,0.985,79,0,0.038,100,100,1.94,-11.14,0.00,0,55.415900 12.873200,3,2026-05-29 09:08:20,0,0,-1024,0,-430,0,43,-6,322,0,0,-1,-1,-1,-1,-1,1,0,-1,-1,-1,0,36,8,-1024,0,36,0,0,0,0,0,0,0,297,0,0,0,0,0,0,0,0,0,0,0,0,0,0,0,0,0,0,0,0,0,0,0,0,0,0,0,0,0,0,0,0,0,0,0,0,0,0,0,0,0,0,0,0,0,0,0,0,0,0,0,
2026-05-29,09:08:21.000,8.31,100,89,0,-0.191,6.00,25,0.989,78,0,0.039,100,100,1.93,-11.15,0.00,0,55.415900 12.873200,2,2026-05-29 09:08:21,0,0,-1024,0,-430,0,44,-14,322,0,0,-1,-1,-1,-1,-1,1,0,-1,-1,-1,0,36,8,-1024,0,36,0,0,0,0,0,0,0,298,0,0,0,0,0,0,0,0,0,0,0,0,0,0,0,0,0,0,0,0,0,0,0,0,0,0,0,0,0,0,0,0,0,0,0,0,0,0,0,0,0,0,0,0,0,0,0,0,0,0,0,
2026-05-29,09:08:21.120,8.31,100,88,0,-0.194,6.00,25,0.984,79,0,0.037,100,100,1.93,-11.15,0.00,0,55.415900 12.873200,2,2026-05-29 09:08:21,0,0,-1024,0,-429,1,44,-17,321,0,0,-1,-1,-1,-1,-1,1,0,-1,-1,-1,0,36,8,-1024,0,36,0,0,0,0,0,0,0,298,0,0,0,0,0,0,0,0,0,0,0,0,0,0,0,0,0,0,0,0,0,0,0,0,0,0,0,0,0,0,0,0,0,0,0,0,0,0,0,0,0,0,0,0,0,0,0,0,0,0,0,
2026-05-29,09:08:21.230,8.32,100,87,0,-0.194,6.00,25,0.984,79,0,0.037,100,100,1.93,-11.15,0.00,0,55.415900 12.873200,2,2026-05-29 09:08:21,0,0,-1024,0,-430,0,44,-18,322,0,0,-1,-1,-1,-1,-1,1,0,-1,-1,-1,0,36,8,-1024,0,36,0,0,0,0,0,0,0,297,0,0,0,0,0,0,0,0,0,0,0,0,0,0,0,0,0,0,0,0,0,0,0,0,0,0,0,0,0,0,0,0,0,0,0,0,0,0,0,0,0,0,0,0,0,0,0,0,0,0,0,
2026-05-29,09:08:21.360,8.32,100,86,0,-0.191,6.00,25,0.986,79,0,0.038,100,100,1.93,-11.15,0.00,0,55.415900 12.873200,2,2026-05-29 09:08:21,0,0,-1024,0,-430,0,43,-16,321,0,0,-1,-1,-1,-1,-1,1,0,-1,-1,-1,0,36,8,-1024,0,36,0,0,0,0,0,0,0,297,0,0,0,0,0,0,0,0,0,0,0,0,0,0,0,0,0,0,0,0,0,0,0,0,0,0,0,0,0,0,0,0,0,0,0,0,0,0,0,0,0,0,0,0,0,0,0,0,0,0,0,
2026-05-29,09:08:21.480,8.31,100,85,0,-0.193,6.00,25,0.985,79,0,0.036,100,100,1.93,-11.15,0.00,0,55.415900 12.873200,2,2026-05-29 09:08:21,0,0,-1024,0,-429,0,44,-17,322,0,0,-1,-1,-1,-1,-1,1,0,-1,-1,-1,0,36,8,-1024,0,36,0,0,0,0,0,0,0,298,0,0,0,0,0,0,0,0,0,0,0,0,0,0,0,0,0,0,0,0,0,0,0,0,0,0,0,0,0,0,0,0,0,0,0,0,0,0,0,0,0,0,0,0,0,0,0,0,0,0,0,
2026-05-29,09:08:21.600,8.31,100,85,0,-0.191,6.00,25,0.988,79,0,0.036,100,100,1.93,-11.15,0.00,0,55.415900 12.873200,2,2026-05-29 09:08:21,0,0,-1024,0,-430,0,44,-2,321,0,0,-1,-1,-1,-1,-1,1,0,-1,-1,-1,0,36,8,-1024,0,36,0,0,0,0,0,0,0,297,0,0,0,0,0,0,0,0,0,0,0,0,0,0,0,0,0,0,0,0,0,0,0,0,0,0,0,0,0,0,0,0,0,0,0,0,0,0,0,0,0,0,0,0,0,0,0,0,0,0,0,
2026-05-29,09:08:21.710,8.32,100,84,0,-0.191,6.00,25,0.988,79,0,0.036,100,100,1.93,-11.15,0.00,0,55.415900 12.873200,2,2026-05-29 09:08:21,0,0,-1024,0,-430,0,44,-16,322,0,0,-1,-1,-1,-1,-1,1,0,-1,-1,-1,0,36,8,-1024,0,36,0,0,0,0,0,0,0,297,0,0,0,0,0,0,0,0,0,0,0,0,0,0,0,0,0,0,0,0,0,0,0,0,0,0,0,0,0,0,0,0,0,0,0,0,0,0,0,0,0,0,0,0,0,0,0,0,0,0,0,
2026-05-29,09:08:21.830,8.31,100,85,0,-0.191,5.97,25,0.987,78,0,0.036,100,100,1.93,-11.15,0.00,0,55.415900 12.873200,2,2026-05-29 09:08:21,0,0,-1023,0,-430,0,44,-18,322,0,0,-1,-1,-1,-1,-1,1,0,-1,-1,-1,0,36,8,-1024,0,36,0,0,0,0,0,0,0,297,0,0,0,0,0,0,0,0,0,0,0,0,0,0,0,0,0,0,0,0,0,0,0,0,0,0,0,0,0,0,0,0,0,0,0,0,0,0,0,0,0,0,0,0,0,0,0,0,0,0,0,
2026-05-29,09:08:21.950,8.32,100,85,0,-0.193,5.98,25,0.984,78,0,0.037,100,100,1.93,-11.16,0.00,0,55.415900 12.873200,2,2026-05-29 09:08:21,0,0,-1024,0,-430,1,44,-17,322,0,0,-1,-1,-1,-1,-1,1,0,-1,-1,-1,0,36,8,-1024,0,36,0,0,0,0,0,0,0,297,0,0,0,0,0,0,0,0,0,0,0,0,0,0,0,0,0,0,0,0,0,0,0,0,0,0,0,0,0,0,0,0,0,0,0,0,0,0,0,0,0,0,0,0,0,0,0,0,0,0,0,
2026-05-29,09:08:22.060,8.32,100,86,0,-0.193,5.98,25,0.984,77,0,0.037,100,100,1.93,-11.16,0.00,0,55.415900 12.873200,2,2026-05-29 09:08:22,0,0,-1024,0,-430,0,44,-18,322,0,0,-1,-1,-1,-1,-1,1,0,-1,-1,-1,0,36,8,-1024,0,36,0,0,0,0,0,0,0,297,0,0,0,0,0,0,0,0,0,0,0,0,0,0,0,0,0,0,0,0,0,0,0,0,0,0,0,0,0,0,0,0,0,0,0,0,0,0,0,0,0,0,0,0,0,0,0,0,0,0,0,
2026-05-29,09:08:22.180,8.31,100,86,0,-0.191,5.99,25,0.984,78,0,0.038,100,100,1.94,-11.16,0.00,0,55.415900 12.873200,2,2026-05-29 09:08:22,0,0,-1024,0,-430,1,45,-4,322,0,0,-1,-1,-1,-1,-1,1,0,-1,-1,-1,0,36,8,-1024,0,36,0,0,0,0,0,0,0,297,0,0,0,0,0,0,0,0,0,0,0,0,0,0,0,0,0,0,0,0,0,0,0,0,0,0,0,0,0,0,0,0,0,0,0,0,0,0,0,0,0,0,0,0,0,0,0,0,0,0,0,
2026-05-29,09:08:22.290,8.31,100,86,0,-0.194,5.99,25,0.984,78,0,0.039,100,100,1.94,-11.16,0.00,0,55.415900 12.873200,2,2026-05-29 09:08:22,0,0,-1023,0,-430,0,44,-21,322,0,0,-1,-1,-1,-1,-1,1,0,-1,-1,-1,0,36,8,-1023,0,36,0,0,0,0,0,0,0,297,0,0,0,0,0,0,0,0,0,0,0,0,0,0,0,0,0,0,0,0,0,0,0,0,0,0,0,0,0,0,0,0,0,0,0,0,0,0,0,0,0,0,0,0,0,0,0,0,0,0,0,
2026-05-29,09:08:22.410,8.31,100,87,0,-0.194,6.00,25,0.984,81,0,0.039,100,100,1.94,-11.16,0.00,0,55.415900 12.873200,2,2026-05-29 09:08:22,0,0,-1024,0,-430,2,44,-20,322,0,0,-1,-1,-1,-1,-1,1,0,-1,-1,-1,0,36,8,-1024,0,36,0,0,0,0,0,0,0,297,0,0,0,0,0,0,0,0,0,0,0,0,0,0,0,0,0,0,0,0,0,0,0,0,0,0,0,0,0,0,0,0,0,0,0,0,0,0,0,0,0,0,0,0,0,0,0,0,0,0,0,
2026-05-29,09:08:22.520,8.31,100,89,0,-0.191,6.00,25,0.984,82,0,0.039,100,100,1.93,-11.16,0.00,0,55.415900 12.873200,2,2026-05-29 09:08:22,0,0,-1024,0,-430,1,44,-7,322,0,0,-1,-1,-1,-1,-1,1,0,-1,-1,-1,0,36,8,-1024,0,36,0,0,0,0,0,0,0,297,0,0,0,0,0,0,0,0,0,0,0,0,0,0,0,0,0,0,0,0,0,0,0,0,0,0,0,0,0,0,0,0,0,0,0,0,0,0,0,0,0,0,0,0,0,0,0,0,0,0,0,
2026-05-29,09:08:22.640,8.31,100,90,0,-0.192,6.00,25,0.982,83,0,0.038,100,100,1.93,-11.16,0.00,0,55.415900 12.873200,2,2026-05-29 09:08:22,0,0,-1024,0,-430,0,45,-10,322,0,0,-1,-1,-1,-1,-1,1,0,-1,-1,-1,0,36,8,-1024,0,36,0,0,0,0,0,0,0,297,0,0,0,0,0,0,0,0,0,0,0,0,0,0,0,0,0,0,0,0,0,0,0,0,0,0,0,0,0,0,0,0,0,0,0,0,0,0,0,0,0,0,0,0,0,0,0,0,0,0,0,
2026-05-29,09:08:22.760,8.31,100,92,0,-0.192,5.97,25,0.982,85,0,0.038,100,100,1.93,-11.16,0.00,0,55.415900 12.873200,2,2026-05-29 09:08:22,0,0,-1024,0,-430,0,44,-18,321,0,0,-1,-1,-1,-1,-1,1,0,-1,-1,-1,0,36,8,-1024,0,36,0,0,0,0,0,0,0,298,0,0,0,0,0,0,0,0,0,0,0,0,0,0,0,0,0,0,0,0,0,0,0,0,0,0,0,0,0,0,0,0,0,0,0,0,0,0,0,0,0,0,0,0,0,0,0,0,0,0,0,
2026-05-29,09:08:22.870,8.31,100,93,0,-0.192,5.98,25,0.981,86,0,0.038,100,100,1.93,-11.16,0.00,0,55.415900 12.873200,2,2026-05-29 09:08:22,0,0,-1024,0,-429,1,44,-18,322,0,0,-1,-1,-1,-1,-1,1,0,-1,-1,-1,0,36,8,-1024,0,36,0,0,0,0,0,0,0,298,0,0,0,0,0,0,0,0,0,0,0,0,0,0,0,0,0,0,0,0,0,0,0,0,0,0,0,0,0,0,0,0,0,0,0,0,0,0,0,0,0,0,0,0,0,0,0,0,0,0,0,
2026-05-29,09:08:22.980,8.31,100,94,0,-0.192,5.99,25,0.985,87,0,0.038,100,100,1.94,-11.16,0.00,1,55.415900 12.873200,2,2026-05-29 09:08:23,0,0,-1024,0,-429,0,43,-17,322,0,0,-1,-1,-1,-1,-1,1,0,-1,-1,-1,0,36,8,-1024,0,36,0,0,0,0,0,0,0,298,0,0,0,0,0,0,0,0,0,0,0,0,0,0,0,0,0,0,0,0,0,0,0,0,0,0,0,0,0,0,0,0,0,0,0,0,0,0,0,0,0,0,0,0,0,0,0,0,0,0,0,
2026-05-29,09:08:23.090,8.31,100,94,0,-0.192,5.97,25,0.985,89,0,0.038,100,100,1.94,-11.16,0.00,1,55.415900 12.873200,2,2026-05-29 09:08:23,0,0,-1024,0,-430,1,43,-21,322,0,0,-1,-1,-1,-1,-1,1,0,-1,-1,-1,0,36,8,-1024,0,36,0,0,0,0,0,0,0,297,0,0,0,0,0,0,0,0,0,0,0,0,0,0,0,0,0,0,0,0,0,0,0,0,0,0,0,0,0,0,0,0,0,0,0,0,0,0,0,0,0,0,0,0,0,0,0,0,0,0,0,
2026-05-29,09:08:23.210,8.31,100,94,0,-0.191,5.97,25,0.988,88,0,0.039,100,100,1.94,-11.16,0.00,1,55.415900 12.873200,2,2026-05-29 09:08:23,0,0,-1024,0,-429,0,44,-3,322,0,0,-1,-1,-1,-1,-1,1,0,-1,-1,-1,0,36,8,-1024,0,36,0,0,0,0,0,0,0,298,0,0,0,0,0,0,0,0,0,0,0,0,0,0,0,0,0,0,0,0,0,0,0,0,0,0,0,0,0,0,0,0,0,0,0,0,0,0,0,0,0,0,0,0,0,0,0,0,0,0,0,
2026-05-29,09:08:23.320,8.31,100,93,0,-0.195,5.98,25,0.987,88,0,0.037,100,100,1.94,-11.16,0.00,1,55.415900 12.873200,2,2026-05-29 09:08:23,0,0,-1024,0,-430,0,44,-13,322,0,0,-1,-1,-1,-1,-1,1,0,-1,-1,-1,0,36,8,-1024,0,36,0,0,0,0,0,0,0,297,0,0,0,0,0,0,0,0,0,0,0,0,0,0,0,0,0,0,0,0,0,0,0,0,0,0,0,0,0,0,0,0,0,0,0,0,0,0,0,0,0,0,0,0,0,0,0,0,0,0,0,
2026-05-29,09:08:23.440,8.31,100,93,0,-0.192,5.99,25,0.987,87,0,0.037,100,100,1.94,-11.16,0.00,1,55.415900 12.873200,2,2026-05-29 09:08:23,0,0,-1023,0,-430,0,45,-16,322,0,0,-1,-1,-1,-1,-1,1,0,-1,-1,-1,0,36,8,-1023,0,36,0,0,0,0,0,0,0,297,0,0,0,0,0,0,0,0,0,0,0,0,0,0,0,0,0,0,0,0,0,0,0,0,0,0,0,0,0,0,0,0,0,0,0,0,0,0,0,0,0,0,0,0,0,0,0,0,0,0,0,
2026-05-29,09:08:23.550,8.31,100,93,0,-0.192,5.99,25,0.985,87,0,0.037,100,100,1.95,-11.16,0.00,1,55.415900 12.873200,2,2026-05-29 09:08:23,0,0,-1024,0,-430,0,44,-2,322,0,0,-1,-1,-1,-1,-1,1,0,-1,-1,-1,0,36,8,-1024,0,36,0,0,0,0,0,0,0,297,0,0,0,0,0,0,0,0,0,0,0,0,0,0,0,0,0,0,0,0,0,0,0,0,0,0,0,0,0,0,0,0,0,0,0,0,0,0,0,0,0,0,0,0,0,0,0,0,0,0,0,
2026-05-29,09:08:23.670,8.31,100,93,0,-0.192,5.99,25,0.987,86,0,0.037,100,100,1.95,-11.16,0.00,1,55.415900 12.873200,2,2026-05-29 09:08:23,0,0,-1023,0,-429,0,44,-17,322,0,0,-1,-1,-1,-1,-1,1,0,-1,-1,-1,0,36,8,-1023,0,36,0,0,0,0,0,0,0,298,0,0,0,0,0,0,0,0,0,0,0,0,0,0,0,0,0,0,0,0,0,0,0,0,0,0,0,0,0,0,0,0,0,0,0,0,0,0,0,0,0,0,0,0,0,0,0,0,0,0,0,
2026-05-29,09:08:23.790,8.31,100,94,0,-0.191,6.00,25,0.988,86,0,0.038,100,100,1.95,-11.16,0.00,1,55.415900 12.873200,2,2026-05-29 09:08:23,0,0,-1024,0,-430,0,45,-17,322,0,0,-1,-1,-1,-1,-1,1,0,-1,-1,-1,0,36,8,-1024,0,36,0,0,0,0,0,0,0,297,0,0,0,0,0,0,0,0,0,0,0,0,0,0,0,0,0,0,0,0,0,0,0,0,0,0,0,0,0,0,0,0,0,0,0,0,0,0,0,0,0,0,0,0,0,0,0,0,0,0,0,
2026-05-29,09:08:23.910,8.31,100,94,0,-0.191,6.00,25,0.988,87,0,0.038,100,100,1.95,-11.16,0.00,1,55.415900 12.873200,2,2026-05-29 09:08:23,0,0,-1024,0,-430,0,44,-8,322,0,0,-1,-1,-1,-1,-1,1,0,-1,-1,-1,0,36,8,-1023,0,36,0,0,0,0,0,0,0,297,0,0,0,0,0,0,0,0,0,0,0,0,0,0,0,0,0,0,0,0,0,0,0,0,0,0,0,0,0,0,0,0,0,0,0,0,0,0,0,0,0,0,0,0,0,0,0,0,0,0,0,
2026-05-29,09:08:24.030,8.31,100,94,0,-0.193,6.00,25,0.989,88,0,0.039,100,100,1.95,-11.16,0.00,1,55.415900 12.873200,1,2026-05-29 09:08:24,0,0,-1023,0,-430,0,44,-19,322,0,0,-1,-1,-1,-1,-1,1,0,-1,-1,-1,0,36,8,-1023,0,36,0,0,0,0,0,0,0,297,0,0,0,0,0,0,0,0,0,0,0,0,0,0,0,0,0,0,0,0,0,0,0,0,0,0,0,0,0,0,0,0,0,0,0,0,0,0,0,0,0,0,0,0,0,0,0,0,0,0,0,
2026-05-29,09:08:24.150,8.31,100,94,0,-0.194,6.00,25,0.988,88,0,0.037,100,100,1.94,-11.16,0.00,1,55.415900 12.873200,1,2026-05-29 09:08:24,0,0,-1024,0,-429,1,45,-7,322,0,0,-1,-1,-1,-1,-1,1,0,-1,-1,-1,0,36,8,-1024,0,36,0,0,0,0,0,0,0,298,0,0,0,0,0,0,0,0,0,0,0,0,0,0,0,0,0,0,0,0,0,0,0,0,0,0,0,0,0,0,0,0,0,0,0,0,0,0,0,0,0,0,0,0,0,0,0,0,0,0,0,
2026-05-29,09:08:24.260,8.31,100,93,0,-0.194,6.00,25,0.988,88,0,0.037,100,100,1.94,-11.16,0.00,1,55.415900 12.873200,1,2026-05-29 09:08:24,0,0,-1024,0,-429,0,44,-1,321,0,0,-1,-1,-1,-1,-1,1,0,-1,-1,-1,0,36,8,-1024,0,36,0,0,0,0,0,0,0,298,0,0,0,0,0,0,0,0,0,0,0,0,0,0,0,0,0,0,0,0,0,0,0,0,0,0,0,0,0,0,0,0,0,0,0,0,0,0,0,0,0,0,0,0,0,0,0,0,0,0,0,
2026-05-29,09:08:24.400,8.31,100,93,0,-0.193,5.97,25,0.986,90,0,0.037,100,100,1.95,-11.16,0.00,1,55.415900 12.873200,1,2026-05-29 09:08:24,0,0,-1024,0,-430,0,44,-15,321,0,0,-1,-1,-1,-1,-1,1,0,-1,-1,-1,0,36,8,-1024,0,36,0,0,0,0,0,0,0,297,0,0,0,0,0,0,0,0,0,0,0,0,0,0,0,0,0,0,0,0,0,0,0,0,0,0,0,0,0,0,0,0,0,0,0,0,0,0,0,0,0,0,0,0,0,0,0,0,0,0,0,
2026-05-29,09:08:24.510,8.31,100,92,0,-0.194,5.98,25,0.989,90,0,0.038,100,100,1.94,-11.16,0.00,1,55.415900 12.873200,1,2026-05-29 09:08:24,0,0,-1024,0,-430,0,43,-13,322,0,0,-1,-1,-1,-1,-1,1,0,-1,-1,-1,0,36,8,-1024,0,36,0,0,0,0,0,0,0,297,0,0,0,0,0,0,0,0,0,0,0,0,0,0,0,0,0,0,0,0,0,0,0,0,0,0,0,0,0,0,0,0,0,0,0,0,0,0,0,0,0,0,0,0,0,0,0,0,0,0,0,
2026-05-29,09:08:24.620,8.31,100,92,0,-0.194,5.98,25,0.989,90,0,0.038,100,100,1.94,-11.16,0.00,1,55.415900 12.873200,1,2026-05-29 09:08:24,0,0,-1024,0,-430,0,44,-10,322,0,0,-1,-1,-1,-1,-1,1,0,-1,-1,-1,0,36,8,-1024,0,36,0,0,0,0,0,0,0,297,0,0,0,0,0,0,0,0,0,0,0,0,0,0,0,0,0,0,0,0,0,0,0,0,0,0,0,0,0,0,0,0,0,0,0,0,0,0,0,0,0,0,0,0,0,0,0,0,0,0,0,
2026-05-29,09:08:24.740,8.31,100,92,0,-0.193,5.99,25,0.984,90,0,0.036,100,100,1.94,-11.17,0.00,1,55.415900 12.873200,1,2026-05-29 09:08:24,0,0,-1024,0,-430,3,44,-11,322,0,0,-1,-1,-1,-1,-1,1,0,-1,-1,-1,0,36,8,-1024,0,36,0,0,0,0,0,0,0,297,0,0,0,0,0,0,0,0,0,0,0,0,0,0,0,0,0,0,0,0,0,0,0,0,0,0,0,0,0,0,0,0,0,0,0,0,0,0,0,0,0,0,0,0,0,0,0,0,0,0,0,
2026-05-29,09:08:24.860,8.31,100,91,0,-0.190,5.99,25,0.980,90,0,0.036,100,100,1.95,-11.17,0.00,1,55.415900 12.873200,1,2026-05-29 09:08:24,0,0,-1024,0,-429,1,44,-2,322,0,0,-1,-1,-1,-1,-1,1,0,-1,-1,-1,0,36,8,-1024,0,36,0,0,0,0,0,0,0,298,0,0,0,0,0,0,0,0,0,0,0,0,0,0,0,0,0,0,0,0,0,0,0,0,0,0,0,0,0,0,0,0,0,0,0,0,0,0,0,0,0,0,0,0,0,0,0,0,0,0,0,
2026-05-29,09:08:24.980,8.31,100,91,0,-0.190,5.97,25,0.987,90,0,0.035,100,100,1.95,-11.17,0.00,0,55.415900 12.873200,1,2026-05-29 09:08:24,0,0,-1024,0,-429,0,44,-16,322,0,0,-1,-1,-1,-1,-1,1,0,-1,-1,-1,0,36,8,-1024,0,36,0,0,0,0,0,0,0,297,0,0,0,0,0,0,0,0,0,0,0,0,0,0,0,0,0,0,0,0,0,0,0,0,0,0,0,0,0,0,0,0,0,0,0,0,0,0,0,0,0,0,0,0,0,0,0,0,0,0,0,
2026-05-29,09:08:25.100,8.31,100,90,0,-0.190,5.98,25,0.987,90,0,0.035,100,100,1.95,-11.17,0.00,0,55.415900 12.873200,1,2026-05-29 09:08:25,0,0,-1024,0,-430,0,43,0,321,0,0,-1,-1,-1,-1,-1,1,0,-1,-1,-1,0,36,8,-1024,0,36,0,0,0,0,0,0,0,297,0,0,0,0,0,0,0,0,0,0,0,0,0,0,0,0,0,0,0,0,0,0,0,0,0,0,0,0,0,0,0,0,0,0,0,0,0,0,0,0,0,0,0,0,0,0,0,0,0,0,0,
2026-05-29,09:08:25.220,8.31,100,89,0,-0.192,5.98,25,0.984,90,0,0.038,100,100,1.95,-11.17,0.00,0,55.415900 12.873200,1,2026-05-29 09:08:25,0,0,-1024,0,-429,0,43,-4,322,0,0,-1,-1,-1,-1,-1,1,0,-1,-1,-1,0,36,8,-1024,0,36,0,0,0,0,0,0,0,298,0,0,0,0,0,0,0,0,0,0,0,0,0,0,0,0,0,0,0,0,0,0,0,0,0,0,0,0,0,0,0,0,0,0,0,0,0,0,0,0,0,0,0,0,0,0,0,0,0,0,0,
2026-05-29,09:08:25.330,8.31,100,89,0,-0.191,5.99,25,0.975,91,0,0.037,100,100,1.95,-11.17,0.00,0,55.415900 12.873200,1,2026-05-29 09:08:25,0,0,-1024,0,-429,1,44,-1,321,0,0,-1,-1,-1,-1,-1,1,0,-1,-1,-1,0,36,8,-1024,0,36,0,0,0,0,0,0,0,298,0,0,0,0,0,0,0,0,0,0,0,0,0,0,0,0,0,0,0,0,0,0,0,0,0,0,0,0,0,0,0,0,0,0,0,0,0,0,0,0,0,0,0,0,0,0,0,0,0,0,0,
2026-05-29,09:08:25.460,8.31,100,85,0,-0.191,5.99,25,0.975,91,0,0.037,100,100,1.95,-11.17,0.00,0,55.415900 12.873200,1,2026-05-29 09:08:25,0,-940,-1024,8,-430,1,44,-1,322,0,0,-1,-1,-1,-1,-1,1,0,-1,-1,-1,0,33,452,-1024,0,33,0,0,0,0,0,0,0,297,0,0,0,0,0,0,0,0,0,0,0,0,0,0,0,0,0,0,0,0,0,0,0,0,0,0,0,0,0,0,0,0,0,0,0,0,0,0,0,0,0,0,0,0,0,0,0,0,0,0,0,
2026-05-29,09:08:25.580,8.31,100,84,0,-0.193,5.97,25,0.975,92,0,0.036,100,100,1.95,-11.17,0.00,0,55.415900 12.873200,1,2026-05-29 09:08:25,0,-1022,-1024,21,-429,0,44,-19,322,0,0,-1,-1,-1,-1,-1,1,0,-1,-1,-1,0,28,515,-1024,0,28,0,0,0,0,0,0,0,298,0,0,0,0,0,0,0,0,0,0,0,0,0,0,0,0,0,0,0,0,0,0,0,0,0,0,0,0,0,0,0,0,0,0,0,0,0,0,0,0,0,0,0,0,0,0,0,0,0,0,0,
2026-05-29,09:08:25.700,8.31,100,85,0,-0.196,5.95,25,0.981,92,0,0.038,100,100,1.95,-11.17,0.00,0,55.415900 12.873200,1,2026-05-29 09:08:25,0,-1022,-1024,15,-430,0,44,-1,322,0,0,-1,-1,-1,-1,-1,1,0,-1,-1,-1,0,30,515,-1024,0,30,0,0,0,0,0,0,0,297,0,0,0,0,0,0,0,0,0,0,0,0,0,0,0,0,0,0,0,0,0,0,0,0,0,0,0,0,0,0,0,0,0,0,0,0,0,0,0,0,0,0,0,0,0,0,0,0,0,0,0,
2026-05-29,09:08:25.810,8.31,100,87,0,-0.191,5.94,25,0.981,93,0,0.038,100,100,1.95,-11.17,0.00,0,55.415900 12.873200,1,2026-05-29 09:08:25,0,-1023,-1024,0,-430,0,44,-16,321,0,0,-1,-1,-1,-1,-1,1,0,-1,-1,-1,0,36,515,-1024,0,36,0,0,0,0,0,0,0,297,0,0,0,0,0,0,0,0,0,0,0,0,0,0,0,0,0,0,0,0,0,0,0,0,0,0,0,0,0,0,0,0,0,0,0,0,0,0,0,0,0,0,0,0,0,0,0,0,0,0,0,
2026-05-29,09:08:25.960,8.31,100,89,0,-0.191,5.97,25,0.990,94,0,0.033,100,100,1.96,-11.17,0.00,0,55.415900 12.873200,2,2026-05-29 09:08:26,0,-1022,-1024,0,-430,0,44,-19,322,0,0,-1,-1,-1,-1,-1,1,0,-1,-1,-1,0,36,515,-1024,0,36,0,0,0,0,0,0,0,297,0,0,0,0,0,0,0,0,0,0,0,0,0,0,0,0,0,0,0,0,0,0,0,0,0,0,0,0,0,0,0,0,0,0,0,0,0,0,0,0,0,0,0,0,0,0,0,0,0,0,0,
2026-05-29,09:08:26.070,8.31,100,90,0,-0.189,5.97,25,0.974,95,0,0.037,100,100,1.96,-11.17,0.00,0,55.415900 12.873200,2,2026-05-29 09:08:26,0,-990,-1024,0,-430,0,44,-20,322,0,0,-1,-1,-1,-1,-1,1,0,-1,-1,-1,0,36,489,-1024,0,36,0,0,0,0,0,0,0,297,0,0,0,0,0,0,0,0,0,0,0,0,0,0,0,0,0,0,0,0,0,0,0,0,0,0,0,0,0,0,0,0,0,0,0,0,0,0,0,0,0,0,0,0,0,0,0,0,0,0,0,
2026-05-29,09:08:26.190,8.31,100,89,0,-0.195,5.98,25,0.983,95,0,0.038,100,100,1.95,-11.17,0.00,0,55.415900 12.873200,2,2026-05-29 09:08:26,0,-966,-1024,0,-429,1,44,-18,322,0,0,-1,-1,-1,-1,-1,1,0,-1,-1,-1,0,36,471,-1024,0,36,0,0,0,0,0,0,0,298,0,0,0,0,0,0,0,0,0,0,0,0,0,0,0,0,0,0,0,0,0,0,0,0,0,0,0,0,0,0,0,0,0,0,0,0,0,0,0,0,0,0,0,0,0,0,0,0,0,0,0,
2026-05-29,09:08:26.310,8.31,100,88,0,-0.193,5.99,25,0.983,95,0,0.038,100,100,1.95,-11.17,0.00,0,55.415900 12.873200,2,2026-05-29 09:08:26,0,-568,-1023,0,-430,0,44,-18,322,0,0,-1,-1,-1,-1,-1,1,0,-1,-1,-1,0,36,231,-1023,0,36,0,0,0,0,0,0,0,297,0,0,0,0,0,0,0,0,0,0,0,0,0,0,0,0,0,0,0,0,0,0,0,0,0,0,0,0,0,0,0,0,0,0,0,0,0,0,0,0,0,0,0,0,0,0,0,0,0,0,0,
2026-05-29,09:08:26.450,8.31,100,86,0,-0.193,5.97,25,0.995,95,0,0.036,100,100,1.94,-11.18,0.00,0,55.415900 12.873200,2,2026-05-29 09:08:26,0,-72,-1024,0,-429,0,44,-11,322,0,0,-1,-1,-1,-1,-1,1,0,-1,-1,-1,0,36,33,-1024,0,36,0,0,0,0,0,0,0,298,0,0,0,0,0,0,0,0,0,0,0,0,0,0,0,0,0,0,0,0,0,0,0,0,0,0,0,0,0,0,0,0,0,0,0,0,0,0,0,0,0,0,0,0,0,0,0,0,0,0,0,
2026-05-29,09:08:26.570,8.31,100,85,0,-0.203,5.97,25,0.999,95,0,0.042,100,100,1.96,-11.18,0.00,0,55.415900 12.873200,2,2026-05-29 09:08:26,0,0,-1023,0,-429,2,44,-19,322,0,0,-1,-1,-1,-1,-1,1,0,-1,-1,-1,0,36,8,-1023,0,36,0,0,0,0,0,0,0,298,0,0,0,0,0,0,0,0,0,0,0,0,0,0,0,0,0,0,0,0,0,0,0,0,0,0,0,0,0,0,0,0,0,0,0,0,0,0,0,0,0,0,0,0,0,0,0,0,0,0,0,
2026-05-29,09:08:26.690,8.31,100,84,0,-0.193,5.98,25,0.982,95,0,0.041,100,100,1.96,-11.19,0.00,0,55.415900 12.873200,2,2026-05-29 09:08:26,0,0,-1024,0,-429,0,43,0,322,0,0,-1,-1,-1,-1,-1,1,0,-1,-1,-1,0,36,8,-1024,0,36,0,0,0,0,0,0,0,298,0,0,0,0,0,0,0,0,0,0,0,0,0,0,0,0,0,0,0,0,0,0,0,0,0,0,0,0,0,0,0,0,0,0,0,0,0,0,0,0,0,0,0,0,0,0,0,0,0,0,0,
2026-05-29,09:08:26.800,8.31,100,82,0,-0.193,5.99,25,0.982,94,0,0.041,100,100,1.96,-11.19,0.00,0,55.415900 12.873200,2,2026-05-29 09:08:26,0,-122,-1024,0,-430,1,44,-7,322,0,0,-1,-1,-1,-1,-1,1,0,-1,-1,-1,0,36,51,-1024,0,36,0,0,0,0,0,0,0,297,0,0,0,0,0,0,0,0,0,0,0,0,0,0,0,0,0,0,0,0,0,0,0,0,0,0,0,0,0,0,0,0,0,0,0,0,0,0,0,0,0,0,0,0,0,0,0,0,0,0,0,
2026-05-29,09:08:26.940,8.31,100,82,0,-0.191,5.97,25,0.970,93,0,0.037,100,100,1.96,-11.19,0.00,0,55.415900 12.873200,2,2026-05-29 09:08:26,0,-750,-1024,0,-429,0,44,-2,322,0,0,-1,-1,-1,-1,-1,1,0,-1,-1,-1,0,36,328,-1024,0,36,0,0,0,0,0,0,0,298,0,0,0,0,0,0,0,0,0,0,0,0,0,0,0,0,0,0,0,0,0,0,0,0,0,0,0,0,0,0,0,0,0,0,0,0,0,0,0,0,0,0,0,0,0,0,0,0,0,0,0,
2026-05-29,09:08:27.060,8.31,100,84,0,-0.194,5.95,25,0.993,94,0,0.041,100,100,1.95,-11.19,0.00,0,55.415900 12.873200,2,2026-05-29 09:08:27,0,-1023,-1024,0,-429,0,43,-20,321,0,0,-1,-1,-1,-1,-1,1,0,-1,-1,-1,0,36,516,-1024,0,36,0,0,0,0,0,0,0,298,0,0,0,0,0,0,0,0,0,0,0,0,0,0,0,0,0,0,0,0,0,0,0,0,0,0,0,0,0,0,0,0,0,0,0,0,0,0,0,0,0,0,0,0,0,0,0,0,0,0,0,
2026-05-29,09:08:27.170,8.31,100,86,0,-0.189,5.96,25,0.985,94,0,0.038,100,100,1.95,-11.19,0.00,0,55.415900 12.873200,2,2026-05-29 09:08:27,0,-1022,-1023,29,-429,0,44,-9,321,0,0,-1,-1,-1,-1,-1,1,0,-1,-1,-1,0,25,515,-1023,0,25,0,0,0,0,0,0,0,298,0,0,0,0,0,0,0,0,0,0,0,0,0,0,0,0,0,0,0,0,0,0,0,0,0,0,0,0,0,0,0,0,0,0,0,0,0,0,0,0,0,0,0,0,0,0,0,0,0,0,0,
2026-05-29,09:08:27.290,8.31,100,87,0,-0.189,5.97,25,0.985,93,0,0.038,100,100,1.96,-11.19,0.00,0,55.415900 12.873200,2,2026-05-29 09:08:27,-32,-985,-793,0,-430,0,43,-1,321,0,0,-1,-1,-1,-1,-1,1,0,-1,-1,-1,1,36,486,-793,-12,36,0,0,0,0,0,0,0,297,0,0,0,0,0,0,0,0,0,0,0,0,0,0,0,0,0,0,0,0,0,0,0,0,0,0,0,0,0,0,0,0,0,0,0,0,0,0,0,0,0,0,0,0,0,0,0,0,0,0,0,
2026-05-29,09:08:27.410,8.31,100,90,0,-0.191,5.96,25,0.992,93,0,0.037,100,100,1.95,-11.19,0.00,0,55.415900 12.873200,2,2026-05-29 09:08:27,0,-1022,-782,0,-430,1,44,0,321,0,0,-1,-1,-1,-1,-1,1,0,-1,-1,-1,1,36,515,-782,0,36,0,0,0,0,0,0,0,297,0,0,0,0,0,0,0,0,0,0,0,0,0,0,0,0,0,0,0,0,0,0,0,0,0,0,0,0,0,0,0,0,0,0,0,0,0,0,0,0,0,0,0,0,0,0,0,0,0,0,0,
2026-05-29,09:08:27.530,8.31,100,92,0,-0.192,5.94,25,0.984,90,0,0.039,100,100,1.95,-11.19,0.00,0,55.415900 12.873200,2,2026-05-29 09:08:27,0,-1023,-662,0,-429,1,44,-13,321,0,0,-1,-1,-1,-1,-1,1,0,-1,-1,-1,1,36,515,-661,0,36,0,0,0,0,0,0,0,298,0,0,0,0,0,0,0,0,0,0,0,0,0,0,0,0,0,0,0,0,0,0,0,0,0,0,0,0,0,0,0,0,0,0,0,0,0,0,0,0,0,0,0,0,0,0,0,0,0,0,0,
2026-05-29,09:08:27.650,8.31,100,93,0,-0.192,5.96,25,0.984,89,0,0.039,100,100,1.95,-11.19,0.00,0,55.415900 12.873200,2,2026-05-29 09:08:27,0,-1023,-574,0,-430,0,44,0,322,0,0,-1,-1,-1,-1,-1,1,0,-1,-1,-1,1,36,516,-574,0,36,0,0,0,0,0,0,0,298,0,0,0,0,0,0,0,0,0,0,0,0,0,0,0,0,0,0,0,0,0,0,0,0,0,0,0,0,0,0,0,0,0,0,0,0,0,0,0,0,0,0,0,0,0,0,0,0,0,0,0,
2026-05-29,09:08:27.770,8.31,100,94,0,-0.188,5.94,25,0.976,88,0,0.036,100,100,1.94,-11.19,0.00,0,55.415900 12.873200,2,2026-05-29 09:08:27,0,-1022,-300,0,-429,0,44,-15,321,0,0,-1,-1,-1,-1,-1,1,0,-1,-1,-1,1,36,515,-300,0,36,0,0,0,0,0,0,0,298,0,0,0,0,0,0,0,0,0,0,0,0,0,0,0,0,0,0,0,0,0,0,0,0,0,0,0,0,0,0,0,0,0,0,0,0,0,0,0,0,0,0,0,0,0,0,0,0,0,0,0,
2026-05-29,09:08:27.910,8.31,100,96,0,-0.191,5.97,25,0.986,83,0,0.037,100,100,1.94,-11.19,0.00,0,55.415900 12.873200,2,2026-05-29 09:08:27,0,-1022,-209,0,-430,0,44,-19,322,0,0,-1,-1,-1,-1,-1,1,0,-1,-1,-1,1,36,515,-209,0,36,0,0,0,0,0,0,0,297,0,0,0,0,0,0,0,0,0,0,0,0,0,0,0,0,0,0,0,0,0,0,0,0,0,0,0,0,0,0,0,0,0,0,0,0,0,0,0,0,0,0,0,0,0,0,0,0,0,0,0,
2026-05-29,09:08:28.020,8.31,100,97,0,-0.201,5.98,25,0.966,83,0,0.029,100,100,1.77,-11.18,0.00,0,55.415900 12.873200,2,2026-05-29 09:08:28,0,-1008,-208,0,-429,0,44,-1,321,0,0,-1,-1,-1,-1,-1,1,0,-1,-1,-1,1,36,504,-208,0,36,0,0,0,0,0,0,0,298,0,0,0,0,0,0,0,0,0,0,0,0,0,0,0,0,0,0,0,0,0,0,0,0,0,0,0,0,0,0,0,0,0,0,0,0,0,0,0,0,0,0,0,0,0,0,0,0,0,0,0,
2026-05-29,09:08:28.130,8.31,100,98,0,-0.201,5.98,25,0.966,84,0,0.029,100,100,1.77,-11.18,0.00,0,55.415900 12.873200,2,2026-05-29 09:08:28,0,-1015,-208,0,-430,2,44,-18,321,0,0,-1,-1,-1,-1,-1,1,0,-1,-1,-1,1,36,509,-208,0,36,0,0,0,0,0,0,0,297,0,0,0,0,0,0,0,0,0,0,0,0,0,0,0,0,0,0,0,0,0,0,0,0,0,0,0,0,0,0,0,0,0,0,0,0,0,0,0,0,0,0,0,0,0,0,0,0,0,0,0,
2026-05-29,09:08:28.250,8.31,100,98,0,-0.210,5.99,25,0.976,83,0,0.018,100,100,1.91,-11.18,0.00,0,55.415900 12.873200,2,2026-05-29 09:08:28,0,-1022,-125,0,-429,1,44,0,321,0,0,-1,-1,-1,-1,-1,1,0,-1,-1,-1,1,36,515,-125,0,36,0,0,0,0,0,0,0,297,0,0,0,0,0,0,0,0,0,0,0,0,0,0,0,0,0,0,0,0,0,0,0,0,0,0,0,0,0,0,0,0,0,0,0,0,0,0,0,0,0,0,0,0,0,0,0,0,0,0,0,
2026-05-29,09:08:28.360,8.31,100,99,0,-0.362,5.96,25,0.998,83,0,0.076,100,100,1.91,-11.18,0.00,0,55.415900 12.873200,2,2026-05-29 09:08:28,0,-1023,-44,0,-430,1,44,-18,322,0,0,-1,-1,-1,-1,-1,1,0,-1,-1,-1,1,36,516,-44,0,36,0,0,0,0,0,0,0,297,0,0,0,0,0,0,0,0,0,0,0,0,0,0,0,0,0,0,0,0,0,0,0,0,0,0,0,0,0,0,0,0,0,0,0,0,0,0,0,0,0,0,0,0,0,0,0,0,0,0,0,
2026-05-29,09:08:28.480,8.31,100,99,0,-0.362,5.97,25,0.998,84,0,0.076,100,100,1.74,-11.23,0.00,1,55.415900 12.873200,2,2026-05-29 09:08:28,0,-1022,-39,0,-430,0,44,-17,322,0,0,-1,-1,-1,-1,-1,1,0,-1,-1,-1,1,36,515,-39,0,36,0,0,0,0,0,0,0,297,0,0,0,0,0,0,0,0,0,0,0,0,0,0,0,0,0,0,0,0,0,0,0,0,0,0,0,0,0,0,0,0,0,0,0,0,0,0,0,0,0,0,0,0,0,0,0,0,0,0,0,
2026-05-29,09:08:28.610,8.31,100,100,0,-0.504,5.94,25,0.877,82,0,-0.007,100,100,0.63,-12.14,0.00,1,55.415900 12.873200,2,2026-05-29 09:08:28,-106,-1010,-37,0,-429,0,44,-13,322,0,0,-1,-1,-1,-1,-1,1,0,-1,-1,-1,1,36,504,-36,-38,36,0,0,0,0,0,0,0,298,0,0,0,0,0,0,0,0,0,0,0,0,0,0,0,0,0,0,0,0,0,0,0,0,0,0,0,0,0,0,0,0,0,0,0,0,0,0,0,0,0,0,0,0,0,0,0,0,0,0,0,
2026-05-29,09:08:28.720,8.31,100,100,0,-0.455,5.93,25,0.750,83,0,0.001,100,100,2.23,-12.75,0.00,1,55.415900 12.873200,2,2026-05-29 09:08:28,-54,-1016,-36,0,-430,0,44,-14,322,0,0,-1,-1,-1,-1,-1,1,0,-1,-1,-1,1,36,510,-36,-19,36,0,0,0,0,0,0,0,297,0,0,0,0,0,0,0,0,0,0,0,0,0,0,0,0,0,0,0,0,0,0,0,0,0,0,0,0,0,0,0,0,0,0,0,0,0,0,0,0,0,0,0,0,0,0,0,0,0,0,0,
2026-05-29,09:08:28.840,8.31,100,100,0,-0.455,5.92,25,0.750,84,0,0.001,100,100,2.23,-12.75,0.00,1,55.415900 12.873200,2,2026-05-29 09:08:28,0,-1018,-36,0,-429,0,44,-16,322,0,0,-1,-1,-1,-1,-1,1,0,-1,-1,-1,1,36,511,-36,0,36,0,0,0,0,0,0,0,298,0,0,0,0,0,0,0,0,0,0,0,0,0,0,0,0,0,0,0,0,0,0,0,0,0,0,0,0,0,0,0,0,0,0,0,0,0,0,0,0,0,0,0,0,0,0,0,0,0,0,0,
2026-05-29,09:08:28.960,8.31,100,100,0,-0.502,5.92,25,0.426,84,0,-0.066,100,100,0.84,-13.31,0.00,4,55.415900 12.873200,2,2026-05-29 09:08:28,0,-1001,-37,0,-430,1,45,-9,322,0,0,-1,-1,-1,-1,-1,1,0,-1,-1,-1,1,36,498,-37,0,36,0,0,0,0,0,0,0,297,0,0,0,0,0,0,0,0,0,0,0,0,0,0,0,0,0,0,0,0,0,0,0,0,0,0,0,0,0,0,0,0,0,0,0,0,0,0,0,0,0,0,0,0,0,0,0,0,0,0,0,
2026-05-29,09:08:29.070,8.31,100,100,0,-0.495,5.91,25,1.213,84,0,0.283,100,100,1.71,-12.67,0.00,4,55.415900 12.873200,2,2026-05-29 09:08:29,0,-990,-154,0,-429,4,42,-20,322,0,0,-1,-1,-1,-1,-1,1,0,-1,-1,-1,1,36,489,-154,0,36,0,0,0,0,0,0,0,298,0,0,0,0,0,0,0,0,0,0,0,0,0,0,0,0,0,0,0,0,0,0,0,0,0,0,0,0,0,0,0,0,0,0,0,0,0,0,0,0,0,0,0,0,0,0,0,0,0,0,0,
2026-05-29,09:08:29.190,8.31,100,99,0,-0.361,5.91,25,1.213,85,0,0.283,100,100,1.71,-12.67,0.00,4,55.415900 12.873200,2,2026-05-29 09:08:29,61,-996,-157,0,-430,0,44,-21,322,0,0,-1,-1,-1,-1,-1,1,0,-1,-1,-1,1,36,494,-157,19,36,0,0,0,0,0,0,0,297,0,0,0,0,0,0,0,0,0,0,0,0,0,0,0,0,0,0,0,0,0,0,0,0,0,0,0,0,0,0,0,0,0,0,0,0,0,0,0,0,0,0,0,0,0,0,0,0,0,0,0,
2026-05-29,09:08:29.310,8.32,100,100,0,-0.361,5.91,25,0.656,85,0,-0.115,100,100,-0.68,-11.20,0.00,4,55.415900 12.873200,2,2026-05-29 09:08:29,59,-991,-232,0,-429,1,44,-18,322,0,0,-1,-1,-1,-1,-1,1,0,-1,-1,-1,1,36,489,-232,18,36,0,0,0,0,0,0,0,297,0,0,0,0,0,0,0,0,0,0,0,0,0,0,0,0,0,0,0,0,0,0,0,0,0,0,0,0,0,0,0,0,0,0,0,0,0,0,0,0,0,0,0,0,0,0,0,0,0,0,0,
2026-05-29,09:08:29.430,8.31,100,100,0,-0.242,5.90,25,1.099,85,0,0.092,100,100,-1.38,-11.46,0.00,8,55.415900 12.873200,2,2026-05-29 09:08:29,63,-910,-215,0,-430,0,44,-3,322,0,0,-1,-1,-1,-1,-1,1,0,-1,-1,-1,1,36,431,-215,20,36,0,0,0,0,0,0,0,297,0,0,0,0,0,0,0,0,0,0,0,0,0,0,0,0,0,0,0,0,0,0,0,0,0,0,0,0,0,0,0,0,0,0,0,0,0,0,0,0,0,0,0,0,0,0,0,0,0,0,0,
2026-05-29,09:08:29.550,8.32,100,100,0,-0.307,5.90,25,0.242,85,0,-0.005,100,100,-0.02,-13.70,0.00,8,55.415900 12.873200,2,2026-05-29 09:08:29,49,-903,-209,0,-429,0,45,-16,321,0,0,-1,-1,-1,-1,-1,1,0,-1,-1,-1,1,36,427,-209,15,36,0,0,0,0,0,0,0,298,0,0,0,0,0,0,0,0,0,0,0,0,0,0,0,0,0,0,0,0,0,0,0,0,0,0,0,0,0,0,0,0,0,0,0,0,0,0,0,0,0,0,0,0,0,0,0,0,0,0,0,
2026-05-29,09:08:29.670,8.32,100,100,0,-0.307,5.90,25,0.242,85,0,-0.005,100,100,-0.02,-13.70,0.00,8,55.415900 12.873200,2,2026-05-29 09:08:29,160,-862,-214,0,-429,0,44,-2,322,0,0,-1,-1,-1,-1,-1,1,0,-1,-1,-1,1,36,399,-214,48,36,0,0,0,0,0,0,0,298,0,0,0,0,0,0,0,0,0,0,0,0,0,0,0,0,0,0,0,0,0,0,0,0,0,0,0,0,0,0,0,0,0,0,0,0,0,0,0,0,0,0,0,0,0,0,0,0,0,0,0,
2026-05-29,09:08:29.790,8.32,100,100,0,-0.306,5.90,25,0.887,85,0,-0.032,100,100,0.56,-14.35,0.00,8,55.415900 12.873200,2,2026-05-29 09:08:29,212,-902,-203,0,-430,1,45,-19,322,0,0,-1,-1,-1,-1,-1,1,0,-1,-1,-1,1,36,426,-203,65,36,0,0,0,0,0,0,0,297,0,0,0,0,0,0,0,0,0,0,0,0,0,0,0,0,0,0,0,0,0,0,0,0,0,0,0,0,0,0,0,0,0,0,0,0,0,0,0,0,0,0,0,0,0,0,0,0,0,0,0,
2026-05-29,09:08:29.900,8.32,100,100,0,-0.204,5.90,25,1.361,85,0,0.109,100,100,0.36,-13.75,0.00,8,55.415900 12.873200,2,2026-05-29 09:08:29,225,-905,-204,0,-429,0,44,-1,322,0,0,-1,-1,-1,-1,-1,1,0,-1,-1,-1,1,36,428,-204,69,36,0,0,0,0,0,0,0,298,0,0,0,0,0,0,0,0,0,0,0,0,0,0,0,0,0,0,0,0,0,0,0,0,0,0,0,0,0,0,0,0,0,0,0,0,0,0,0,0,0,0,0,0,0,0,0,0,0,0,0,
2026-05-29,09:08:30.010,8.32,100,100,0,-0.204,5.93,25,1.361,86,0,0.109,100,100,0.36,-13.75,0.00,12,55.415900 12.873200,2,2026-05-29 09:08:30,188,-770,-203,0,-429,0,43,-1,322,0,0,-1,-1,-1,-1,-1,1,0,-1,-1,-1,1,36,340,-203,57,36,0,0,0,0,0,0,0,298,0,0,0,0,0,0,0,0,0,0,0,0,0,0,0,0,0,0,0,0,0,0,0,0,0,0,0,0,0,0,0,0,0,0,0,0,0,0,0,0,0,0,0,0,0,0,0,0,0,0,0,
2026-05-29,09:08:30.120,8.32,100,100,0,-0.319,5.95,25,0.443,85,0,-0.077,100,100,-2.45,-14.94,0.00,12,55.415900 12.873200,2,2026-05-29 09:08:30,204,-899,-203,0,-430,0,44,-3,322,0,0,-1,-1,-1,-1,-1,1,0,-1,-1,-1,1,36,424,-203,62,36,0,0,0,0,0,0,0,297,0,0,0,0,0,0,0,0,0,0,0,0,0,0,0,0,0,0,0,0,0,0,0,0,0,0,0,0,0,0,0,0,0,0,0,0,0,0,0,0,0,0,0,0,0,0,0,0,0,0,0,
2026-05-29,09:08:30.240,8.32,100,100,0,-0.323,5.93,25,1.443,86,0,-0.020,100,100,-2.45,-14.94,0.00,12,55.415900 12.873200,2,2026-05-29 09:08:30,119,-872,-265,0,-430,1,44,-17,322,0,0,-1,-1,-1,-1,-1,1,0,-1,-1,-1,1,36,405,-265,36,36,0,0,0,0,0,0,0,297,0,0,0,0,0,0,0,0,0,0,0,0,0,0,0,0,0,0,0,0,0,0,0,0,0,0,0,0,0,0,0,0,0,0,0,0,0,0,0,0,0,0,0,0,0,0,0,0,0,0,0,
2026-05-29,09:08:30.360,8.32,100,100,0,-0.323,5.92,25,1.443,87,0,-0.020,100,100,-2.45,-14.94,0.00,12,55.415900 12.873200,2,2026-05-29 09:08:30,226,-874,-298,0,-430,0,45,-6,322,0,0,-1,-1,-1,-1,-1,1,0,-1,-1,-1,1,36,407,-298,69,36,0,0,0,0,0,0,0,297,0,0,0,0,0,0,0,0,0,0,0,0,0,0,0,0,0,0,0,0,0,0,0,0,0,0,0,0,0,0,0,0,0,0,0,0,0,0,0,0,0,0,0,0,0,0,0,0,0,0,0,
2026-05-29,09:08:30.500,8.32,100,100,0,-0.274,5.91,25,1.082,90,0,0.084,100,100,0.89,-15.27,0.00,13,55.415900 12.873200,2,2026-05-29 09:08:30,54,-922,-497,12,-429,0,45,-19,322,0,0,-1,-1,-1,-1,-1,1,0,-1,-1,-1,1,31,440,-497,16,31,0,0,0,0,0,0,0,298,0,0,0,0,0,0,0,0,0,0,0,0,0,0,0,0,0,0,0,0,0,0,0,0,0,0,0,0,0,0,0,0,0,0,0,0,0,0,0,0,0,0,0,0,0,0,0,0,0,0,0,
2026-05-29,09:08:30.620,8.32,100,100,0,-0.183,5.91,25,1.225,89,0,0.020,100,100,0.00,-14.75,0.00,13,55.415900 12.873200,2,2026-05-29 09:08:30,32,-855,-166,0,-430,0,45,0,321,0,0,-1,-1,-1,-1,-1,1,0,-1,-1,-1,1,36,394,-166,10,36,0,0,0,0,0,0,0,297,0,0,0,0,0,0,0,0,0,0,0,0,0,0,0,0,0,0,0,0,0,0,0,0,0,0,0,0,0,0,0,0,0,0,0,0,0,0,0,0,0,0,0,0,0,0,0,0,0,0,0,
2026-05-29,09:08:30.740,8.32,100,100,0,-0.328,5.93,25,0.234,88,0,-0.044,100,100,0.74,-15.22,0.00,13,55.415900 12.873200,2,2026-05-29 09:08:30,16,-850,-322,0,-430,1,43,-20,322,0,0,-1,-1,-1,-1,-1,1,0,-1,-1,-1,1,36,390,-322,5,36,0,0,0,0,0,0,0,297,0,0,0,0,0,0,0,0,0,0,0,0,0,0,0,0,0,0,0,0,0,0,0,0,0,0,0,0,0,0,0,0,0,0,0,0,0,0,0,0,0,0,0,0,0,0,0,0,0,0,0,
2026-05-29,09:08:30.860,8.32,100,100,0,-0.328,5.92,25,0.234,89,0,-0.044,100,100,0.74,-15.22,0.00,13,55.415900 12.873200,2,2026-05-29 09:08:30,132,-817,-318,0,-429,0,44,0,321,0,0,-1,-1,-1,-1,-1,1,0,-1,-1,-1,1,36,369,-318,40,36,0,0,0,0,0,0,0,297,0,0,0,0,0,0,0,0,0,0,0,0,0,0,0,0,0,0,0,0,0,0,0,0,0,0,0,0,0,0,0,0,0,0,0,0,0,0,0,0,0,0,0,0,0,0,0,0,0,0,0,
2026-05-29,09:08:30.980,8.32,100,100,0,-0.153,5.91,25,1.081,89,0,0.048,100,100,0.83,-14.58,0.00,15,55.416000 12.873200,2,2026-05-29 09:08:31,123,-857,-318,0,-429,0,43,-21,321,0,0,-1,-1,-1,-1,-1,1,0,-1,-1,-1,1,36,395,-318,37,36,0,0,0,0,0,0,0,298,0,0,0,0,0,0,0,0,0,0,0,0,0,0,0,0,0,0,0,0,0,0,0,0,0,0,0,0,0,0,0,0,0,0,0,0,0,0,0,0,0,0,0,0,0,0,0,0,0,0,0,
2026-05-29,09:08:31.100,8.32,100,99,0,-0.121,5.91,25,0.856,89,0,0.002,100,100,-0.86,-18.48,0.00,15,55.416000 12.873200,2,2026-05-29 09:08:31,227,-853,-321,0,-430,0,44,-2,322,0,0,-1,-1,-1,-1,-1,1,0,-1,-1,-1,1,36,393,-321,69,36,0,0,0,0,0,0,0,297,0,0,0,0,0,0,0,0,0,0,0,0,0,0,0,0,0,0,0,0,0,0,0,0,0,0,0,0,0,0,0,0,0,0,0,0,0,0,0,0,0,0,0,0,0,0,0,0,0,0,0,
2026-05-29,09:08:31.210,8.32,100,100,0,-0.121,5.91,25,0.856,88,0,0.002,100,100,-0.86,-18.48,0.00,15,55.416000 12.873200,2,2026-05-29 09:08:31,270,-843,-319,0,-430,0,44,0,321,0,0,-1,-1,-1,-1,-1,1,0,-1,-1,-1,1,36,386,-319,83,36,0,0,0,0,0,0,0,297,0,0,0,0,0,0,0,0,0,0,0,0,0,0,0,0,0,0,0,0,0,0,0,0,0,0,0,0,0,0,0,0,0,0,0,0,0,0,0,0,0,0,0,0,0,0,0,0,0,0,0,
2026-05-29,09:08:31.330,8.32,100,99,0,-0.172,5.91,25,0.436,88,0,-0.041,100,100,-0.84,-14.59,0.00,15,55.416000 12.873200,2,2026-05-29 09:08:31,230,-857,-318,0,-429,0,44,-9,322,0,0,-1,-1,-1,-1,-1,1,0,-1,-1,-1,1,36,395,-318,70,36,0,0,0,0,0,0,0,298,0,0,0,0,0,0,0,0,0,0,0,0,0,0,0,0,0,0,0,0,0,0,0,0,0,0,0,0,0,0,0,0,0,0,0,0,0,0,0,0,0,0,0,0,0,0,0,0,0,0,0,
2026-05-29,09:08:31.450,8.31,100,99,0,-0.201,5.90,25,0.300,87,0,-0.012,100,100,-1.03,-13.32,0.00,16,55.416000 12.873200,2,2026-05-29 09:08:31,256,-824,-320,0,-430,0,43,-17,321,0,0,-1,-1,-1,-1,-1,1,0,-1,-1,-1,1,36,374,-320,78,36,0,0,0,0,0,0,0,297,0,0,0,0,0,0,0,0,0,0,0,0,0,0,0,0,0,0,0,0,0,0,0,0,0,0,0,0,0,0,0,0,0,0,0,0,0,0,0,0,0,0,0,0,0,0,0,0,0,0,0,
2026-05-29,09:08:31.560,8.32,100,99,0,-0.171,5.90,25,0.460,86,0,-0.012,100,100,-1.03,-13.32,0.00,16,55.416000 12.873200,2,2026-05-29 09:08:31,295,-856,-317,0,-430,0,44,-18,322,0,0,-1,-1,-1,-1,-1,1,0,-1,-1,-1,1,36,395,-318,91,36,0,0,0,0,0,0,0,297,0,0,0,0,0,0,0,0,0,0,0,0,0,0,0,0,0,0,0,0,0,0,0,0,0,0,0,0,0,0,0,0,0,0,0,0,0,0,0,0,0,0,0,0,0,0,0,0,0,0,0,
2026-05-29,09:08:31.670,8.31,100,98,0,-0.171,5.90,25,0.460,84,0,-0.017,100,100,-1.04,-15.22,0.00,16,55.416000 12.873200,2,2026-05-29 09:08:31,363,-858,-266,0,-430,0,44,-24,321,0,0,-1,-1,-1,-1,-1,1,0,-1,-1,-1,1,36,396,-266,114,36,0,0,0,0,0,0,0,297,0,0,0,0,0,0,0,0,0,0,0,0,0,0,0,0,0,0,0,0,0,0,0,0,0,0,0,0,0,0,0,0,0,0,0,0,0,0,0,0,0,0,0,0,0,0,0,0,0,0,0,
2026-05-29,09:08:31.790,8.31,100,97,0,-0.119,5.90,25,0.755,85,0,-0.050,100,100,-0.19,-13.32,0.00,16,55.416000 12.873200,2,2026-05-29 09:08:31,191,-853,-218,0,-429,0,44,-2,322,0,0,-1,-1,-1,-1,-1,1,0,-1,-1,-1,1,36,393,-218,58,36,0,0,0,0,0,0,0,298,0,0,0,0,0,0,0,0,0,0,0,0,0,0,0,0,0,0,0,0,0,0,0,0,0,0,0,0,0,0,0,0,0,0,0,0,0,0,0,0,0,0,0,0,0,0,0,0,0,0,0,
2026-05-29,09:08:31.910,8.31,100,96,0,-0.295,5.90,25,0.571,85,0,0.026,100,100,0.43,-12.88,0.00,16,55.416000 12.873200,2,2026-05-29 09:08:31,229,-786,-220,0,-430,0,44,-4,322,0,0,-1,-1,-1,-1,-1,1,0,-1,-1,-1,1,36,349,-220,70,36,0,0,0,0,0,0,0,297,0,0,0,0,0,0,0,0,0,0,0,0,0,0,0,0,0,0,0,0,0,0,0,0,0,0,0,0,0,0,0,0,0,0,0,0,0,0,0,0,0,0,0,0,0,0,0,0,0,0,0,
2026-05-29,09:08:32.020,8.31,100,95,0,-0.295,5.90,25,0.571,82,0,0.026,100,100,0.43,-12.88,0.00,16,55.416000 12.873200,2,2026-05-29 09:08:32,148,-734,-220,0,-430,1,44,-1,322,0,0,-1,-1,-1,-1,-1,1,0,-1,-1,-1,1,36,319,-220,44,36,0,0,0,0,0,0,0,297,0,0,0,0,0,0,0,0,0,0,0,0,0,0,0,0,0,0,0,0,0,0,0,0,0,0,0,0,0,0,0,0,0,0,0,0,0,0,0,0,0,0,0,0,0,0,0,0,0,0,0,
2026-05-29,09:08:32.140,8.31,100,94,0,-0.312,5.93,25,0.962,80,0,-0.022,99,100,2.70,-13.62,0.00,16,55.416000 12.873200,2,2026-05-29 09:08:32,84,-722,-221,0,-430,0,44,-15,321,0,0,-1,-1,-1,-1,-1,1,0,-1,-1,-1,1,36,313,-221,26,36,0,0,0,0,0,0,0,297,0,0,0,0,0,0,0,0,0,0,0,0,0,0,0,0,0,0,0,0,0,0,0,0,0,0,0,0,0,0,0,0,0,0,0,0,0,0,0,0,0,0,0,0,0,0,0,0,0,0,0,
2026-05-29,09:08:32.260,8.31,100,93,0,-0.271,5.92,25,1.489,81,0,0.023,99,100,0.48,-12.93,0.00,16,55.416000 12.873200,2,2026-05-29 09:08:32,0,-592,-221,0,-430,0,43,-20,322,0,0,-1,-1,-1,-1,-1,1,0,-1,-1,-1,1,36,243,-221,0,36,0,0,0,0,0,0,0,297,0,0,0,0,0,0,0,0,0,0,0,0,0,0,0,0,0,0,0,0,0,0,0,0,0,0,0,0,0,0,0,0,0,0,0,0,0,0,0,0,0,0,0,0,0,0,0,0,0,0,0,
2026-05-29,09:08:32.370,8.31,100,93,0,-0.271,5.92,25,1.489,82,0,0.023,99,100,0.48,-12.93,0.00,16,55.416000 12.873200,2,2026-05-29 09:08:32,0,-569,-222,0,-430,0,45,-6,322,0,0,-1,-1,-1,-1,-1,1,0,-1,-1,-1,1,36,232,-222,0,36,0,0,0,0,0,0,0,297,0,0,0,0,0,0,0,0,0,0,0,0,0,0,0,0,0,0,0,0,0,0,0,0,0,0,0,0,0,0,0,0,0,0,0,0,0,0,0,0,0,0,0,0,0,0,0,0,0,0,0,
2026-05-29,09:08:32.490,8.32,100,92,0,-0.331,5.94,25,0.456,82,0,0.004,99,100,0.59,-13.86,0.00,16,55.416000 12.873200,2,2026-05-29 09:08:32,-58,-529,-222,0,-430,0,44,-17,322,0,0,-1,-1,-1,-1,-1,1,0,-1,-1,-1,1,36,213,-222,-21,36,0,0,0,0,0,0,0,297,0,0,0,0,0,0,0,0,0,0,0,0,0,0,0,0,0,0,0,0,0,0,0,0,0,0,0,0,0,0,0,0,0,0,0,0,0,0,0,0,0,0,0,0,0,0,0,0,0,0,0,
2026-05-29,09:08:32.600,8.31,100,91,0,-0.344,5.93,25,1.015,83,0,0.091,99,100,1.35,-15.07,0.00,16,55.416000 12.873200,2,2026-05-29 09:08:32,0,-278,-222,0,-430,1,44,-16,322,0,0,-1,-1,-1,-1,-1,1,0,-1,-1,-1,1,36,107,-222,0,36,0,0,0,0,0,0,0,297,0,0,0,0,0,0,0,0,0,0,0,0,0,0,0,0,0,0,0,0,0,0,0,0,0,0,0,0,0,0,0,0,0,0,0,0,0,0,0,0,0,0,0,0,0,0,0,0,0,0,0,
2026-05-29,09:08:32.710,8.31,100,90,0,-0.344,5.92,25,1.015,83,0,0.091,99,100,1.35,-15.07,0.00,16,55.416000 12.873200,2,2026-05-29 09:08:32,0,-353,-224,-10,-430,0,44,-2,321,0,0,-1,-1,-1,-1,-1,1,0,-1,-1,-1,1,40,137,-224,0,40,0,0,0,0,0,0,0,297,0,0,0,0,0,0,0,0,0,0,0,0,0,0,0,0,0,0,0,0,0,0,0,0,0,0,0,0,0,0,0,0,0,0,0,0,0,0,0,0,0,0,0,0,0,0,0,0,0,0,0,
2026-05-29,09:08:32.830,8.31,100,89,0,-0.334,5.91,25,0.230,84,0,-0.011,99,100,-0.79,-12.35,0.00,16,55.416000 12.873200,2,2026-05-29 09:08:32,0,-343,-413,0,-430,1,44,-14,321,0,0,-1,-1,-1,-1,-1,1,0,-1,-1,-1,1,36,133,-413,0,36,0,0,0,0,0,0,0,297,0,0,0,0,0,0,0,0,0,0,0,0,0,0,0,0,0,0,0,0,0,0,0,0,0,0,0,0,0,0,0,0,0,0,0,0,0,0,0,0,0,0,0,0,0,0,0,0,0,0,0,
2026-05-29,09:08:32.950,8.31,100,90,0,-0.193,5.93,25,0.898,84,0,0.085,100,100,3.15,-13.99,0.00,19,55.416100 12.873200,2,2026-05-29 09:08:32,0,-464,-248,-31,-430,0,44,-15,322,0,0,-1,-1,-1,-1,-1,1,0,-1,-1,-1,1,47,194,-248,0,47,0,0,0,0,0,0,0,297,0,0,0,0,0,0,0,0,0,0,0,0,0,0,0,0,0,0,0,0,0,0,0,0,0,0,0,0,0,0,0,0,0,0,0,0,0,0,0,0,0,0,0,0,0,0,0,0,0,0,0,
2026-05-29,09:08:33.070,8.32,100,89,0,-0.098,5.95,25,0.898,84,0,0.085,100,100,3.15,-13.99,0.00,19,55.416100 12.873200,2,2026-05-29 09:08:33,105,-443,-424,0,-430,1,45,-12,322,0,0,-1,-1,-1,-1,-1,1,0,-1,-1,-1,1,36,175,-424,31,36,0,0,0,0,0,0,0,297,0,0,0,0,0,0,0,0,0,0,0,0,0,0,0,0,0,0,0,0,0,0,0,0,0,0,0,0,0,0,0,0,0,0,0,0,0,0,0,0,0,0,0,0,0,0,0,0,0,0,0,
2026-05-29,09:08:33.180,8.31,100,90,0,-0.098,5.94,25,2.485,82,0,0.529,100,100,0.78,-14.83,0.00,19,55.416100 12.873200,2,2026-05-29 09:08:33,254,-642,-412,-54,-430,0,45,-2,321,0,0,-1,-1,-1,-1,-1,1,0,-1,-1,-1,1,54,269,-412,77,54,0,0,0,0,0,0,0,297,0,0,0,0,0,0,0,0,0,0,0,0,0,0,0,0,0,0,0,0,0,0,0,0,0,0,0,0,0,0,0,0,0,0,0,0,0,0,0,0,0,0,0,0,0,0,0,0,0,0,0,
2026-05-29,09:08:33.300,8.32,100,90,0,-0.143,5.93,25,1.231,79,0,0.063,100,100,-1.14,-14.08,0.00,19,55.416100 12.873200,2,2026-05-29 09:08:33,209,-863,-414,-105,-430,2,44,-10,321,0,0,-1,-1,-1,-1,-1,1,0,-1,-1,-1,1,72,399,-414,64,72,0,0,0,0,0,0,0,297,0,0,0,0,0,0,0,0,0,0,0,0,0,0,0,0,0,0,0,0,0,0,0,0,0,0,0,0,0,0,0,0,0,0,0,0,0,0,0,0,0,0,0,0,0,0,0,0,0,0,0,
2026-05-29,09:08:33.420,8.31,100,90,0,-0.079,5.92,25,1.231,77,0,0.012,100,100,-1.14,-14.08,0.00,20,55.416100 12.873200,2,2026-05-29 09:08:33,187,-1020,-453,-79,-429,0,45,-17,321,0,0,-1,-1,-1,-1,-1,1,0,-1,-1,-1,1,63,513,-453,56,63,0,0,0,0,0,0,0,298,0,0,0,0,0,0,0,0,0,0,0,0,0,0,0,0,0,0,0,0,0,0,0,0,0,0,0,0,0,0,0,0,0,0,0,0,0,0,0,0,0,0,0,0,0,0,0,0,0,0,0,
2026-05-29,09:08:33.540,8.31,100,91,0,-0.079,5.91,25,0.524,76,0,0.012,100,100,-0.33,-14.10,0.00,20,55.416100 12.873200,2,2026-05-29 09:08:33,155,-1014,-434,-50,-430,0,45,-22,322,0,0,-1,-1,-1,-1,-1,1,0,-1,-1,-1,1,53,508,-434,47,53,0,0,0,0,0,0,0,297,0,0,0,0,0,0,0,0,0,0,0,0,0,0,0,0,0,0,0,0,0,0,0,0,0,0,0,0,0,0,0,0,0,0,0,0,0,0,0,0,0,0,0,0,0,0,0,0,0,0,0,
2026-05-29,09:08:33.660,8.31,100,91,0,-0.035,5.93,25,1.281,76,0,0.119,100,100,0.88,-14.33,0.00,20,55.416100 12.873200,2,2026-05-29 09:08:33,152,-1011,-432,-58,-429,0,44,-14,322,0,0,-1,-1,-1,-1,-1,1,0,-1,-1,-1,1,56,506,-432,46,56,0,0,0,0,0,0,0,298,0,0,0,0,0,0,0,0,0,0,0,0,0,0,0,0,0,0,0,0,0,0,0,0,0,0,0,0,0,0,0,0,0,0,0,0,0,0,0,0,0,0,0,0,0,0,0,0,0,0,0,
2026-05-29,09:08:33.780,8.31,100,91,0,-0.017,5.93,25,1.206,76,0,0.033,100,100,1.75,-14.02,0.00,20,55.416100 12.873200,2,2026-05-29 09:08:33,206,-1022,-431,-112,-429,1,44,-21,321,0,0,-1,-1,-1,-1,-1,1,0,-1,-1,-1,1,75,515,-431,63,75,0,0,0,0,0,0,0,298,0,0,0,0,0,0,0,0,0,0,0,0,0,0,0,0,0,0,0,0,0,0,0,0,0,0,0,0,0,0,0,0,0,0,0,0,0,0,0,0,0,0,0,0,0,0,0,0,0,0,0,
2026-05-29,09:08:33.890,8.31,100,91,0,-0.017,5.92,25,1.206,74,0,0.033,100,100,1.75,-14.02,0.00,20,55.416100 12.873200,2,2026-05-29 09:08:33,206,-1023,-419,-100,-430,0,44,-6,322,0,0,-1,-1,-1,-1,-1,1,0,-1,-1,-1,1,70,516,-419,63,70,0,0,0,0,0,0,0,297,0,0,0,0,0,0,0,0,0,0,0,0,0,0,0,0,0,0,0,0,0,0,0,0,0,0,0,0,0,0,0,0,0,0,0,0,0,0,0,0,0,0,0,0,0,0,0,0,0,0,0,
2026-05-29,09:08:34.010,8.32,100,90,0,0.025,5.91,25,1.499,74,0,-0.034,100,100,-1.67,-12.90,0.00,20,55.416100 12.873300,2,2026-05-29 09:08:34,211,-1023,-383,-127,-430,0,44,-15,322,0,0,-1,-1,-1,-1,-1,1,0,-1,-1,-1,1,79,516,-383,64,79,0,0,0,0,0,0,0,297,0,0,0,0,0,0,0,0,0,0,0,0,0,0,0,0,0,0,0,0,0,0,0,0,0,0,0,0,0,0,0,0,0,0,0,0,0,0,0,0,0,0,0,0,0,0,0,0,0,0,0,
2026-05-29,09:08:34.130,8.31,100,90,0,-0.085,5.93,25,0.770,74,0,0.001,100,100,-1.71,-12.46,0.00,20,55.416100 12.873300,2,2026-05-29 09:08:34,180,-1023,-400,-126,-430,2,44,-14,321,0,0,-1,-1,-1,-1,-1,1,0,-1,-1,-1,1,78,516,-401,54,78,0,0,0,0,0,0,0,297,0,0,0,0,0,0,0,0,0,0,0,0,0,0,0,0,0,0,0,0,0,0,0,0,0,0,0,0,0,0,0,0,0,0,0,0,0,0,0,0,0,0,0,0,0,0,0,0,0,0,0,
2026-05-29,09:08:34.240,8.31,100,89,0,-0.085,5.93,25,0.770,73,0,0.001,100,100,-1.71,-12.46,0.00,20,55.416100 12.873300,2,2026-05-29 09:08:34,226,-1022,-414,-32,-430,1,44,-3,322,0,0,-1,-1,-1,-1,-1,1,0,-1,-1,-1,1,48,516,-414,69,48,0,0,0,0,0,0,0,297,0,0,0,0,0,0,0,0,0,0,0,0,0,0,0,0,0,0,0,0,0,0,0,0,0,0,0,0,0,0,0,0,0,0,0,0,0,0,0,0,0,0,0,0,0,0,0,0,0,0,0,
2026-05-29,09:08:34.360,8.31,100,89,0,-0.110,5.94,25,1.410,73,0,0.071,100,100,-1.11,-11.93,0.00,20,55.416100 12.873300,2,2026-05-29 09:08:34,261,-1023,-387,-132,-430,0,45,-18,322,0,0,-1,-1,-1,-1,-1,1,0,-1,-1,-1,1,81,516,-387,80,81,0,0,0,0,0,0,0,297,0,0,0,0,0,0,0,0,0,0,0,0,0,0,0,0,0,0,0,0,0,0,0,0,0,0,0,0,0,0,0,0,0,0,0,0,0,0,0,0,0,0,0,0,0,0,0,0,0,0,0,
2026-05-29,09:08:34.480,8.32,100,89,0,-0.073,5.93,25,1.427,72,0,0.108,100,100,-0.06,-10.89,0.00,18,55.416100 12.873300,2,2026-05-29 09:08:34,246,-1023,-417,-73,-430,0,44,-4,322,0,0,-1,-1,-1,-1,-1,1,0,-1,-1,-1,1,61,516,-417,76,61,0,0,0,0,0,0,0,297,0,0,0,0,0,0,0,0,0,0,0,0,0,0,0,0,0,0,0,0,0,0,0,0,0,0,0,0,0,0,0,0,0,0,0,0,0,0,0,0,0,0,0,0,0,0,0,0,0,0,0,
2026-05-29,09:08:34.600,8.31,100,88,0,0.040,5.94,25,1.427,73,0,0.108,100,100,-0.06,-10.89,0.00,18,55.416100 12.873300,2,2026-05-29 09:08:34,260,-1023,-415,-163,-430,0,44,-21,322,0,0,-1,-1,-1,-1,-1,1,0,-1,-1,-1,1,92,516,-415,80,92,0,0,0,0,0,0,0,297,0,0,0,0,0,0,0,0,0,0,0,0,0,0,0,0,0,0,0,0,0,0,0,0,0,0,0,0,0,0,0,0,0,0,0,0,0,0,0,0,0,0,0,0,0,0,0,0,0,0,0,
2026-05-29,09:08:34.720,8.31,100,87,0,0.040,5.93,25,1.787,73,0,0.048,100,100,-2.29,-10.26,0.00,18,55.416100 12.873300,2,2026-05-29 09:08:34,417,-1023,-415,-187,-430,0,44,-17,322,0,0,-1,-1,-1,-1,-1,1,0,-1,-1,-1,1,100,516,-415,133,100,0,0,0,0,0,0,0,297,0,0,0,0,0,0,0,0,0,0,0,0,0,0,0,0,0,0,0,0,0,0,0,0,0,0,0,0,0,0,0,0,0,0,0,0,0,0,0,0,0,0,0,0,0,0,0,0,0,0,0,
2026-05-29,09:08:34.830,8.31,100,87,0,0.102,5.92,25,2.584,73,0,0.026,100,100,-2.45,-10.03,0.00,18,55.416100 12.873300,2,2026-05-29 09:08:34,515,-1024,-501,-215,-430,0,45,0,322,0,0,-1,-1,-1,-1,-1,1,0,-1,-1,-1,1,110,516,-501,170,110,0,0,0,0,0,0,0,297,0,0,0,0,0,0,0,0,0,0,0,0,0,0,0,0,0,0,0,0,0,0,0,0,0,0,0,0,0,0,0,0,0,0,0,0,0,0,0,0,0,0,0,0,0,0,0,0,0,0,0,
2026-05-29,09:08:34.950,8.31,100,86,0,0.012,5.92,25,2.584,72,0,-0.194,100,100,-2.45,-10.03,0.00,18,55.416200 12.873300,2,2026-05-29 09:08:34,599,-1023,-493,-216,-430,0,44,-23,322,0,0,-1,-1,-1,-1,-1,1,0,-1,-1,-1,1,110,516,-493,205,110,0,0,0,0,0,0,0,297,0,0,0,0,0,0,0,0,0,0,0,0,0,0,0,0,0,0,0,0,0,0,0,0,0,0,0,0,0,0,0,0,0,0,0,0,0,0,0,0,0,0,0,0,0,0,0,0,0,0,0,
2026-05-29,09:08:35.070,8.31,100,86,0,0.012,5.91,25,1.434,70,0,-0.194,100,100,-3.93,-10.89,0.00,16,55.416200 12.873300,2,2026-05-29 09:08:35,635,-1023,-489,-201,-430,0,44,-17,322,0,0,-1,-1,-1,-1,-1,1,0,-1,-1,-1,1,105,516,-489,220,105,0,0,0,0,0,0,0,297,0,0,0,0,0,0,0,0,0,0,0,0,0,0,0,0,0,0,0,0,0,0,0,0,0,0,0,0,0,0,0,0,0,0,0,0,0,0,0,0,0,0,0,0,0,0,0,0,0,0,0,
2026-05-29,09:08:35.210,8.32,100,84,0,0.094,5.91,25,2.144,68,0,0.011,100,100,0.48,-11.99,0.00,16,55.416200 12.873300,2,2026-05-29 09:08:35,597,-1023,-442,-236,-430,1,44,-16,322,0,0,-1,-1,-1,-1,-1,1,0,-1,-1,-1,1,118,516,-442,203,118,0,0,0,0,0,0,0,297,0,0,0,0,0,0,0,0,0,0,0,0,0,0,0,0,0,0,0,0,0,0,0,0,0,0,0,0,0,0,0,0,0,0,0,0,0,0,0,0,0,0,0,0,0,0,0,0,0,0,0,
2026-05-29,09:08:35.320,8.31,100,83,0,-0.106,5.93,25,0.849,68,0,-0.208,100,100,-4.66,-10.93,0.00,16,55.416200 12.873300,2,2026-05-29 09:08:35,731,-1023,-524,-147,-430,3,45,-12,322,0,0,-1,-1,-1,-1,-1,1,0,-1,-1,-1,1,86,516,-524,265,86,0,0,0,0,0,0,0,297,0,0,0,0,0,0,0,0,0,0,0,0,0,0,0,0,0,0,0,0,0,0,0,0,0,0,0,0,0,0,0,0,0,0,0,0,0,0,0,0,0,0,0,0,0,0,0,0,0,0,0,
2026-05-29,09:08:35.440,8.31,100,83,0,-0.001,5.89,25,0.849,69,0,-0.208,100,100,-4.66,-10.93,0.00,14,55.416200 12.873300,2,2026-05-29 09:08:35,841,-1023,-509,-187,-429,1,44,-3,322,0,0,-1,-1,-1,-1,-1,1,0,-1,-1,-1,1,101,516,-508,323,101,0,0,0,0,0,0,0,298,0,0,0,0,0,0,0,0,0,0,0,0,0,0,0,0,0,0,0,0,0,0,0,0,0,0,0,0,0,0,0,0,0,0,0,0,0,0,0,0,0,0,0,0,0,0,0,0,0,0,0,
2026-05-29,09:08:35.560,8.31,100,82,0,-0.001,5.92,25,1.721,67,0,-0.329,100,100,-0.40,-10.38,0.00,14,55.416200 12.873300,2,2026-05-29 09:08:35,830,-1023,-510,-145,-429,0,45,-5,322,0,0,-1,-1,-1,-1,-1,1,0,-1,-1,-1,1,85,516,-510,316,85,0,0,0,0,0,0,0,298,0,0,0,0,0,0,0,0,0,0,0,0,0,0,0,0,0,0,0,0,0,0,0,0,0,0,0,0,0,0,0,0,0,0,0,0,0,0,0,0,0,0,0,0,0,0,0,0,0,0,0,
2026-05-29,09:08:35.700,8.31,100,80,0,-0.066,5.93,25,0.722,69,0,-0.132,100,100,-0.19,-10.46,0.00,14,55.416200 12.873300,2,2026-05-29 09:08:35,846,-1023,-463,-182,-430,1,44,-14,322,0,0,-1,-1,-1,-1,-1,1,0,-1,-1,-1,1,99,516,-463,326,99,0,0,0,0,0,0,0,297,0,0,0,0,0,0,0,0,0,0,0,0,0,0,0,0,0,0,0,0,0,0,0,0,0,0,0,0,0,0,0,0,0,0,0,0,0,0,0,0,0,0,0,0,0,0,0,0,0,0,0,
2026-05-29,09:08:35.820,8.31,100,79,0,-0.035,5.92,25,0.353,70,0,-0.092,100,100,-2.03,-11.06,0.00,14,55.416200 12.873300,2,2026-05-29 09:08:35,865,-1023,-411,-181,-430,0,45,-18,322,0,0,-1,-1,-1,-1,-1,1,0,-1,-1,-1,1,98,516,-411,337,98,0,0,0,0,0,0,0,297,0,0,0,0,0,0,0,0,0,0,0,0,0,0,0,0,0,0,0,0,0,0,0,0,0,0,0,0,0,0,0,0,0,0,0,0,0,0,0,0,0,0,0,0,0,0,0,0,0,0,0,
2026-05-29,09:08:35.950,8.31,100,77,0,-0.108,5.92,25,0.353,72,0,-0.135,100,100,-2.03,-11.06,0.00,14,55.416200 12.873300,2,2026-05-29 09:08:35,785,-1023,-411,-172,-430,0,44,-21,322,0,0,-1,-1,-1,-1,-1,1,0,-1,-1,-1,1,95,516,-411,292,95,0,0,0,0,0,0,0,297,0,0,0,0,0,0,0,0,0,0,0,0,0,0,0,0,0,0,0,0,0,0,0,0,0,0,0,0,0,0,0,0,0,0,0,0,0,0,0,0,0,0,0,0,0,0,0,0,0,0,0,
2026-05-29,09:08:36.070,8.31,100,76,0,-0.108,5.91,25,1.626,71,0,-0.135,100,100,-1.21,-11.02,0.00,12,55.416200 12.873300,2,2026-05-29 09:08:36,789,-1023,-319,-208,-429,0,45,-18,321,0,0,-1,-1,-1,-1,-1,1,0,-1,-1,-1,1,107,516,-319,294,107,0,0,0,0,0,0,0,298,0,0,0,0,0,0,0,0,0,0,0,0,0,0,0,0,0,0,0,0,0,0,0,0,0,0,0,0,0,0,0,0,0,0,0,0,0,0,0,0,0,0,0,0,0,0,0,0,0,0,0,
2026-05-29,09:08:36.190,8.31,100,76,0,-0.189,5.91,25,0.748,71,0,-0.236,100,100,-3.73,-10.84,0.00,12,55.416200 12.873300,2,2026-05-29 09:08:36,760,-1023,-316,-174,-430,0,43,-16,322,0,0,-1,-1,-1,-1,-1,1,0,-1,-1,-1,1,96,516,-316,280,96,0,0,0,0,0,0,0,297,0,0,0,0,0,0,0,0,0,0,0,0,0,0,0,0,0,0,0,0,0,0,0,0,0,0,0,0,0,0,0,0,0,0,0,0,0,0,0,0,0,0,0,0,0,0,0,0,0,0,0,
2026-05-29,09:08:36.300,8.31,100,77,0,-0.212,5.93,25,1.051,71,0,-0.147,100,100,-3.83,-10.75,0.00,12,55.416200 12.873300,2,2026-05-29 09:08:36,600,-1023,-317,-167,-430,0,44,0,322,0,0,-1,-1,-1,-1,-1,1,0,-1,-1,-1,1,93,516,-317,205,93,0,0,0,0,0,0,0,297,0,0,0,0,0,0,0,0,0,0,0,0,0,0,0,0,0,0,0,0,0,0,0,0,0,0,0,0,0,0,0,0,0,0,0,0,0,0,0,0,0,0,0,0,0,0,0,0,0,0,0,
2026-05-29,09:08:36.420,8.31,100,77,0,-0.212,5.92,25,1.051,70,0,-0.147,100,100,-3.83,-10.75,0.00,10,55.416200 12.873300,2,2026-05-29 09:08:36,523,-1020,-319,-106,-430,0,44,-7,321,0,0,-1,-1,-1,-1,-1,1,0,-1,-1,-1,1,73,512,-319,173,73,0,0,0,0,0,0,0,297,0,0,0,0,0,0,0,0,0,0,0,0,0,0,0,0,0,0,0,0,0,0,0,0,0,0,0,0,0,0,0,0,0,0,0,0,0,0,0,0,0,0,0,0,0,0,0,0,0,0,0,
2026-05-29,09:08:36.540,8.31,100,78,0,-0.188,5.92,25,1.503,69,0,-0.228,100,100,-3.83,-10.75,0.00,10,55.416200 12.873300,2,2026-05-29 09:08:36,420,-1022,-316,-126,-430,1,44,-20,321,0,0,-1,-1,-1,-1,-1,1,0,-1,-1,-1,1,79,515,-316,134,79,0,0,0,0,0,0,0,297,0,0,0,0,0,0,0,0,0,0,0,0,0,0,0,0,0,0,0,0,0,0,0,0,0,0,0,0,0,0,0,0,0,0,0,0,0,0,0,0,0,0,0,0,0,0,0,0,0,0,0,
2026-05-29,09:08:36.660,8.31,100,79,0,-0.202,5.91,25,0.691,68,0,-0.112,100,100,-5.78,-9.25,0.00,10,55.416200 12.873300,2,2026-05-29 09:08:36,100,-1023,-319,-124,-429,0,44,0,322,0,0,-1,-1,-1,-1,-1,1,0,-1,-1,-1,1,78,516,-319,30,78,0,0,0,0,0,0,0,298,0,0,0,0,0,0,0,0,0,0,0,0,0,0,0,0,0,0,0,0,0,0,0,0,0,0,0,0,0,0,0,0,0,0,0,0,0,0,0,0,0,0,0,0,0,0,0,0,0,0,0,
2026-05-29,09:08:36.780,8.31,100,79,0,-0.202,5.93,25,0.691,68,0,-0.112,100,100,-5.78,-9.25,0.00,10,55.416200 12.873300,2,2026-05-29 09:08:36,0,-1023,-320,-123,-429,0,45,0,322,0,0,-1,-1,-1,-1,-1,1,0,-1,-1,-1,1,78,516,-320,0,78,0,0,0,0,0,0,0,298,0,0,0,0,0,0,0,0,0,0,0,0,0,0,0,0,0,0,0,0,0,0,0,0,0,0,0,0,0,0,0,0,0,0,0,0,0,0,0,0,0,0,0,0,0,0,0,0,0,0,0,
2026-05-29,09:08:36.910,8.31,100,79,0,0.081,5.93,25,1.655,70,0,-0.255,100,100,-3.83,-9.12,0.00,10,55.416200 12.873300,2,2026-05-29 09:08:36,0,-1023,-320,-68,-430,0,44,-1,322,0,0,-1,-1,-1,-1,-1,1,0,-1,-1,-1,1,59,516,-320,0,59,0,0,0,0,0,0,0,297,0,0,0,0,0,0,0,0,0,0,0,0,0,0,0,0,0,0,0,0,0,0,0,0,0,0,0,0,0,0,0,0,0,0,0,0,0,0,0,0,0,0,0,0,0,0,0,0,0,0,0,
2026-05-29,09:08:37.030,8.31,100,78,0,-0.060,5.92,25,2.220,72,0,-0.132,100,100,-2.43,-9.54,0.00,10,55.416200 12.873300,2,2026-05-29 09:08:37,0,-1023,-320,-25,-429,0,44,-23,321,0,0,-1,-1,-1,-1,-1,1,0,-1,-1,-1,1,45,516,-320,0,45,0,0,0,0,0,0,0,298,0,0,0,0,0,0,0,0,0,0,0,0,0,0,0,0,0,0,0,0,0,0,0,0,0,0,0,0,0,0,0,0,0,0,0,0,0,0,0,0,0,0,0,0,0,0,0,0,0,0,0,
2026-05-29,09:08:37.150,8.31,100,79,0,-0.202,5.94,25,0.493,73,0,0.114,100,100,-4.00,-9.42,0.00,10,55.416200 12.873300,2,2026-05-29 09:08:37,0,-1023,-320,-124,-429,0,45,-1,322,0,0,-1,-1,-1,-1,-1,1,0,-1,-1,-1,1,78,516,-320,0,78,0,0,0,0,0,0,0,298,0,0,0,0,0,0,0,0,0,0,0,0,0,0,0,0,0,0,0,0,0,0,0,0,0,0,0,0,0,0,0,0,0,0,0,0,0,0,0,0,0,0,0,0,0,0,0,0,0,0,0,
2026-05-29,09:08:37.270,8.31,100,78,0,-0.202,5.93,25,0.493,74,0,0.114,100,100,-4.00,-9.42,0.00,10,55.416200 12.873300,2,2026-05-29 09:08:37,0,-1023,-320,-75,-430,0,43,-1,322,0,0,-1,-1,-1,-1,-1,1,0,-1,-1,-1,1,62,516,-320,0,62,0,0,0,0,0,0,0,297,0,0,0,0,0,0,0,0,0,0,0,0,0,0,0,0,0,0,0,0,0,0,0,0,0,0,0,0,0,0,0,0,0,0,0,0,0,0,0,0,0,0,0,0,0,0,0,0,0,0,0,
2026-05-29,09:08:37.380,8.31,100,78,0,-0.203,5.92,25,0.366,74,0,0.071,100,100,-0.38,-10.21,0.00,10,55.416200 12.873300,2,2026-05-29 09:08:37,0,-1023,-320,-106,-430,1,44,-18,321,0,0,-1,-1,-1,-1,-1,1,0,-1,-1,-1,1,73,516,-320,0,73,0,0,0,0,0,0,0,297,0,0,0,0,0,0,0,0,0,0,0,0,0,0,0,0,0,0,0,0,0,0,0,0,0,0,0,0,0,0,0,0,0,0,0,0,0,0,0,0,0,0,0,0,0,0,0,0,0,0,0,
2026-05-29,09:08:37.500,8.31,100,78,0,-0.232,5.91,25,0.948,74,0,-0.017,100,100,-1.76,-10.75,0.00,10,55.416200 12.873300,2,2026-05-29 09:08:37,0,-1023,-319,-49,-429,1,44,0,321,0,0,-1,-1,-1,-1,-1,1,0,-1,-1,-1,1,53,516,-319,0,53,0,0,0,0,0,0,0,297,0,0,0,0,0,0,0,0,0,0,0,0,0,0,0,0,0,0,0,0,0,0,0,0,0,0,0,0,0,0,0,0,0,0,0,0,0,0,0,0,0,0,0,0,0,0,0,0,0,0,0,
2026-05-29,09:08:37.620,8.31,100,78,0,-0.232,5.88,25,0.948,75,0,-0.017,100,100,-1.76,-10.75,0.00,10,55.416200 12.873300,2,2026-05-29 09:08:37,-45,-1022,-319,-27,-430,1,44,0,322,0,0,-1,-1,-1,-1,-1,1,0,-1,-1,-1,1,46,515,-319,-16,46,0,0,0,0,0,0,0,297,0,0,0,0,0,0,0,0,0,0,0,0,0,0,0,0,0,0,0,0,0,0,0,0,0,0,0,0,0,0,0,0,0,0,0,0,0,0,0,0,0,0,0,0,0,0,0,0,0,0,0,
2026-05-29,09:08:37.740,8.31,100,79,0,-0.177,5.86,25,1.156,75,0,-0.014,100,100,-2.74,-9.91,0.00,10,55.416200 12.873300,2,2026-05-29 09:08:37,-376,-1024,-320,-64,-429,0,43,-17,321,0,0,-1,-1,-1,-1,-1,1,0,-1,-1,-1,1,58,516,-320,-140,58,0,0,0,0,0,0,0,298,0,0,0,0,0,0,0,0,0,0,0,0,0,0,0,0,0,0,0,0,0,0,0,0,0,0,0,0,0,0,0,0,0,0,0,0,0,0,0,0,0,0,0,0,0,0,0,0,0,0,0,
2026-05-29,09:08:37.860,8.31,100,79,0,-0.140,5.87,25,1.264,74,0,-0.034,100,100,-2.19,-10.20,0.00,10,55.416200 12.873300,2,2026-05-29 09:08:37,-448,-1023,-412,-5,-429,1,43,-15,322,0,0,-1,-1,-1,-1,-1,1,0,-1,-1,-1,1,38,516,-412,-170,38,0,0,0,0,0,0,0,298,0,0,0,0,0,0,0,0,0,0,0,0,0,0,0,0,0,0,0,0,0,0,0,0,0,0,0,0,0,0,0,0,0,0,0,0,0,0,0,0,0,0,0,0,0,0,0,0,0,0,0,
2026-05-29,09:08:37.980,8.31,100,78,0,-0.119,5.88,25,1.264,75,0,0.340,100,100,-2.19,-10.20,0.00,10,55.416200 12.873400,2,2026-05-29 09:08:38,-477,-1022,-408,0,-430,1,44,-13,322,0,0,-1,-1,-1,-1,-1,1,0,-1,-1,-1,1,36,515,-408,-183,36,0,0,0,0,0,0,0,298,0,0,0,0,0,0,0,0,0,0,0,0,0,0,0,0,0,0,0,0,0,0,0,0,0,0,0,0,0,0,0,0,0,0,0,0,0,0,0,0,0,0,0,0,0,0,0,0,0,0,0,
2026-05-29,09:08:38.100,8.31,100,78,0,-0.119,5.89,25,1.662,75,0,0.340,100,100,0.83,-10.36,0.00,10,55.416200 12.873400,2,2026-05-29 09:08:38,-590,-1022,-317,-16,-430,2,43,-14,321,0,0,-1,-1,-1,-1,-1,1,0,-1,-1,-1,1,42,516,-316,-236,42,0,0,0,0,0,0,0,298,0,0,0,0,0,0,0,0,0,0,0,0,0,0,0,0,0,0,0,0,0,0,0,0,0,0,0,0,0,0,0,0,0,0,0,0,0,0,0,0,0,0,0,0,0,0,0,0,0,0,0,
2026-05-29,09:08:38.210,8.31,100,77,0,-0.103,5.91,25,0.420,75,0,0.011,100,100,-4.61,-9.61,0.00,10,55.416200 12.873400,2,2026-05-29 09:08:38,-509,-1023,-305,0,-430,0,44,-17,322,0,0,-1,-1,-1,-1,-1,1,0,-1,-1,-1,1,36,516,-306,-197,36,0,0,0,0,0,0,0,297,0,0,0,0,0,0,0,0,0,0,0,0,0,0,0,0,0,0,0,0,0,0,0,0,0,0,0,0,0,0,0,0,0,0,0,0,0,0,0,0,0,0,0,0,0,0,0,0,0,0,0,
2026-05-29,09:08:38.330,8.31,100,75,0,-0.166,5.91,25,1.332,75,0,0.087,100,100,-4.61,-9.61,0.00,10,55.416200 12.873400,2,2026-05-29 09:08:38,-441,-1023,-222,-64,-430,0,44,-8,322,0,0,-1,-1,-1,-1,-1,1,0,-1,-1,-1,1,57,516,-222,-167,57,0,0,0,0,0,0,0,297,0,0,0,0,0,0,0,0,0,0,0,0,0,0,0,0,0,0,0,0,0,0,0,0,0,0,0,0,0,0,0,0,0,0,0,0,0,0,0,0,0,0,0,0,0,0,0,0,0,0,0,
2026-05-29,09:08:38.450,8.31,100,74,0,-0.166,5.91,25,1.332,73,0,0.087,100,100,-0.94,-9.70,0.00,9,55.416200 12.873400,2,2026-05-29 09:08:38,-342,-1023,-218,-91,-429,0,44,-7,322,0,0,-1,-1,-1,-1,-1,1,0,-1,-1,-1,1,68,516,-218,-126,68,0,0,0,0,0,0,0,298,0,0,0,0,0,0,0,0,0,0,0,0,0,0,0,0,0,0,0,0,0,0,0,0,0,0,0,0,0,0,0,0,0,0,0,0,0,0,0,0,0,0,0,0,0,0,0,0,0,0,0,
2026-05-29,09:08:38.560,8.31,100,76,0,-0.310,5.93,25,0.346,75,0,0.047,100,100,-0.13,-8.93,0.00,9,55.416200 12.873400,2,2026-05-29 09:08:38,-394,-1023,-219,-44,-430,0,44,-5,322,0,0,-1,-1,-1,-1,-1,1,0,-1,-1,-1,1,51,516,-219,-147,51,0,0,0,0,0,0,0,297,0,0,0,0,0,0,0,0,0,0,0,0,0,0,0,0,0,0,0,0,0,0,0,0,0,0,0,0,0,0,0,0,0,0,0,0,0,0,0,0,0,0,0,0,0,0,0,0,0,0,0,
2026-05-29,09:08:38.710,8.31,100,77,0,-0.264,5.92,25,1.609,76,0,0.530,100,100,-0.09,-9.24,0.00,9,55.416200 12.873400,2,2026-05-29 09:08:38,-404,-1022,-224,0,-429,0,44,-1,321,0,0,-1,-1,-1,-1,-1,1,0,-1,-1,-1,1,36,515,-225,-152,36,0,0,0,0,0,0,0,298,0,0,0,0,0,0,0,0,0,0,0,0,0,0,0,0,0,0,0,0,0,0,0,0,0,0,0,0,0,0,0,0,0,0,0,0,0,0,0,0,0,0,0,0,0,0,0,0,0,0,0,
2026-05-29,09:08:38.820,8.31,100,77,0,-0.280,5.92,25,1.609,77,0,0.530,100,100,-0.09,-9.24,0.00,9,55.416200 12.873400,2,2026-05-29 09:08:38,-540,-1023,-224,-7,-429,0,44,0,322,0,0,-1,-1,-1,-1,-1,1,0,-1,-1,-1,1,39,516,-224,-212,39,0,0,0,0,0,0,0,298,0,0,0,0,0,0,0,0,0,0,0,0,0,0,0,0,0,0,0,0,0,0,0,0,0,0,0,0,0,0,0,0,0,0,0,0,0,0,0,0,0,0,0,0,0,0,0,0,0,0,0,
2026-05-29,09:08:38.950,8.31,100,80,0,-0.280,5.91,25,0.863,78,0,0.147,100,100,-1.91,-8.75,0.00,11,55.416200 12.873400,2,2026-05-29 09:08:38,-587,-1022,-558,-20,-430,1,45,-17,322,0,0,-1,-1,-1,-1,-1,1,0,-1,-1,-1,1,43,515,-558,-234,43,0,0,0,0,0,0,0,297,0,0,0,0,0,0,0,0,0,0,0,0,0,0,0,0,0,0,0,0,0,0,0,0,0,0,0,0,0,0,0,0,0,0,0,0,0,0,0,0,0,0,0,0,0,0,0,0,0,0,0,
2026-05-29,09:08:39.070,8.31,100,80,0,-0.234,5.91,25,1.425,75,0,0.346,100,100,1.38,-9.70,0.00,11,55.416200 12.873400,2,2026-05-29 09:08:39,-608,-1022,-573,0,-430,0,44,-16,321,0,0,-1,-1,-1,-1,-1,1,0,-1,-1,-1,1,36,515,-573,-246,36,0,0,0,0,0,0,0,297,0,0,0,0,0,0,0,0,0,0,0,0,0,0,0,0,0,0,0,0,0,0,0,0,0,0,0,0,0,0,0,0,0,0,0,0,0,0,0,0,0,0,0,0,0,0,0,0,0,0,0,
2026-05-29,09:08:39.180,8.31,100,82,0,-0.017,5.93,25,1.294,75,0,0.315,100,100,1.71,-10.28,0.00,11,55.416200 12.873400,2,2026-05-29 09:08:39,-644,-1023,-491,-4,-430,0,44,-9,322,0,0,-1,-1,-1,-1,-1,1,0,-1,-1,-1,1,38,516,-491,-264,38,0,0,0,0,0,0,0,297,0,0,0,0,0,0,0,0,0,0,0,0,0,0,0,0,0,0,0,0,0,0,0,0,0,0,0,0,0,0,0,0,0,0,0,0,0,0,0,0,0,0,0,0,0,0,0,0,0,0,0,
2026-05-29,09:08:39.300,8.31,100,82,0,-0.017,5.92,25,1.294,75,0,0.315,100,100,1.71,-10.28,0.00,11,55.416200 12.873400,2,2026-05-29 09:08:39,-741,-1023,-574,0,-429,0,44,-16,321,0,0,-1,-1,-1,-1,-1,1,0,-1,-1,-1,1,36,516,-574,-318,36,0,0,0,0,0,0,0,298,0,0,0,0,0,0,0,0,0,0,0,0,0,0,0,0,0,0,0,0,0,0,0,0,0,0,0,0,0,0,0,0,0,0,0,0,0,0,0,0,0,0,0,0,0,0,0,0,0,0,0,
2026-05-29,09:08:39.420,8.32,100,83,0,0.033,5.91,25,1.934,77,0,0.453,100,100,-1.96,-10.22,0.00,11,55.416200 12.873400,2,2026-05-29 09:08:39,-676,-1023,-580,-17,-430,0,44,-7,322,0,0,-1,-1,-1,-1,-1,1,0,-1,-1,-1,1,42,516,-580,-280,42,0,0,0,0,0,0,0,298,0,0,0,0,0,0,0,0,0,0,0,0,0,0,0,0,0,0,0,0,0,0,0,0,0,0,0,0,0,0,0,0,0,0,0,0,0,0,0,0,0,0,0,0,0,0,0,0,0,0,0,
2026-05-29,09:08:39.540,8.32,100,84,0,0.000,5.91,25,1.128,81,0,0.185,100,100,-0.31,-10.93,0.00,11,55.416200 12.873400,2,2026-05-29 09:08:39,-735,-1023,-581,-5,-429,0,44,-20,321,0,0,-1,-1,-1,-1,-1,1,0,-1,-1,-1,1,38,516,-581,-314,38,0,0,0,0,0,0,0,298,0,0,0,0,0,0,0,0,0,0,0,0,0,0,0,0,0,0,0,0,0,0,0,0,0,0,0,0,0,0,0,0,0,0,0,0,0,0,0,0,0,0,0,0,0,0,0,0,0,0,0,
2026-05-29,09:08:39.660,8.32,100,84,0,0.035,5.91,25,1.128,81,0,0.125,99,100,-0.31,-10.93,0.00,11,55.416200 12.873400,2,2026-05-29 09:08:39,-772,-1022,-507,-44,-429,1,45,-19,322,0,0,-1,-1,-1,-1,-1,1,0,-1,-1,-1,1,51,515,-507,-336,51,0,0,0,0,0,0,0,298,0,0,0,0,0,0,0,0,0,0,0,0,0,0,0,0,0,0,0,0,0,0,0,0,0,0,0,0,0,0,0,0,0,0,0,0,0,0,0,0,0,0,0,0,0,0,0,0,0,0,0,
2026-05-29,09:08:39.780,8.32,100,85,0,0.035,5.90,25,0.460,78,0,0.125,99,100,-0.21,-11.13,0.00,11,55.416200 12.873400,2,2026-05-29 09:08:39,-728,-1022,-603,0,-429,0,44,-7,321,0,0,-1,-1,-1,-1,-1,1,0,-1,-1,-1,1,36,515,-603,-310,36,0,0,0,0,0,0,0,298,0,0,0,0,0,0,0,0,0,0,0,0,0,0,0,0,0,0,0,0,0,0,0,0,0,0,0,0,0,0,0,0,0,0,0,0,0,0,0,0,0,0,0,0,0,0,0,0,0,0,0,
2026-05-29,09:08:39.900,8.31,100,86,0,-0.039,5.89,25,0.446,77,0,0.010,99,100,0.09,-10.35,0.00,11,55.416200 12.873400,2,2026-05-29 09:08:39,-743,-1022,-596,0,-429,0,45,-20,321,0,0,-1,-1,-1,-1,-1,1,0,-1,-1,-1,1,36,515,-596,-319,36,0,0,0,0,0,0,0,298,0,0,0,0,0,0,0,0,0,0,0,0,0,0,0,0,0,0,0,0,0,0,0,0,0,0,0,0,0,0,0,0,0,0,0,0,0,0,0,0,0,0,0,0,0,0,0,0,0,0,0,
2026-05-29,09:08:40.020,8.31,100,87,0,0.002,5.92,25,0.175,77,0,0.061,99,100,0.02,-10.77,0.00,9,55.416200 12.873400,2,2026-05-29 09:08:40,-751,-1023,-590,0,-430,0,45,-6,321,0,0,-1,-1,-1,-1,-1,1,0,-1,-1,-1,1,36,516,-590,-324,36,0,0,0,0,0,0,0,297,0,0,0,0,0,0,0,0,0,0,0,0,0,0,0,0,0,0,0,0,0,0,0,0,0,0,0,0,0,0,0,0,0,0,0,0,0,0,0,0,0,0,0,0,0,0,0,0,0,0,0,
2026-05-29,09:08:40.140,8.31,100,87,0,0.002,5.92,25,0.175,76,0,0.061,99,100,0.02,-10.77,0.00,9,55.416200 12.873400,2,2026-05-29 09:08:40,-776,-1023,-587,0,-429,0,43,-20,322,0,0,-1,-1,-1,-1,-1,1,0,-1,-1,-1,1,36,516,-587,-339,36,0,0,0,0,0,0,0,298,0,0,0,0,0,0,0,0,0,0,0,0,0,0,0,0,0,0,0,0,0,0,0,0,0,0,0,0,0,0,0,0,0,0,0,0,0,0,0,0,0,0,0,0,0,0,0,0,0,0,0,
2026-05-29,09:08:40.250,8.31,100,87,0,0.121,5.94,25,1.446,74,0,0.107,99,100,0.16,-9.12,0.00,9,55.416200 12.873400,2,2026-05-29 09:08:40,-809,-1021,-508,0,-430,0,44,-4,322,0,0,-1,-1,-1,-1,-1,1,0,-1,-1,-1,1,36,514,-508,-359,36,0,0,0,0,0,0,0,298,0,0,0,0,0,0,0,0,0,0,0,0,0,0,0,0,0,0,0,0,0,0,0,0,0,0,0,0,0,0,0,0,0,0,0,0,0,0,0,0,0,0,0,0,0,0,0,0,0,0,0,
2026-05-29,09:08:40.370,8.31,100,87,0,0.010,5.93,25,0.877,74,0,-0.006,99,100,-1.29,-8.94,0.00,9,55.416200 12.873400,2,2026-05-29 09:08:40,-863,-1022,-506,0,-429,0,45,-4,322,0,0,-1,-1,-1,-1,-1,1,0,-1,-1,-1,1,36,515,-506,-394,36,0,0,0,0,0,0,0,298,0,0,0,0,0,0,0,0,0,0,0,0,0,0,0,0,0,0,0,0,0,0,0,0,0,0,0,0,0,0,0,0,0,0,0,0,0,0,0,0,0,0,0,0,0,0,0,0,0,0,0,
2026-05-29,09:08:40.490,8.31,100,88,0,0.010,5.92,25,0.877,75,0,-0.006,100,100,-1.29,-8.94,0.00,7,55.416200 12.873400,2,2026-05-29 09:08:40,-905,-1023,-484,0,-430,0,45,-15,322,0,0,-1,-1,-1,-1,-1,1,0,-1,-1,-1,1,36,516,-484,-423,36,0,0,0,0,0,0,0,297,0,0,0,0,0,0,0,0,0,0,0,0,0,0,0,0,0,0,0,0,0,0,0,0,0,0,0,0,0,0,0,0,0,0,0,0,0,0,0,0,0,0,0,0,0,0,0,0,0,0,0,
2026-05-29,09:08:40.630,8.31,100,88,0,-0.071,5.94,25,0.530,76,0,0.023,100,100,0.20,-8.75,0.00,7,55.416200 12.873400,2,2026-05-29 09:08:40,-931,-1023,-445,0,-430,0,44,-18,322,0,0,-1,-1,-1,-1,-1,1,0,-1,-1,-1,1,36,516,-447,-458,36,0,0,0,0,0,0,0,298,0,0,0,0,0,0,0,0,0,0,0,0,0,0,0,0,0,0,0,0,0,0,0,0,0,0,0,0,0,0,0,0,0,0,0,0,0,0,0,0,0,0,0,0,0,0,0,0,0,0,0,
2026-05-29,09:08:40.750,8.31,100,88,0,-0.035,5.93,25,0.900,76,0,0.029,100,100,1.76,-7.84,0.00,7,55.416200 12.873400,2,2026-05-29 09:08:40,-975,-1023,-427,-23,-429,1,43,-19,321,0,0,-1,-1,-1,-1,-1,1,0,-1,-1,-1,1,45,516,-427,-474,45,0,0,0,0,0,0,0,298,0,0,0,0,0,0,0,0,0,0,0,0,0,0,0,0,0,0,0,0,0,0,0,0,0,0,0,0,0,0,0,0,0,0,0,0,0,0,0,0,0,0,0,0,0,0,0,0,0,0,0,
2026-05-29,09:08:40.870,8.31,100,89,0,-0.155,5.92,25,0.897,77,0,0.063,100,100,0.65,-8.05,0.00,7,55.416200 12.873400,2,2026-05-29 09:08:40,-954,-1023,-498,0,-429,1,43,-21,322,0,0,-1,-1,-1,-1,-1,1,0,-1,-1,-1,1,36,516,-498,-458,36,0,0,0,0,0,0,0,298,0,0,0,0,0,0,0,0,0,0,0,0,0,0,0,0,0,0,0,0,0,0,0,0,0,0,0,0,0,0,0,0,0,0,0,0,0,0,0,0,0,0,0,0,0,0,0,0,0,0,0,
2026-05-29,09:08:40.980,8.31,100,88,0,-0.155,5.91,25,0.897,78,0,0.063,100,100,0.65,-8.05,0.00,3,55.416300 12.873400,3,2026-05-29 09:08:40,-930,-1022,-403,0,-430,0,45,-5,322,0,0,-1,-1,-1,-1,-1,1,0,-1,-1,-1,1,36,515,-403,-441,36,0,0,0,0,0,0,0,297,0,0,0,0,0,0,0,0,0,0,0,0,0,0,0,0,0,0,0,0,0,0,0,0,0,0,0,0,0,0,0,0,0,0,0,0,0,0,0,0,0,0,0,0,0,0,0,0,0,0,0,
2026-05-29,09:08:41.090,8.31,100,87,0,-0.149,5.93,25,0.730,80,0,-0.012,100,100,0.49,-7.36,0.00,3,55.416300 12.873400,3,2026-05-29 09:08:41,-946,-1023,-322,0,-430,0,44,-18,322,0,0,-1,-1,-1,-1,-1,1,0,-1,-1,-1,1,36,516,-322,-453,36,0,0,0,0,0,0,0,297,0,0,0,0,0,0,0,0,0,0,0,0,0,0,0,0,0,0,0,0,0,0,0,0,0,0,0,0,0,0,0,0,0,0,0,0,0,0,0,0,0,0,0,0,0,0,0,0,0,0,0,
2026-05-29,09:08:41.200,8.32,100,87,0,-0.188,5.92,25,0.929,80,0,0.024,100,100,0.49,-7.36,0.00,3,55.416300 12.873400,3,2026-05-29 09:08:41,-986,-1024,-321,0,-429,0,44,-16,322,0,0,-1,-1,-1,-1,-1,1,0,-1,-1,-1,1,36,516,-321,-483,36,0,0,0,0,0,0,0,297,0,0,0,0,0,0,0,0,0,0,0,0,0,0,0,0,0,0,0,0,0,0,0,0,0,0,0,0,0,0,0,0,0,0,0,0,0,0,0,0,0,0,0,0,0,0,0,0,0,0,0,
2026-05-29,09:08:41.320,8.31,100,87,0,-0.188,5.91,25,0.929,83,0,0.024,100,100,1.75,-7.13,0.00,3,55.416300 12.873400,3,2026-05-29 09:08:41,-972,-1023,-320,0,-430,0,44,-4,322,0,0,-1,-1,-1,-1,-1,1,0,-1,-1,-1,1,36,516,-320,-472,36,0,0,0,0,0,0,0,297,0,0,0,0,0,0,0,0,0,0,0,0,0,0,0,0,0,0,0,0,0,0,0,0,0,0,0,0,0,0,0,0,0,0,0,0,0,0,0,0,0,0,0,0,0,0,0,0,0,0,0,
2026-05-29,09:08:41.440,8.32,100,88,0,-0.261,5.91,25,1.011,84,0,0.061,100,100,2.20,-7.83,0.00,2,55.416300 12.873400,3,2026-05-29 09:08:41,-947,-1022,-290,0,-429,1,44,-6,322,0,0,-1,-1,-1,-1,-1,1,0,-1,-1,-1,1,36,515,-290,-453,36,0,0,0,0,0,0,0,298,0,0,0,0,0,0,0,0,0,0,0,0,0,0,0,0,0,0,0,0,0,0,0,0,0,0,0,0,0,0,0,0,0,0,0,0,0,0,0,0,0,0,0,0,0,0,0,0,0,0,0,
2026-05-29,09:08:41.550,8.31,100,87,0,-0.190,5.91,25,0.802,86,0,0.000,100,100,2.19,-7.62,0.00,2,55.416300 12.873400,3,2026-05-29 09:08:41,-950,-1022,-286,0,-430,0,44,0,321,0,0,-1,-1,-1,-1,-1,1,0,-1,-1,-1,1,36,515,-286,-455,36,0,0,0,0,0,0,0,297,0,0,0,0,0,0,0,0,0,0,0,0,0,0,0,0,0,0,0,0,0,0,0,0,0,0,0,0,0,0,0,0,0,0,0,0,0,0,0,0,0,0,0,0,0,0,0,0,0,0,0,
2026-05-29,09:08:41.670,8.32,100,87,0,-0.190,5.91,25,0.802,87,0,0.000,100,100,2.19,-7.62,0.00,2,55.416300 12.873400,3,2026-05-29 09:08:41,-675,-1023,-287,0,-429,1,46,-17,321,0,0,-1,-1,-1,-1,-1,1,0,-1,-1,-1,1,36,515,-287,-280,36,0,0,0,0,0,0,0,298,0,0,0,0,0,0,0,0,0,0,0,0,0,0,0,0,0,0,0,0,0,0,0,0,0,0,0,0,0,0,0,0,0,0,0,0,0,0,0,0,0,0,0,0,0,0,0,0,0,0,0,
2026-05-29,09:08:41.790,8.32,100,87,0,-0.186,5.93,25,1.028,88,0,0.059,100,100,1.87,-7.58,0.00,2,55.416300 12.873400,3,2026-05-29 09:08:41,-731,-1023,-297,0,-429,1,45,-1,322,0,0,-1,-1,-1,-1,-1,1,0,-1,-1,-1,1,36,516,-297,-312,36,0,0,0,0,0,0,0,298,0,0,0,0,0,0,0,0,0,0,0,0,0,0,0,0,0,0,0,0,0,0,0,0,0,0,0,0,0,0,0,0,0,0,0,0,0,0,0,0,0,0,0,0,0,0,0,0,0,0,0,
2026-05-29,09:08:41.910,8.32,100,87,0,-0.192,5.92,25,0.810,89,0,-0.014,100,100,3.23,-7.79,0.00,2,55.416300 12.873400,3,2026-05-29 09:08:41,-877,-1023,-145,-34,-429,0,46,-1,322,0,0,-1,-1,-1,-1,-1,1,0,-1,-1,-1,1,48,516,-145,-403,48,0,0,0,0,0,0,0,298,0,0,0,0,0,0,0,0,0,0,0,0,0,0,0,0,0,0,0,0,0,0,0,0,0,0,0,0,0,0,0,0,0,0,0,0,0,0,0,0,0,0,0,0,0,0,0,0,0,0,0,
2026-05-29,09:08:42.030,8.32,100,87,0,-0.355,5.92,25,0.810,90,0,-0.014,100,100,3.23,-7.79,0.00,2,55.416300 12.873400,3,2026-05-29 09:08:42,-792,-1022,-325,0,-429,0,44,-4,322,0,0,-1,-1,-1,-1,-1,1,0,-1,-1,-1,1,36,515,-325,-349,36,0,0,0,0,0,0,0,298,0,0,0,0,0,0,0,0,0,0,0,0,0,0,0,0,0,0,0,0,0,0,0,0,0,0,0,0,0,0,0,0,0,0,0,0,0,0,0,0,0,0,0,0,0,0,0,0,0,0,0,
2026-05-29,09:08:42.140,8.31,100,86,0,-0.355,5.94,25,0.928,90,0,-0.110,100,100,1.32,-8.09,0.00,2,55.416300 12.873400,3,2026-05-29 09:08:42,-714,-1022,-318,0,-430,1,44,-17,322,0,0,-1,-1,-1,-1,-1,1,0,-1,-1,-1,1,36,515,-318,-302,36,0,0,0,0,0,0,0,297,0,0,0,0,0,0,0,0,0,0,0,0,0,0,0,0,0,0,0,0,0,0,0,0,0,0,0,0,0,0,0,0,0,0,0,0,0,0,0,0,0,0,0,0,0,0,0,0,0,0,0,
2026-05-29,09:08:42.260,8.31,100,86,0,-0.191,5.93,25,0.881,90,0,0.273,100,100,3.04,-9.22,0.00,2,55.416300 12.873400,3,2026-05-29 09:08:42,-743,-1023,-318,0,-429,1,45,-17,321,0,0,-1,-1,-1,-1,-1,1,0,-1,-1,-1,1,36,516,-318,-319,36,0,0,0,0,0,0,0,298,0,0,0,0,0,0,0,0,0,0,0,0,0,0,0,0,0,0,0,0,0,0,0,0,0,0,0,0,0,0,0,0,0,0,0,0,0,0,0,0,0,0,0,0,0,0,0,0,0,0,0,
2026-05-29,09:08:42.380,8.32,100,86,0,-0.233,5.91,25,1.013,91,0,-0.047,100,100,0.20,-8.73,0.00,2,55.416300 12.873400,3,2026-05-29 09:08:42,-775,-1023,-380,0,-429,2,45,-1,322,0,0,-1,-1,-1,-1,-1,1,0,-1,-1,-1,1,36,516,-380,-338,36,0,0,0,0,0,0,0,298,0,0,0,0,0,0,0,0,0,0,0,0,0,0,0,0,0,0,0,0,0,0,0,0,0,0,0,0,0,0,0,0,0,0,0,0,0,0,0,0,0,0,0,0,0,0,0,0,0,0,0,
2026-05-29,09:08:42.490,8.31,100,86,0,-0.233,5.94,25,1.013,90,0,-0.047,100,100,0.20,-8.73,0.00,3,55.416300 12.873400,3,2026-05-29 09:08:42,-743,-1022,-320,0,-430,0,44,-7,322,0,0,-1,-1,-1,-1,-1,1,0,-1,-1,-1,1,36,515,-320,-319,36,0,0,0,0,0,0,0,297,0,0,0,0,0,0,0,0,0,0,0,0,0,0,0,0,0,0,0,0,0,0,0,0,0,0,0,0,0,0,0,0,0,0,0,0,0,0,0,0,0,0,0,0,0,0,0,0,0,0,0,
2026-05-29,09:08:42.610,8.31,100,86,0,-0.178,5.93,25,0.813,91,0,0.151,100,100,1.05,-9.11,0.00,3,55.416300 12.873400,3,2026-05-29 09:08:42,-806,-1023,-322,0,-430,0,45,-16,322,0,0,-1,-1,-1,-1,-1,1,0,-1,-1,-1,1,36,516,-322,-357,36,0,0,0,0,0,0,0,297,0,0,0,0,0,0,0,0,0,0,0,0,0,0,0,0,0,0,0,0,0,0,0,0,0,0,0,0,0,0,0,0,0,0,0,0,0,0,0,0,0,0,0,0,0,0,0,0,0,0,0,
2026-05-29,09:08:42.750,8.31,100,86,0,-0.220,5.92,25,1.366,91,0,0.031,100,100,1.16,-8.87,0.00,3,55.416300 12.873400,3,2026-05-29 09:08:42,-805,-1023,-321,0,-429,2,44,-18,321,0,0,-1,-1,-1,-1,-1,1,0,-1,-1,-1,1,36,516,-321,-357,36,0,0,0,0,0,0,0,298,0,0,0,0,0,0,0,0,0,0,0,0,0,0,0,0,0,0,0,0,0,0,0,0,0,0,0,0,0,0,0,0,0,0,0,0,0,0,0,0,0,0,0,0,0,0,0,0,0,0,0,
2026-05-29,09:08:42.870,8.31,100,86,0,-0.220,5.94,25,1.366,91,0,0.031,100,100,1.16,-8.87,0.00,3,55.416300 12.873400,3,2026-05-29 09:08:42,-847,-1023,-322,0,-429,1,43,0,321,0,0,-1,-1,-1,-1,-1,1,0,-1,-1,-1,1,36,516,-322,-383,36,0,0,0,0,0,0,0,298,0,0,0,0,0,0,0,0,0,0,0,0,0,0,0,0,0,0,0,0,0,0,0,0,0,0,0,0,0,0,0,0,0,0,0,0,0,0,0,0,0,0,0,0,0,0,0,0,0,0,0,
2026-05-29,09:08:43.010,8.31,100,85,0,-0.038,5.95,25,1.277,89,0,0.151,100,100,1.68,-9.01,0.00,4,55.416300 12.873400,3,2026-05-29 09:08:43,-993,-1023,-321,0,-430,0,44,-5,322,0,0,-1,-1,-1,-1,-1,1,0,-1,-1,-1,1,36,516,-321,-488,36,0,0,0,0,0,0,0,297,0,0,0,0,0,0,0,0,0,0,0,0,0,0,0,0,0,0,0,0,0,0,0,0,0,0,0,0,0,0,0,0,0,0,0,0,0,0,0,0,0,0,0,0,0,0,0,0,0,0,0,
2026-05-29,09:08:43.130,8.31,100,85,0,-0.188,5.94,25,0.581,89,0,0.027,100,100,1.79,-8.91,0.00,4,55.416300 12.873400,3,2026-05-29 09:08:43,-969,-1019,-326,0,-430,1,45,-5,322,0,0,-1,-1,-1,-1,-1,1,0,-1,-1,-1,1,36,512,-326,-470,36,0,0,0,0,0,0,0,297,0,0,0,0,0,0,0,0,0,0,0,0,0,0,0,0,0,0,0,0,0,0,0,0,0,0,0,0,0,0,0,0,0,0,0,0,0,0,0,0,0,0,0,0,0,0,0,0,0,0,0,
2026-05-29,09:08:43.240,8.31,100,85,0,-0.106,5.95,25,1.388,88,0,-0.016,100,100,1.08,-9.32,0.00,4,55.416300 12.873400,3,2026-05-29 09:08:43,-961,-1020,-321,0,-429,0,44,-2,322,0,0,-1,-1,-1,-1,-1,1,0,-1,-1,-1,1,36,513,-321,-463,36,0,0,0,0,0,0,0,297,0,0,0,0,0,0,0,0,0,0,0,0,0,0,0,0,0,0,0,0,0,0,0,0,0,0,0,0,0,0,0,0,0,0,0,0,0,0,0,0,0,0,0,0,0,0,0,0,0,0,0,
2026-05-29,09:08:43.360,8.31,100,85,0,-0.106,5.93,25,1.388,87,0,-0.016,100,100,1.08,-9.32,0.00,4,55.416300 12.873400,3,2026-05-29 09:08:43,-977,-1023,-321,0,-430,0,45,-18,322,0,0,-1,-1,-1,-1,-1,1,0,-1,-1,-1,1,36,516,-321,-475,36,0,0,0,0,0,0,0,297,0,0,0,0,0,0,0,0,0,0,0,0,0,0,0,0,0,0,0,0,0,0,0,0,0,0,0,0,0,0,0,0,0,0,0,0,0,0,0,0,0,0,0,0,0,0,0,0,0,0,0,
2026-05-29,09:08:43.480,8.31,100,84,0,-0.081,5.92,25,1.225,87,0,0.383,100,100,2.41,-9.88,0.00,4,55.416300 12.873400,3,2026-05-29 09:08:43,-1016,-1023,-417,0,-429,0,44,-3,322,0,0,-1,-1,-1,-1,-1,1,0,-1,-1,-1,1,36,515,-417,-506,36,0,0,0,0,0,0,0,298,0,0,0,0,0,0,0,0,0,0,0,0,0,0,0,0,0,0,0,0,0,0,0,0,0,0,0,0,0,0,0,0,0,0,0,0,0,0,0,0,0,0,0,0,0,0,0,0,0,0,0,
2026-05-29,09:08:43.590,8.31,100,84,0,-0.108,5.94,25,0.998,87,0,-0.023,100,100,1.66,-9.87,0.00,4,55.416300 12.873400,3,2026-05-29 09:08:43,-1021,-1023,-411,0,-430,0,45,-22,322,0,0,-1,-1,-1,-1,-1,1,0,-1,-1,-1,1,36,516,-411,-510,36,0,0,0,0,0,0,0,297,0,0,0,0,0,0,0,0,0,0,0,0,0,0,0,0,0,0,0,0,0,0,0,0,0,0,0,0,0,0,0,0,0,0,0,0,0,0,0,0,0,0,0,0,0,0,0,0,0,0,0,
2026-05-29,09:08:43.710,8.31,100,83,0,-0.108,5.93,25,0.998,87,0,-0.023,100,100,1.66,-9.87,0.00,4,55.416300 12.873400,3,2026-05-29 09:08:43,-1023,-1022,-410,2,-429,1,44,-11,322,0,0,-1,-1,-1,-1,-1,1,0,-1,-1,-1,1,35,515,-410,-512,35,0,0,0,0,0,0,0,298,0,0,0,0,0,0,0,0,0,0,0,0,0,0,0,0,0,0,0,0,0,0,0,0,0,0,0,0,0,0,0,0,0,0,0,0,0,0,0,0,0,0,0,0,0,0,0,0,0,0,0,
2026-05-29,09:08:43.820,8.31,100,82,0,-0.089,5.93,25,1.287,88,0,-0.010,100,100,1.30,-10.25,0.00,4,55.416300 12.873400,3,2026-05-29 09:08:43,-1023,-1022,-410,20,-429,0,44,-2,321,0,0,-1,-1,-1,-1,-1,1,0,-1,-1,-1,1,29,515,-410,-512,29,0,0,0,0,0,0,0,298,0,0,0,0,0,0,0,0,0,0,0,0,0,0,0,0,0,0,0,0,0,0,0,0,0,0,0,0,0,0,0,0,0,0,0,0,0,0,0,0,0,0,0,0,0,0,0,0,0,0,0,
2026-05-29,09:08:43.940,8.31,100,80,0,-0.171,5.91,25,1.146,87,0,0.216,100,100,1.66,-10.77,0.00,3,55.416300 12.873400,3,2026-05-29 09:08:43,-1015,-1023,-410,0,-430,0,44,-9,322,0,0,-1,-1,-1,-1,-1,1,0,-1,-1,-1,1,36,515,-410,-505,36,0,0,0,0,0,0,0,297,0,0,0,0,0,0,0,0,0,0,0,0,0,0,0,0,0,0,0,0,0,0,0,0,0,0,0,0,0,0,0,0,0,0,0,0,0,0,0,0,0,0,0,0,0,0,0,0,0,0,0,
2026-05-29,09:08:44.060,8.31,100,79,0,-0.104,5.91,25,0.966,86,0,0.053,100,100,1.66,-10.77,0.00,3,55.416300 12.873400,3,2026-05-29 09:08:44,-1023,-1023,-414,0,-429,0,45,-8,321,0,0,-1,-1,-1,-1,-1,1,0,-1,-1,-1,1,36,516,-414,-512,36,0,0,0,0,0,0,0,298,0,0,0,0,0,0,0,0,0,0,0,0,0,0,0,0,0,0,0,0,0,0,0,0,0,0,0,0,0,0,0,0,0,0,0,0,0,0,0,0,0,0,0,0,0,0,0,0,0,0,0,
2026-05-29,09:08:44.200,8.31,100,78,0,-0.104,5.91,25,0.966,84,0,0.053,100,100,1.47,-10.40,0.00,3,55.416300 12.873400,3,2026-05-29 09:08:44,-1024,-1022,-323,0,-430,0,44,-2,322,0,0,-1,-1,-1,-1,-1,1,0,-1,-1,-1,1,36,515,-323,-512,36,0,0,0,0,0,0,0,297,0,0,0,0,0,0,0,0,0,0,0,0,0,0,0,0,0,0,0,0,0,0,0,0,0,0,0,0,0,0,0,0,0,0,0,0,0,0,0,0,0,0,0,0,0,0,0,0,0,0,0,
2026-05-29,09:08:44.320,8.31,100,77,0,-0.037,5.91,25,1.373,81,0,0.119,100,100,2.05,-10.04,0.00,3,55.416300 12.873400,3,2026-05-29 09:08:44,-1024,-1019,-366,30,-430,0,44,-5,322,0,0,-1,-1,-1,-1,-1,1,0,-1,-1,-1,1,25,512,-366,-512,25,0,0,0,0,0,0,0,297,0,0,0,0,0,0,0,0,0,0,0,0,0,0,0,0,0,0,0,0,0,0,0,0,0,0,0,0,0,0,0,0,0,0,0,0,0,0,0,0,0,0,0,0,0,0,0,0,0,0,0,
2026-05-29,09:08:44.430,8.31,100,75,0,-0.095,5.90,25,1.156,81,0,-0.117,100,100,1.21,-9.68,0.00,3,55.416300 12.873400,3,2026-05-29 09:08:44,-1024,-1020,-366,0,-430,3,44,0,322,0,0,-1,-1,-1,-1,-1,1,0,-1,-1,-1,1,36,513,-366,-512,36,0,0,0,0,0,0,0,297,0,0,0,0,0,0,0,0,0,0,0,0,0,0,0,0,0,0,0,0,0,0,0,0,0,0,0,0,0,0,0,0,0,0,0,0,0,0,0,0,0,0,0,0,0,0,0,0,0,0,0,
2026-05-29,09:08:44.570,8.31,100,71,0,-0.202,5.90,25,1.156,81,0,-0.117,100,100,1.21,-9.68,0.00,3,55.416300 12.873400,3,2026-05-29 09:08:44,-1023,-1023,-491,31,-430,0,44,-4,322,0,0,-1,-1,-1,-1,-1,1,0,-1,-1,-1,1,24,516,-491,-512,24,0,0,0,0,0,0,0,297,0,0,0,0,0,0,0,0,0,0,0,0,0,0,0,0,0,0,0,0,0,0,0,0,0,0,0,0,0,0,0,0,0,0,0,0,0,0,0,0,0,0,0,0,0,0,0,0,0,0,0,
2026-05-29,09:08:44.690,8.31,100,69,0,-0.202,5.90,25,0.874,81,0,-0.016,100,100,0.92,-9.23,0.00,3,55.416300 12.873400,3,2026-05-29 09:08:44,-1024,-1022,-416,0,-430,1,44,-17,322,0,0,-1,-1,-1,-1,-1,1,0,-1,-1,-1,1,36,515,-416,-512,36,0,0,0,0,0,0,0,297,0,0,0,0,0,0,0,0,0,0,0,0,0,0,0,0,0,0,0,0,0,0,0,0,0,0,0,0,0,0,0,0,0,0,0,0,0,0,0,0,0,0,0,0,0,0,0,0,0,0,0,
2026-05-29,09:08:44.810,8.31,100,68,0,-0.044,5.93,25,1.080,81,0,0.070,100,100,1.06,-8.66,0.00,3,55.416300 12.873400,3,2026-05-29 09:08:44,-1023,-1023,-397,0,-430,1,44,-20,322,0,0,-1,-1,-1,-1,-1,1,0,-1,-1,-1,1,36,516,-397,-512,36,0,0,0,0,0,0,0,297,0,0,0,0,0,0,0,0,0,0,0,0,0,0,0,0,0,0,0,0,0,0,0,0,0,0,0,0,0,0,0,0,0,0,0,0,0,0,0,0,0,0,0,0,0,0,0,0,0,0,0,
2026-05-29,09:08:44.950,8.31,100,69,0,-0.053,5.96,25,0.985,81,0,0.017,100,100,1.20,-8.58,0.00,1,55.416300 12.873400,3,2026-05-29 09:08:44,-1023,-1004,-215,0,-430,0,45,0,322,0,0,-1,-1,-1,-1,-1,1,0,-1,-1,-1,1,36,500,-215,-512,36,0,0,0,0,0,0,0,297,0,0,0,0,0,0,0,0,0,0,0,0,0,0,0,0,0,0,0,0,0,0,0,0,0,0,0,0,0,0,0,0,0,0,0,0,0,0,0,0,0,0,0,0,0,0,0,0,0,0,0,
2026-05-29,09:08:45.070,8.31,100,69,0,-0.195,5.94,25,0.985,82,0,0.017,100,100,1.20,-8.58,0.00,1,55.416300 12.873400,3,2026-05-29 09:08:45,-1023,-1012,-211,0,-430,0,44,0,322,0,0,-1,-1,-1,-1,-1,1,0,-1,-1,-1,1,36,507,-211,-512,36,0,0,0,0,0,0,0,297,0,0,0,0,0,0,0,0,0,0,0,0,0,0,0,0,0,0,0,0,0,0,0,0,0,0,0,0,0,0,0,0,0,0,0,0,0,0,0,0,0,0,0,0,0,0,0,0,0,0,0,
2026-05-29,09:08:45.190,8.31,100,69,0,-0.195,5.93,25,1.000,81,0,-0.029,100,100,1.03,-8.30,0.00,1,55.416300 12.873400,3,2026-05-29 09:08:45,-1024,-1023,-214,0,-429,0,44,-17,321,0,0,-1,-1,-1,-1,-1,1,0,-1,-1,-1,1,36,516,-214,-512,36,0,0,0,0,0,0,0,298,0,0,0,0,0,0,0,0,0,0,0,0,0,0,0,0,0,0,0,0,0,0,0,0,0,0,0,0,0,0,0,0,0,0,0,0,0,0,0,0,0,0,0,0,0,0,0,0,0,0,0,
2026-05-29,09:08:45.300,8.31,100,70,0,-0.210,5.93,25,0.975,82,0,-0.005,100,100,1.04,-8.56,0.00,1,55.416300 12.873400,3,2026-05-29 09:08:45,-1023,-1023,-195,0,-429,1,45,0,321,0,0,-1,-1,-1,-1,-1,1,0,-1,-1,-1,1,36,516,-195,-512,36,0,0,0,0,0,0,0,298,0,0,0,0,0,0,0,0,0,0,0,0,0,0,0,0,0,0,0,0,0,0,0,0,0,0,0,0,0,0,0,0,0,0,0,0,0,0,0,0,0,0,0,0,0,0,0,0,0,0,0,
2026-05-29,09:08:45.420,8.31,100,69,0,-0.362,5.91,25,0.881,81,0,-0.081,100,100,0.92,-8.62,0.00,1,55.416300 12.873400,3,2026-05-29 09:08:45,-1024,-1022,-208,13,-429,0,45,0,322,0,0,-1,-1,-1,-1,-1,1,0,-1,-1,-1,1,31,515,-208,-512,31,0,0,0,0,0,0,0,298,0,0,0,0,0,0,0,0,0,0,0,0,0,0,0,0,0,0,0,0,0,0,0,0,0,0,0,0,0,0,0,0,0,0,0,0,0,0,0,0,0,0,0,0,0,0,0,0,0,0,0,
2026-05-29,09:08:45.530,8.31,100,68,0,-0.362,5.91,25,0.881,78,0,-0.081,100,100,0.92,-8.62,0.00,1,55.416300 12.873400,3,2026-05-29 09:08:45,-1024,-1022,-210,43,-430,1,44,-19,322,0,0,-1,-1,-1,-1,-1,1,0,-1,-1,-1,1,19,515,-210,-512,19,0,0,0,0,0,0,0,297,0,0,0,0,0,0,0,0,0,0,0,0,0,0,0,0,0,0,0,0,0,0,0,0,0,0,0,0,0,0,0,0,0,0,0,0,0,0,0,0,0,0,0,0,0,0,0,0,0,0,0,
2026-05-29,09:08:45.650,8.31,100,67,0,-0.208,5.91,25,0.912,79,0,0.113,100,100,1.14,-9.82,0.00,1,55.416300 12.873400,3,2026-05-29 09:08:45,-1022,-1023,-210,0,-430,2,45,-7,322,0,0,-1,-1,-1,-1,-1,1,0,-1,-1,-1,1,36,516,-210,-511,36,0,0,0,0,0,0,0,297,0,0,0,0,0,0,0,0,0,0,0,0,0,0,0,0,0,0,0,0,0,0,0,0,0,0,0,0,0,0,0,0,0,0,0,0,0,0,0,0,0,0,0,0,0,0,0,0,0,0,0,
2026-05-29,09:08:45.780,8.31,100,68,0,-0.329,5.93,25,0.735,79,0,-0.081,100,100,-0.13,-10.21,0.00,1,55.416300 12.873400,3,2026-05-29 09:08:45,-793,-1018,-391,0,-430,2,44,0,322,0,0,-1,-1,-1,-1,-1,1,0,-1,-1,-1,1,36,510,-391,-349,36,0,0,0,0,0,0,0,298,0,0,0,0,0,0,0,0,0,0,0,0,0,0,0,0,0,0,0,0,0,0,0,0,0,0,0,0,0,0,0,0,0,0,0,0,0,0,0,0,0,0,0,0,0,0,0,0,0,0,0,
2026-05-29,09:08:45.890,8.31,100,69,0,-0.329,5.92,25,0.735,78,0,-0.081,100,100,-0.13,-10.21,0.00,1,55.416300 12.873400,3,2026-05-29 09:08:45,-180,-413,-313,0,-430,0,44,-8,322,0,0,-1,-1,-1,-1,-1,1,0,-1,-1,-1,1,36,162,-313,-64,36,0,0,0,0,0,0,0,297,0,0,0,0,0,0,0,0,0,0,0,0,0,0,0,0,0,0,0,0,0,0,0,0,0,0,0,0,0,0,0,0,0,0,0,0,0,0,0,0,0,0,0,0,0,0,0,0,0,0,0,
2026-05-29,09:08:46.020,8.31,100,72,0,0.075,5.91,25,1.361,79,0,0.311,100,100,2.18,-9.87,0.00,2,55.416300 12.873400,3,2026-05-29 09:08:46,-77,-664,-337,0,-429,0,44,0,322,0,0,-1,-1,-1,-1,-1,1,0,-1,-1,-1,1,36,280,-337,-27,36,0,0,0,0,0,0,0,298,0,0,0,0,0,0,0,0,0,0,0,0,0,0,0,0,0,0,0,0,0,0,0,0,0,0,0,0,0,0,0,0,0,0,0,0,0,0,0,0,0,0,0,0,0,0,0,0,0,0,0,
2026-05-29,09:08:46.140,8.31,100,74,0,-0.106,5.94,25,1.002,78,0,-0.123,100,100,-2.50,-9.70,0.00,2,55.416300 12.873400,3,2026-05-29 09:08:46,0,-459,-338,0,-430,0,45,-9,321,0,0,-1,-1,-1,-1,-1,1,0,-1,-1,-1,1,36,182,-338,0,36,0,0,0,0,0,0,0,297,0,0,0,0,0,0,0,0,0,0,0,0,0,0,0,0,0,0,0,0,0,0,0,0,0,0,0,0,0,0,0,0,0,0,0,0,0,0,0,0,0,0,0,0,0,0,0,0,0,0,0,
2026-05-29,09:08:46.250,8.31,100,75,0,-0.106,5.95,25,1.002,77,0,-0.123,100,100,-2.50,-9.70,0.00,2,55.416300 12.873400,3,2026-05-29 09:08:46,0,-461,-328,0,-430,0,45,-3,322,0,0,-1,-1,-1,-1,-1,1,0,-1,-1,-1,1,36,183,-328,0,36,0,0,0,0,0,0,0,297,0,0,0,0,0,0,0,0,0,0,0,0,0,0,0,0,0,0,0,0,0,0,0,0,0,0,0,0,0,0,0,0,0,0,0,0,0,0,0,0,0,0,0,0,0,0,0,0,0,0,0,
2026-05-29,09:08:46.390,8.31,100,76,0,-0.160,5.94,25,1.093,77,0,-0.120,100,100,-1.60,-9.68,0.00,3,55.416300 12.873400,3,2026-05-29 09:08:46,0,-177,-615,0,-430,0,44,-1,322,0,0,-1,-1,-1,-1,-1,1,0,-1,-1,-1,1,36,70,-615,0,36,0,0,0,0,0,0,0,297,0,0,0,0,0,0,0,0,0,0,0,0,0,0,0,0,0,0,0,0,0,0,0,0,0,0,0,0,0,0,0,0,0,0,0,0,0,0,0,0,0,0,0,0,0,0,0,0,0,0,0,
2026-05-29,09:08:46.510,8.31,100,75,0,-0.125,5.94,25,0.963,77,0,0.075,100,100,-0.02,-9.65,0.00,3,55.416300 12.873400,3,2026-05-29 09:08:46,0,0,-618,-16,-429,0,45,-2,322,0,0,-1,-1,-1,-1,-1,1,0,-1,-1,-1,1,42,8,-618,0,42,0,0,0,0,0,0,0,298,0,0,0,0,0,0,0,0,0,0,0,0,0,0,0,0,0,0,0,0,0,0,0,0,0,0,0,0,0,0,0,0,0,0,0,0,0,0,0,0,0,0,0,0,0,0,0,0,0,0,0,
2026-05-29,09:08:46.630,8.31,100,74,0,-0.110,5.93,25,1.006,77,0,0.121,100,100,0.42,-9.72,0.00,3,55.416300 12.873400,3,2026-05-29 09:08:46,0,0,-789,0,-429,0,45,0,322,0,0,-1,-1,-1,-1,-1,1,0,-1,-1,-1,1,36,8,-789,0,36,0,0,0,0,0,0,0,298,0,0,0,0,0,0,0,0,0,0,0,0,0,0,0,0,0,0,0,0,0,0,0,0,0,0,0,0,0,0,0,0,0,0,0,0,0,0,0,0,0,0,0,0,0,0,0,0,0,0,0,
2026-05-29,09:08:46.740,8.31,100,73,0,-0.110,5.95,25,1.006,77,0,0.121,100,100,0.42,-9.72,0.00,3,55.416300 12.873400,3,2026-05-29 09:08:46,0,0,-791,0,-430,0,45,-14,322,0,0,-1,-1,-1,-1,-1,1,0,-1,-1,-1,1,36,8,-791,0,36,0,0,0,0,0,0,0,297,0,0,0,0,0,0,0,0,0,0,0,0,0,0,0,0,0,0,0,0,0,0,0,0,0,0,0,0,0,0,0,0,0,0,0,0,0,0,0,0,0,0,0,0,0,0,0,0,0,0,0,
2026-05-29,09:08:46.850,8.31,100,73,0,-0.054,5.96,25,1.096,78,0,-0.118,100,100,-1.09,-9.38,0.00,3,55.416300 12.873400,3,2026-05-29 09:08:46,0,0,-793,0,-429,0,44,-5,322,0,0,-1,-1,-1,-1,-1,1,0,-1,-1,-1,1,36,8,-793,0,36,0,0,0,0,0,0,0,298,0,0,0,0,0,0,0,0,0,0,0,0,0,0,0,0,0,0,0,0,0,0,0,0,0,0,0,0,0,0,0,0,0,0,0,0,0,0,0,0,0,0,0,0,0,0,0,0,0,0,0,
2026-05-29,09:08:46.990,8.31,100,73,0,0.060,5.97,25,0.830,79,0,-0.027,100,100,-0.14,-8.28,0.00,2,55.416300 12.873400,3,2026-05-29 09:08:47,0,0,-1024,0,-429,0,44,-10,322,0,0,-1,-1,-1,-1,-1,1,0,-1,-1,-1,0,36,8,-1024,0,36,0,0,0,0,0,0,0,298,0,0,0,0,0,0,0,0,0,0,0,0,0,0,0,0,0,0,0,0,0,0,0,0,0,0,0,0,0,0,0,0,0,0,0,0,0,0,0,0,0,0,0,0,0,0,0,0,0,0,0,
2026-05-29,09:08:47.110,8.31,100,74,0,-0.016,5.97,25,1.002,79,0,0.034,100,100,-0.14,-8.28,0.00,2,55.416300 12.873400,3,2026-05-29 09:08:47,0,0,-1024,0,-429,0,45,-21,322,0,0,-1,-1,-1,-1,-1,1,0,-1,-1,-1,0,36,8,-1024,0,36,0,0,0,0,0,0,0,298,0,0,0,0,0,0,0,0,0,0,0,0,0,0,0,0,0,0,0,0,0,0,0,0,0,0,0,0,0,0,0,0,0,0,0,0,0,0,0,0,0,0,0,0,0,0,0,0,0,0,0,
2026-05-29,09:08:47.230,8.31,100,74,0,-0.016,5.97,25,1.002,80,0,0.034,100,100,0.33,-7.96,0.00,2,55.416300 12.873400,3,2026-05-29 09:08:47,0,0,-1024,0,-430,1,45,-3,322,0,0,-1,-1,-1,-1,-1,1,0,-1,-1,-1,0,36,8,-1024,0,36,0,0,0,0,0,0,0,297,0,0,0,0,0,0,0,0,0,0,0,0,0,0,0,0,0,0,0,0,0,0,0,0,0,0,0,0,0,0,0,0,0,0,0,0,0,0,0,0,0,0,0,0,0,0,0,0,0,0,0,
2026-05-29,09:08:47.340,8.31,100,75,0,-0.219,5.98,25,0.966,81,0,0.000,100,100,0.29,-7.61,0.00,2,55.416300 12.873400,3,2026-05-29 09:08:47,0,0,-1024,0,-430,0,44,-18,322,0,0,-1,-1,-1,-1,-1,1,0,-1,-1,-1,0,36,8,-1024,0,36,0,0,0,0,0,0,0,297,0,0,0,0,0,0,0,0,0,0,0,0,0,0,0,0,0,0,0,0,0,0,0,0,0,0,0,0,0,0,0,0,0,0,0,0,0,0,0,0,0,0,0,0,0,0,0,0,0,0,0,
2026-05-29,09:08:47.460,8.31,100,75,0,-0.163,5.99,25,0.981,82,0,0.004,100,100,0.29,-7.61,0.00,1,55.416300 12.873400,3,2026-05-29 09:08:47,0,0,-1024,0,-429,0,44,-16,321,0,0,-1,-1,-1,-1,-1,1,0,-1,-1,-1,0,36,8,-1024,0,36,0,0,0,0,0,0,0,298,0,0,0,0,0,0,0,0,0,0,0,0,0,0,0,0,0,0,0,0,0,0,0,0,0,0,0,0,0,0,0,0,0,0,0,0,0,0,0,0,0,0,0,0,0,0,0,0,0,0,0,
2026-05-29,09:08:47.580,8.31,100,75,0,-0.163,5.99,25,0.981,82,0,0.004,100,100,0.25,-7.77,0.00,1,55.416300 12.873400,3,2026-05-29 09:08:47,0,0,-1024,0,-430,0,45,-13,322,0,0,-1,-1,-1,-1,-1,1,0,-1,-1,-1,0,36,8,-1024,0,36,0,0,0,0,0,0,0,297,0,0,0,0,0,0,0,0,0,0,0,0,0,0,0,0,0,0,0,0,0,0,0,0,0,0,0,0,0,0,0,0,0,0,0,0,0,0,0,0,0,0,0,0,0,0,0,0,0,0,0,
2026-05-29,09:08:47.690,8.31,100,73,0,-0.153,5.97,25,0.995,82,0,-0.005,100,100,0.12,-7.87,0.00,1,55.416300 12.873400,3,2026-05-29 09:08:47,0,0,-1024,0,-429,0,45,-3,322,0,0,-1,-1,-1,-1,-1,1,0,-1,-1,-1,0,36,8,-1024,0,36,0,0,0,0,0,0,0,298,0,0,0,0,0,0,0,0,0,0,0,0,0,0,0,0,0,0,0,0,0,0,0,0,0,0,0,0,0,0,0,0,0,0,0,0,0,0,0,0,0,0,0,0,0,0,0,0,0,0,0,
2026-05-29,09:08:47.820,8.31,100,72,0,-0.150,5.98,25,0.994,83,0,-0.004,100,100,0.08,-7.95,0.00,1,55.416300 12.873400,3,2026-05-29 09:08:47,0,0,-1024,0,-429,0,45,-13,322,0,0,-1,-1,-1,-1,-1,1,0,-1,-1,-1,0,36,8,-1024,0,36,0,0,0,0,0,0,0,298,0,0,0,0,0,0,0,0,0,0,0,0,0,0,0,0,0,0,0,0,0,0,0,0,0,0,0,0,0,0,0,0,0,0,0,0,0,0,0,0,0,0,0,0,0,0,0,0,0,0,0,
2026-05-29,09:08:47.940,8.31,100,72,0,-0.152,5.98,25,0.994,83,0,-0.004,100,100,0.08,-7.95,0.00,1,55.416300 12.873400,3,2026-05-29 09:08:47,0,0,-1023,0,-430,0,44,-8,322,0,0,-1,-1,-1,-1,-1,1,0,-1,-1,-1,0,36,8,-1023,0,36,0,0,0,0,0,0,0,297,0,0,0,0,0,0,0,0,0,0,0,0,0,0,0,0,0,0,0,0,0,0,0,0,0,0,0,0,0,0,0,0,0,0,0,0,0,0,0,0,0,0,0,0,0,0,0,0,0,0,0,
2026-05-29,09:08:48.050,8.31,100,72,0,-0.152,5.99,25,0.987,84,0,-0.006,100,100,0.06,-8.02,0.00,0,55.416300 12.873400,3,2026-05-29 09:08:48,0,0,-1024,0,-429,0,44,-15,322,0,0,-1,-1,-1,-1,-1,1,0,-1,-1,-1,0,36,8,-1024,0,36,0,0,0,0,0,0,0,297,0,0,0,0,0,0,0,0,0,0,0,0,0,0,0,0,0,0,0,0,0,0,0,0,0,0,0,0,0,0,0,0,0,0,0,0,0,0,0,0,0,0,0,0,0,0,0,0,0,0,0,
2026-05-29,09:08:48.170,8.31,100,71,0,-0.149,5.99,25,0.992,83,0,-0.004,99,100,0.06,-8.08,0.00,0,55.416300 12.873400,3,2026-05-29 09:08:48,0,0,-1024,0,-429,1,45,-6,322,0,0,-1,-1,-1,-1,-1,1,0,-1,-1,-1,0,36,8,-1024,0,36,0,0,0,0,0,0,0,298,0,0,0,0,0,0,0,0,0,0,0,0,0,0,0,0,0,0,0,0,0,0,0,0,0,0,0,0,0,0,0,0,0,0,0,0,0,0,0,0,0,0,0,0,0,0,0,0,0,0,0,
2026-05-29,09:08:48.280,8.31,100,72,0,-0.149,5.99,25,0.992,84,0,-0.004,99,100,0.06,-8.08,0.00,0,55.416300 12.873400,3,2026-05-29 09:08:48,0,0,-1024,0,-429,0,45,0,321,0,0,-1,-1,-1,-1,-1,1,0,-1,-1,-1,0,36,8,-1024,0,36,0,0,0,0,0,0,0,298,0,0,0,0,0,0,0,0,0,0,0,0,0,0,0,0,0,0,0,0,0,0,0,0,0,0,0,0,0,0,0,0,0,0,0,0,0,0,0,0,0,0,0,0,0,0,0,0,0,0,0,
2026-05-29,09:08:48.400,8.31,100,73,0,-0.150,6.00,25,0.989,85,0,-0.002,99,100,0.04,-8.15,0.00,0,55.416300 12.873400,3,2026-05-29 09:08:48,0,0,-1024,0,-429,0,45,-1,321,0,0,-1,-1,-1,-1,-1,1,0,-1,-1,-1,0,36,8,-1024,0,36,0,0,0,0,0,0,0,297,0,0,0,0,0,0,0,0,0,0,0,0,0,0,0,0,0,0,0,0,0,0,0,0,0,0,0,0,0,0,0,0,0,0,0,0,0,0,0,0,0,0,0,0,0,0,0,0,0,0,0,
2026-05-29,09:08:48.520,8.31,100,73,0,-0.151,6.00,25,0.994,86,0,-0.002,99,100,0.03,-8.20,0.00,0,55.416300 12.873400,3,2026-05-29 09:08:48,0,0,-1024,0,-430,1,44,-13,322,0,0,-1,-1,-1,-1,-1,1,0,-1,-1,-1,0,36,8,-1024,0,36,0,0,0,0,0,0,0,297,0,0,0,0,0,0,0,0,0,0,0,0,0,0,0,0,0,0,0,0,0,0,0,0,0,0,0,0,0,0,0,0,0,0,0,0,0,0,0,0,0,0,0,0,0,0,0,0,0,0,0,
2026-05-29,09:08:48.630,8.31,100,73,0,-0.152,6.00,25,0.994,86,0,0.000,99,100,0.03,-8.20,0.00,0,55.416300 12.873400,3,2026-05-29 09:08:48,0,0,-1024,0,-430,1,45,-3,322,0,0,-1,-1,-1,-1,-1,1,0,-1,-1,-1,0,36,8,-1024,0,36,0,0,0,0,0,0,0,297,0,0,0,0,0,0,0,0,0,0,0,0,0,0,0,0,0,0,0,0,0,0,0,0,0,0,0,0,0,0,0,0,0,0,0,0,0,0,0,0,0,0,0,0,0,0,0,0,0,0,0,
2026-05-29,09:08:48.750,8.31,100,73,0,-0.152,6.00,25,0.991,86,0,0.000,99,100,0.00,-8.25,0.00,0,55.416300 12.873400,3,2026-05-29 09:08:48,0,0,-1024,0,-430,1,44,0,322,0,0,-1,-1,-1,-1,-1,1,0,-1,-1,-1,0,36,8,-1024,0,36,0,0,0,0,0,0,0,297,0,0,0,0,0,0,0,0,0,0,0,0,0,0,0,0,0,0,0,0,0,0,0,0,0,0,0,0,0,0,0,0,0,0,0,0,0,0,0,0,0,0,0,0,0,0,0,0,0,0,0,
2026-05-29,09:08:48.870,8.31,100,71,0,-0.152,6.00,25,0.993,86,0,0.000,99,100,-0.01,-8.30,0.00,0,55.416300 12.873400,3,2026-05-29 09:08:48,0,0,-1024,0,-430,0,44,0,322,0,0,-1,-1,-1,-1,-1,1,0,-1,-1,-1,0,36,8,-1024,0,36,0,0,0,0,0,0,0,297,0,0,0,0,0,0,0,0,0,0,0,0,0,0,0,0,0,0,0,0,0,0,0,0,0,0,0,0,0,0,0,0,0,0,0,0,0,0,0,0,0,0,0,0,0,0,0,0,0,0,0,
2026-05-29,09:08:48.980,8.31,100,72,0,-0.150,6.00,25,0.984,86,0,0.001,100,100,-0.03,-8.35,0.00,0,55.416300 12.873400,3,2026-05-29 09:08:49,0,0,-1024,0,-430,0,44,0,321,0,0,-1,-1,-1,-1,-1,1,0,-1,-1,-1,0,36,8,-1024,0,36,0,0,0,0,0,0,0,297,0,0,0,0,0,0,0,0,0,0,0,0,0,0,0,0,0,0,0,0,0,0,0,0,0,0,0,0,0,0,0,0,0,0,0,0,0,0,0,0,0,0,0,0,0,0,0,0,0,0,0,
2026-05-29,09:08:49.090,8.31,100,71,0,-0.150,6.00,25,0.984,86,0,0.001,100,100,-0.03,-8.35,0.00,0,55.416300 12.873400,3,2026-05-29 09:08:49,0,0,-1023,0,-430,0,45,-2,321,0,0,-1,-1,-1,-1,-1,1,0,-1,-1,-1,0,36,8,-1023,0,36,0,0,0,0,0,0,0,297,0,0,0,0,0,0,0,0,0,0,0,0,0,0,0,0,0,0,0,0,0,0,0,0,0,0,0,0,0,0,0,0,0,0,0,0,0,0,0,0,0,0,0,0,0,0,0,0,0,0,0,
2026-05-29,09:08:49.210,8.31,100,72,0,-0.150,6.00,25,0.990,84,0,0.000,100,100,-0.05,-8.39,0.00,0,55.416300 12.873400,3,2026-05-29 09:08:49,0,0,-1024,0,-429,0,44,-19,322,0,0,-1,-1,-1,-1,-1,1,0,-1,-1,-1,0,36,8,-1024,0,36,0,0,0,0,0,0,0,298,0,0,0,0,0,0,0,0,0,0,0,0,0,0,0,0,0,0,0,0,0,0,0,0,0,0,0,0,0,0,0,0,0,0,0,0,0,0,0,0,0,0,0,0,0,0,0,0,0,0,0,
2026-05-29,09:08:49.330,8.31,100,73,0,-0.152,6.00,25,0.988,85,0,0.001,100,100,-0.08,-8.42,0.00,0,55.416300 12.873400,3,2026-05-29 09:08:49,0,0,-1024,0,-429,0,44,-8,322,0,0,-1,-1,-1,-1,-1,1,0,-1,-1,-1,0,36,8,-1024,0,36,0,0,0,0,0,0,0,298,0,0,0,0,0,0,0,0,0,0,0,0,0,0,0,0,0,0,0,0,0,0,0,0,0,0,0,0,0,0,0,0,0,0,0,0,0,0,0,0,0,0,0,0,0,0,0,0,0,0,0,
2026-05-29,09:08:49.450,8.31,100,75,0,-0.152,6.00,25,0.988,86,0,0.001,100,100,-0.08,-8.42,0.00,0,55.416300 12.873400,3,2026-05-29 09:08:49,0,0,-1024,0,-429,1,45,-3,322,0,0,-1,-1,-1,-1,-1,1,0,-1,-1,-1,0,36,8,-1024,0,36,0,0,0,0,0,0,0,298,0,0,0,0,0,0,0,0,0,0,0,0,0,0,0,0,0,0,0,0,0,0,0,0,0,0,0,0,0,0,0,0,0,0,0,0,0,0,0,0,0,0,0,0,0,0,0,0,0,0,0,
2026-05-29,09:08:49.570,8.30,100,77,0,-0.150,6.00,25,0.989,89,0,0.000,100,100,-0.09,-8.46,0.00,0,55.416300 12.873400,3,2026-05-29 09:08:49,0,0,-1024,0,-430,0,44,-4,322,0,0,-1,-1,-1,-1,-1,1,0,-1,-1,-1,0,36,8,-1024,0,36,0,0,0,0,0,0,0,297,0,0,0,0,0,0,0,0,0,0,0,0,0,0,0,0,0,0,0,0,0,0,0,0,0,0,0,0,0,0,0,0,0,0,0,0,0,0,0,0,0,0,0,0,0,0,0,0,0,0,0,
2026-05-29,09:08:49.690,8.31,100,78,0,-0.151,6.00,25,0.993,89,0,0.000,100,100,-0.11,-8.49,0.00,0,55.416300 12.873400,3,2026-05-29 09:08:49,0,0,-1024,0,-430,0,44,-4,321,0,0,-1,-1,-1,-1,-1,1,0,-1,-1,-1,0,36,8,-1024,0,36,0,0,0,0,0,0,0,297,0,0,0,0,0,0,0,0,0,0,0,0,0,0,0,0,0,0,0,0,0,0,0,0,0,0,0,0,0,0,0,0,0,0,0,0,0,0,0,0,0,0,0,0,0,0,0,0,0,0,0,
2026-05-29,09:08:49.800,8.31,100,78,0,-0.151,6.00,25,0.993,90,0,0.000,100,100,-0.11,-8.49,0.00,0,55.416300 12.873400,3,2026-05-29 09:08:49,0,0,-1023,0,-430,0,44,-8,321,0,0,-1,-1,-1,-1,-1,1,0,-1,-1,-1,0,36,8,-1023,0,36,0,0,0,0,0,0,0,297,0,0,0,0,0,0,0,0,0,0,0,0,0,0,0,0,0,0,0,0,0,0,0,0,0,0,0,0,0,0,0,0,0,0,0,0,0,0,0,0,0,0,0,0,0,0,0,0,0,0,0,
2026-05-29,09:08:49.910,8.31,100,79,0,-0.153,5.97,25,0.991,90,0,0.000,100,100,-0.13,-8.52,0.00,0,55.416300 12.873400,3,2026-05-29 09:08:49,0,0,-1024,0,-430,0,46,-2,322,0,0,-1,-1,-1,-1,-1,1,0,-1,-1,-1,0,36,8,-1024,0,36,0,0,0,0,0,0,0,297,0,0,0,0,0,0,0,0,0,0,0,0,0,0,0,0,0,0,0,0,0,0,0,0,0,0,0,0,0,0,0,0,0,0,0,0,0,0,0,0,0,0,0,0,0,0,0,0,0,0,0,
2026-05-29,09:08:50.040,8.31,100,79,0,-0.150,5.98,25,0.990,91,0,0.000,100,100,-0.14,-8.54,0.00,0,55.416300 12.873400,3,2026-05-29 09:08:50,0,0,-1024,0,-430,1,45,0,321,0,0,-1,-1,-1,-1,-1,1,0,-1,-1,-1,0,36,8,-1024,0,36,0,0,0,0,0,0,0,297,0,0,0,0,0,0,0,0,0,0,0,0,0,0,0,0,0,0,0,0,0,0,0,0,0,0,0,0,0,0,0,0,0,0,0,0,0,0,0,0,0,0,0,0,0,0,0,0,0,0,0,
2026-05-29,09:08:50.160,8.31,100,80,0,-0.150,5.96,25,0.989,91,0,0.000,100,100,-0.15,-8.57,0.00,0,55.416300 12.873400,3,2026-05-29 09:08:50,0,0,-1023,0,-430,0,44,-5,322,0,0,-1,-1,-1,-1,-1,1,0,-1,-1,-1,0,36,8,-1023,0,36,0,0,0,0,0,0,0,297,0,0,0,0,0,0,0,0,0,0,0,0,0,0,0,0,0,0,0,0,0,0,0,0,0,0,0,0,0,0,0,0,0,0,0,0,0,0,0,0,0,0,0,0,0,0,0,0,0,0,0,
2026-05-29,09:08:50.270,8.31,100,80,0,-0.150,5.97,25,0.989,92,0,0.000,100,100,-0.15,-8.57,0.00,0,55.416300 12.873400,3,2026-05-29 09:08:50,0,0,-1024,0,-430,0,45,-15,321,0,0,-1,-1,-1,-1,-1,1,0,-1,-1,-1,0,36,8,-1024,0,36,0,0,0,0,0,0,0,297,0,0,0,0,0,0,0,0,0,0,0,0,0,0,0,0,0,0,0,0,0,0,0,0,0,0,0,0,0,0,0,0,0,0,0,0,0,0,0,0,0,0,0,0,0,0,0,0,0,0,0,
2026-05-29,09:08:50.410,8.31,100,82,0,-0.152,5.98,25,0.991,91,0,0.000,100,100,-0.16,-8.59,0.00,0,55.416300 12.873400,3,2026-05-29 09:08:50,0,0,-1023,0,-429,0,44,-4,322,0,0,-1,-1,-1,-1,-1,1,0,-1,-1,-1,0,36,8,-1023,0,36,0,0,0,0,0,0,0,298,0,0,0,0,0,0,0,0,0,0,0,0,0,0,0,0,0,0,0,0,0,0,0,0,0,0,0,0,0,0,0,0,0,0,0,0,0,0,0,0,0,0,0,0,0,0,0,0,0,0,0,
2026-05-29,09:08:50.510,8.31,100,83,0,-0.151,5.99,25,0.989,91,0,0.000,100,100,-0.16,-8.61,0.00,0,55.416300 12.873400,3,2026-05-29 09:08:50,0,0,-1024,0,-430,0,45,0,321,0,0,-1,-1,-1,-1,-1,1,0,-1,-1,-1,0,36,8,-1024,0,36,0,0,0,0,0,0,0,297,0,0,0,0,0,0,0,0,0,0,0,0,0,0,0,0,0,0,0,0,0,0,0,0,0,0,0,0,0,0,0,0,0,0,0,0,0,0,0,0,0,0,0,0,0,0,0,0,0,0,0,
2026-05-29,09:08:50.620,8.31,100,85,0,-0.151,5.99,25,0.989,92,0,0.000,100,100,-0.16,-8.61,0.00,0,55.416300 12.873400,3,2026-05-29 09:08:50,0,0,-1024,0,-430,0,45,-3,322,0,0,-1,-1,-1,-1,-1,1,0,-1,-1,-1,0,36,8,-1024,0,36,0,0,0,0,0,0,0,297,0,0,0,0,0,0,0,0,0,0,0,0,0,0,0,0,0,0,0,0,0,0,0,0,0,0,0,0,0,0,0,0,0,0,0,0,0,0,0,0,0,0,0,0,0,0,0,0,0,0,0,
2026-05-29,09:08:50.760,8.31,100,87,0,-0.151,5.99,25,0.993,93,0,0.000,100,100,-0.18,-8.63,0.00,0,55.416300 12.873400,3,2026-05-29 09:08:50,0,0,-1024,0,-429,0,45,0,321,0,0,-1,-1,-1,-1,-1,1,0,-1,-1,-1,0,36,8,-1024,0,36,0,0,0,0,0,0,0,298,0,0,0,0,0,0,0,0,0,0,0,0,0,0,0,0,0,0,0,0,0,0,0,0,0,0,0,0,0,0,0,0,0,0,0,0,0,0,0,0,0,0,0,0,0,0,0,0,0,0,0,
2026-05-29,09:08:50.870,8.31,100,87,0,-0.152,5.97,25,0.991,92,0,0.000,100,100,-0.18,-8.64,0.00,0,55.416300 12.873400,3,2026-05-29 09:08:50,0,0,-1024,0,-430,0,44,0,322,0,0,-1,-1,-1,-1,-1,1,0,-1,-1,-1,0,36,8,-1024,0,36,0,0,0,0,0,0,0,297,0,0,0,0,0,0,0,0,0,0,0,0,0,0,0,0,0,0,0,0,0,0,0,0,0,0,0,0,0,0,0,0,0,0,0,0,0,0,0,0,0,0,0,0,0,0,0,0,0,0,0,
2026-05-29,09:08:50.990,8.31,100,87,0,-0.150,5.98,25,0.994,92,0,0.000,100,100,-0.18,-8.64,0.00,0,55.416300 12.873400,2,2026-05-29 09:08:50,0,0,-1024,0,-429,0,45,-20,322,0,0,-1,-1,-1,-1,-1,1,0,-1,-1,-1,0,36,8,-1024,0,36,0,0,0,0,0,0,0,298,0,0,0,0,0,0,0,0,0,0,0,0,0,0,0,0,0,0,0,0,0,0,0,0,0,0,0,0,0,0,0,0,0,0,0,0,0,0,0,0,0,0,0,0,0,0,0,0,0,0,0,
2026-05-29,09:08:51.110,8.31,100,88,0,-0.150,5.98,25,0.994,92,0,0.000,100,100,-0.18,-8.66,0.00,0,55.416300 12.873400,2,2026-05-29 09:08:51,0,0,-1024,0,-429,1,45,0,322,0,0,-1,-1,-1,-1,-1,1,0,-1,-1,-1,0,36,8,-1024,0,36,0,0,0,0,0,0,0,298,0,0,0,0,0,0,0,0,0,0,0,0,0,0,0,0,0,0,0,0,0,0,0,0,0,0,0,0,0,0,0,0,0,0,0,0,0,0,0,0,0,0,0,0,0,0,0,0,0,0,0,
2026-05-29,09:08:51.220,8.31,100,89,0,-0.151,5.99,25,0.990,93,0,0.000,100,100,-0.19,-8.68,0.00,0,55.416300 12.873400,2,2026-05-29 09:08:51,0,0,-1023,0,-430,0,45,-19,322,0,0,-1,-1,-1,-1,-1,1,0,-1,-1,-1,0,36,8,-1023,0,36,0,0,0,0,0,0,0,297,0,0,0,0,0,0,0,0,0,0,0,0,0,0,0,0,0,0,0,0,0,0,0,0,0,0,0,0,0,0,0,0,0,0,0,0,0,0,0,0,0,0,0,0,0,0,0,0,0,0,0,
2026-05-29,09:08:51.340,8.31,100,90,0,-0.150,5.99,25,0.995,94,0,-0.001,100,100,-0.19,-8.68,0.00,0,55.416300 12.873400,2,2026-05-29 09:08:51,0,0,-1024,0,-429,0,44,-5,321,0,0,-1,-1,-1,-1,-1,1,0,-1,-1,-1,0,36,8,-1024,0,36,0,0,0,0,0,0,0,298,0,0,0,0,0,0,0,0,0,0,0,0,0,0,0,0,0,0,0,0,0,0,0,0,0,0,0,0,0,0,0,0,0,0,0,0,0,0,0,0,0,0,0,0,0,0,0,0,0,0,0,
2026-05-29,09:08:51.460,8.31,100,90,0,-0.150,6.00,25,0.995,94,0,-0.001,100,100,-0.21,-8.69,0.00,0,55.416300 12.873400,2,2026-05-29 09:08:51,0,0,-1024,0,-430,0,45,-8,322,0,0,-1,-1,-1,-1,-1,1,0,-1,-1,-1,0,36,8,-1024,0,36,0,0,0,0,0,0,0,297,0,0,0,0,0,0,0,0,0,0,0,0,0,0,0,0,0,0,0,0,0,0,0,0,0,0,0,0,0,0,0,0,0,0,0,0,0,0,0,0,0,0,0,0,0,0,0,0,0,0,0,
2026-05-29,09:08:51.580,8.31,100,91,0,-0.153,6.00,25,0.999,95,0,0.000,100,100,-0.20,-8.70,0.00,0,55.416300 12.873400,2,2026-05-29 09:08:51,0,0,-1024,0,-430,0,44,-17,322,0,0,-1,-1,-1,-1,-1,1,0,-1,-1,-1,0,36,8,-1024,0,36,0,0,0,0,0,0,0,297,0,0,0,0,0,0,0,0,0,0,0,0,0,0,0,0,0,0,0,0,0,0,0,0,0,0,0,0,0,0,0,0,0,0,0,0,0,0,0,0,0,0,0,0,0,0,0,0,0,0,0,
2026-05-29,09:08:51.690,8.31,100,92,0,-0.151,6.00,25,0.991,96,0,0.000,100,100,-0.21,-8.71,0.00,0,55.416300 12.873400,2,2026-05-29 09:08:51,0,0,-1024,0,-430,3,45,-5,322,0,0,-1,-1,-1,-1,-1,1,0,-1,-1,-1,0,36,8,-1024,0,36,0,0,0,0,0,0,0,297,0,0,0,0,0,0,0,0,0,0,0,0,0,0,0,0,0,0,0,0,0,0,0,0,0,0,0,0,0,0,0,0,0,0,0,0,0,0,0,0,0,0,0,0,0,0,0,0,0,0,0,
2026-05-29,09:08:51.810,8.31,100,93,0,-0.151,6.00,25,0.991,97,0,0.000,100,100,-0.21,-8.71,0.00,0,55.416300 12.873400,2,2026-05-29 09:08:51,0,0,-1024,0,-430,0,45,-12,322,0,0,-1,-1,-1,-1,-1,1,0,-1,-1,-1,0,36,8,-1024,0,36,0,0,0,0,0,0,0,297,0,0,0,0,0,0,0,0,0,0,0,0,0,0,0,0,0,0,0,0,0,0,0,0,0,0,0,0,0,0,0,0,0,0,0,0,0,0,0,0,0,0,0,0,0,0,0,0,0,0,0,
2026-05-29,09:08:51.930,8.31,100,94,0,-0.150,6.00,25,0.998,97,0,0.000,100,100,-0.22,-8.72,0.00,0,55.416300 12.873400,2,2026-05-29 09:08:51,0,0,-1023,0,-430,0,45,-3,322,0,0,-1,-1,-1,-1,-1,1,0,-1,-1,-1,0,36,8,-1023,0,36,0,0,0,0,0,0,0,297,0,0,0,0,0,0,0,0,0,0,0,0,0,0,0,0,0,0,0,0,0,0,0,0,0,0,0,0,0,0,0,0,0,0,0,0,0,0,0,0,0,0,0,0,0,0,0,0,0,0,0,
2026-05-29,09:08:52.040,8.31,100,93,0,-0.152,6.00,25,0.991,97,0,0.000,100,100,-0.22,-8.74,0.00,0,55.416300 12.873400,2,2026-05-29 09:08:52,0,0,-1023,0,-429,0,45,-16,322,0,0,-1,-1,-1,-1,-1,1,0,-1,-1,-1,0,36,8,-1023,0,36,0,0,0,0,0,0,0,298,0,0,0,0,0,0,0,0,0,0,0,0,0,0,0,0,0,0,0,0,0,0,0,0,0,0,0,0,0,0,0,0,0,0,0,0,0,0,0,0,0,0,0,0,0,0,0,0,0,0,0,
2026-05-29,09:08:52.160,8.31,100,93,0,-0.152,6.00,25,0.991,98,0,0.000,100,100,-0.22,-8.74,0.00,0,55.416300 12.873400,2,2026-05-29 09:08:52,0,0,-1024,0,-430,0,44,-12,322,0,0,-1,-1,-1,-1,-1,1,0,-1,-1,-1,0,36,8,-1024,0,36,0,0,0,0,0,0,0,297,0,0,0,0,0,0,0,0,0,0,0,0,0,0,0,0,0,0,0,0,0,0,0,0,0,0,0,0,0,0,0,0,0,0,0,0,0,0,0,0,0,0,0,0,0,0,0,0,0,0,0,
2026-05-29,09:08:52.270,8.31,100,94,0,-0.152,6.00,25,0.994,98,0,0.000,100,100,-0.22,-8.74,0.00,0,55.416300 12.873400,2,2026-05-29 09:08:52,0,0,-1024,0,-429,0,44,0,322,0,0,-1,-1,-1,-1,-1,1,0,-1,-1,-1,0,36,8,-1024,0,36,0,0,0,0,0,0,0,298,0,0,0,0,0,0,0,0,0,0,0,0,0,0,0,0,0,0,0,0,0,0,0,0,0,0,0,0,0,0,0,0,0,0,0,0,0,0,0,0,0,0,0,0,0,0,0,0,0,0,0,
2026-05-29,09:08:52.390,8.31,100,94,0,-0.151,6.00,25,0.989,98,0,0.000,100,100,-0.22,-8.75,0.00,0,55.416300 12.873400,2,2026-05-29 09:08:52,0,0,-1024,0,-429,0,44,-17,321,0,0,-1,-1,-1,-1,-1,1,0,-1,-1,-1,0,36,8,-1024,0,36,0,0,0,0,0,0,0,298,0,0,0,0,0,0,0,0,0,0,0,0,0,0,0,0,0,0,0,0,0,0,0,0,0,0,0,0,0,0,0,0,0,0,0,0,0,0,0,0,0,0,0,0,0,0,0,0,0,0,0,
2026-05-29,09:08:52.510,8.31,100,95,0,-0.150,6.00,25,0.989,98,0,0.001,100,100,-0.22,-8.75,0.00,0,55.416300 12.873400,2,2026-05-29 09:08:52,0,0,-1023,0,-429,0,44,-7,321,0,0,-1,-1,-1,-1,-1,1,0,-1,-1,-1,0,36,8,-1023,0,36,0,0,0,0,0,0,0,298,0,0,0,0,0,0,0,0,0,0,0,0,0,0,0,0,0,0,0,0,0,0,0,0,0,0,0,0,0,0,0,0,0,0,0,0,0,0,0,0,0,0,0,0,0,0,0,0,0,0,0,
2026-05-29,09:08:52.620,8.31,100,96,0,-0.150,6.00,25,0.990,98,0,0.001,100,100,-0.22,-8.76,0.00,0,55.416300 12.873400,2,2026-05-29 09:08:52,0,0,-1024,0,-430,0,45,-19,322,0,0,-1,-1,-1,-1,-1,1,0,-1,-1,-1,0,36,8,-1024,0,36,0,0,0,0,0,0,0,297,0,0,0,0,0,0,0,0,0,0,0,0,0,0,0,0,0,0,0,0,0,0,0,0,0,0,0,0,0,0,0,0,0,0,0,0,0,0,0,0,0,0,0,0,0,0,0,0,0,0,0,
2026-05-29,09:08:52.740,8.31,100,97,0,-0.151,5.97,25,0.995,98,0,0.000,100,100,-0.23,-8.76,0.00,0,55.416300 12.873400,2,2026-05-29 09:08:52,0,0,-1024,0,-429,1,45,-2,322,0,0,-1,-1,-1,-1,-1,1,0,-1,-1,-1,0,36,8,-1024,0,36,0,0,0,0,0,0,0,298,0,0,0,0,0,0,0,0,0,0,0,0,0,0,0,0,0,0,0,0,0,0,0,0,0,0,0,0,0,0,0,0,0,0,0,0,0,0,0,0,0,0,0,0,0,0,0,0,0,0,0,
2026-05-29,09:08:52.860,8.31,100,97,0,-0.151,5.98,25,0.995,95,0,0.000,100,100,-0.23,-8.76,0.00,0,55.416300 12.873400,2,2026-05-29 09:08:52,0,0,-1024,0,-430,0,44,-6,322,0,0,-1,-1,-1,-1,-1,1,0,-1,-1,-1,0,36,8,-1024,0,36,0,0,0,0,0,0,0,297,0,0,0,0,0,0,0,0,0,0,0,0,0,0,0,0,0,0,0,0,0,0,0,0,0,0,0,0,0,0,0,0,0,0,0,0,0,0,0,0,0,0,0,0,0,0,0,0,0,0,0,
2026-05-29,09:08:53.000,8.31,100,98,0,-0.151,5.98,25,0.995,95,0,0.000,100,100,-0.23,-8.77,0.00,0,55.416300 12.873400,2,2026-05-29 09:08:53,0,0,-1024,0,-430,0,45,0,322,0,0,-1,-1,-1,-1,-1,1,0,-1,-1,-1,0,36,8,-1024,0,36,0,0,0,0,0,0,0,298,0,0,0,0,0,0,0,0,0,0,0,0,0,0,0,0,0,0,0,0,0,0,0,0,0,0,0,0,0,0,0,0,0,0,0,0,0,0,0,0,0,0,0,0,0,0,0,0,0,0,0,
2026-05-29,09:08:53.140,8.31,100,98,0,-0.152,5.99,25,0.993,93,0,0.000,100,100,-0.23,-8.78,0.00,0,55.416300 12.873400,2,2026-05-29 09:08:53,0,0,-1024,0,-429,0,45,-12,322,0,0,-1,-1,-1,-1,-1,1,0,-1,-1,-1,0,36,8,-1024,0,36,0,0,0,0,0,0,0,298,0,0,0,0,0,0,0,0,0,0,0,0,0,0,0,0,0,0,0,0,0,0,0,0,0,0,0,0,0,0,0,0,0,0,0,0,0,0,0,0,0,0,0,0,0,0,0,0,0,0,0,
2026-05-29,09:08:53.260,8.31,100,98,0,-0.151,5.99,25,0.990,92,0,0.000,100,100,-0.23,-8.78,0.00,0,55.416300 12.873400,2,2026-05-29 09:08:53,0,0,-1024,0,-430,0,45,-4,322,0,0,-1,-1,-1,-1,-1,1,0,-1,-1,-1,0,36,8,-1024,0,36,0,0,0,0,0,0,0,297,0,0,0,0,0,0,0,0,0,0,0,0,0,0,0,0,0,0,0,0,0,0,0,0,0,0,0,0,0,0,0,0,0,0,0,0,0,0,0,0,0,0,0,0,0,0,0,0,0,0,0,
2026-05-29,09:08:53.370,8.31,100,98,0,-0.151,6.00,25,0.989,93,0,0.000,100,100,-0.23,-8.78,0.00,0,55.416300 12.873400,2,2026-05-29 09:08:53,0,0,-1024,0,-430,0,45,-1,322,0,0,-1,-1,-1,-1,-1,1,0,-1,-1,-1,0,36,8,-1024,0,36,0,0,0,0,0,0,0,297,0,0,0,0,0,0,0,0,0,0,0,0,0,0,0,0,0,0,0,0,0,0,0,0,0,0,0,0,0,0,0,0,0,0,0,0,0,0,0,0,0,0,0,0,0,0,0,0,0,0,0,
2026-05-29,09:08:53.490,8.31,100,98,0,-0.151,6.00,25,0.989,95,0,0.000,100,100,-0.23,-8.79,0.00,0,55.416300 12.873400,2,2026-05-29 09:08:53,0,0,-1023,0,-430,0,44,-1,322,0,0,-1,-1,-1,-1,-1,1,0,-1,-1,-1,0,36,8,-1023,0,36,0,0,0,0,0,0,0,297,0,0,0,0,0,0,0,0,0,0,0,0,0,0,0,0,0,0,0,0,0,0,0,0,0,0,0,0,0,0,0,0,0,0,0,0,0,0,0,0,0,0,0,0,0,0,0,0,0,0,0,
2026-05-29,09:08:53.610,8.31,100,99,0,-0.151,6.00,25,0.991,93,0,0.000,100,100,-0.24,-8.79,0.00,0,55.416300 12.873400,2,2026-05-29 09:08:53,0,0,-1024,0,-430,0,45,-2,322,0,0,-1,-1,-1,-1,-1,1,0,-1,-1,-1,0,36,8,-1023,0,36,0,0,0,0,0,0,0,298,0,0,0,0,0,0,0,0,0,0,0,0,0,0,0,0,0,0,0,0,0,0,0,0,0,0,0,0,0,0,0,0,0,0,0,0,0,0,0,0,0,0,0,0,0,0,0,0,0,0,0,
2026-05-29,09:08:53.730,8.31,100,99,0,-0.151,5.97,25,0.992,95,0,0.000,100,100,-0.24,-8.80,0.00,0,55.416300 12.873400,2,2026-05-29 09:08:53,0,0,-1024,0,-430,0,44,-6,322,0,0,-1,-1,-1,-1,-1,1,0,-1,-1,-1,0,36,8,-1024,0,36,0,0,0,0,0,0,0,297,0,0,0,0,0,0,0,0,0,0,0,0,0,0,0,0,0,0,0,0,0,0,0,0,0,0,0,0,0,0,0,0,0,0,0,0,0,0,0,0,0,0,0,0,0,0,0,0,0,0,0,
2026-05-29,09:08:53.840,8.31,100,99,0,-0.151,5.98,25,0.992,94,0,0.000,100,100,-0.24,-8.80,0.00,0,55.416300 12.873400,2,2026-05-29 09:08:53,0,0,-1024,0,-429,0,44,0,321,0,0,-1,-1,-1,-1,-1,1,0,-1,-1,-1,0,36,8,-1024,0,36,0,0,0,0,0,0,0,298,0,0,0,0,0,0,0,0,0,0,0,0,0,0,0,0,0,0,0,0,0,0,0,0,0,0,0,0,0,0,0,0,0,0,0,0,0,0,0,0,0,0,0,0,0,0,0,0,0,0,0,
2026-05-29,09:08:53.970,8.31,100,100,0,-0.152,5.98,25,0.991,93,0,0.000,100,100,-0.24,-8.80,0.00,0,55.416300 12.873400,2,2026-05-29 09:08:54,0,0,-1024,0,-429,0,44,-6,322,0,0,-1,-1,-1,-1,-1,1,0,-1,-1,-1,0,36,8,-1024,0,36,0,0,0,0,0,0,0,298,0,0,0,0,0,0,0,0,0,0,0,0,0,0,0,0,0,0,0,0,0,0,0,0,0,0,0,0,0,0,0,0,0,0,0,0,0,0,0,0,0,0,0,0,0,0,0,0,0,0,0,
2026-05-29,09:08:54.090,8.31,100,99,0,-0.150,5.99,25,0.993,93,0,0.000,100,100,-0.24,-8.80,0.00,0,55.416300 12.873400,2,2026-05-29 09:08:54,0,0,-1024,0,-430,0,45,-1,322,0,0,-1,-1,-1,-1,-1,1,0,-1,-1,-1,0,36,8,-1024,0,36,0,0,0,0,0,0,0,297,0,0,0,0,0,0,0,0,0,0,0,0,0,0,0,0,0,0,0,0,0,0,0,0,0,0,0,0,0,0,0,0,0,0,0,0,0,0,0,0,0,0,0,0,0,0,0,0,0,0,0,
2026-05-29,09:08:54.210,8.31,100,99,0,-0.153,5.99,25,0.997,91,0,0.000,100,100,-0.25,-8.81,0.00,0,55.416300 12.873400,2,2026-05-29 09:08:54,0,0,-1024,0,-430,0,45,-5,322,0,0,-1,-1,-1,-1,-1,1,0,-1,-1,-1,0,36,8,-1024,0,36,0,0,0,0,0,0,0,297,0,0,0,0,0,0,0,0,0,0,0,0,0,0,0,0,0,0,0,0,0,0,0,0,0,0,0,0,0,0,0,0,0,0,0,0,0,0,0,0,0,0,0,0,0,0,0,0,0,0,0,
2026-05-29,09:08:54.320,8.31,100,99,0,-0.153,6.00,25,0.997,90,0,0.000,100,100,-0.25,-8.81,0.00,0,55.416300 12.873400,2,2026-05-29 09:08:54,0,0,-1023,0,-429,1,44,-2,321,0,0,-1,-1,-1,-1,-1,1,0,-1,-1,-1,0,36,8,-1023,0,36,0,0,0,0,0,0,0,297,0,0,0,0,0,0,0,0,0,0,0,0,0,0,0,0,0,0,0,0,0,0,0,0,0,0,0,0,0,0,0,0,0,0,0,0,0,0,0,0,0,0,0,0,0,0,0,0,0,0,0,
2026-05-29,09:08:54.440,8.31,100,100,0,-0.151,6.00,25,0.995,89,0,0.000,100,100,-0.24,-8.81,0.00,0,55.416300 12.873400,2,2026-05-29 09:08:54,0,0,-1024,0,-430,0,44,-20,322,0,0,-1,-1,-1,-1,-1,1,0,-1,-1,-1,0,36,8,-1023,0,36,0,0,0,0,0,0,0,298,0,0,0,0,0,0,0,0,0,0,0,0,0,0,0,0,0,0,0,0,0,0,0,0,0,0,0,0,0,0,0,0,0,0,0,0,0,0,0,0,0,0,0,0,0,0,0,0,0,0,0,
2026-05-29,09:08:54.560,8.31,100,100,0,-0.152,6.00,25,0.996,88,0,0.000,100,100,-0.24,-8.82,0.00,0,55.416300 12.873400,2,2026-05-29 09:08:54,0,0,-1024,0,-429,0,44,-1,321,0,0,-1,-1,-1,-1,-1,1,0,-1,-1,-1,0,36,8,-1024,0,36,0,0,0,0,0,0,0,298,0,0,0,0,0,0,0,0,0,0,0,0,0,0,0,0,0,0,0,0,0,0,0,0,0,0,0,0,0,0,0,0,0,0,0,0,0,0,0,0,0,0,0,0,0,0,0,0,0,0,0,
2026-05-29,09:08:54.680,8.31,100,100,0,-0.152,6.00,25,0.996,88,0,0.000,100,100,-0.24,-8.82,0.00,0,55.416300 12.873400,2,2026-05-29 09:08:54,0,0,-1024,0,-430,2,44,-11,321,0,0,-1,-1,-1,-1,-1,1,0,-1,-1,-1,0,36,8,-1024,0,36,0,0,0,0,0,0,0,298,0,0,0,0,0,0,0,0,0,0,0,0,0,0,0,0,0,0,0,0,0,0,0,0,0,0,0,0,0,0,0,0,0,0,0,0,0,0,0,0,0,0,0,0,0,0,0,0,0,0,0,
2026-05-29,09:08:54.810,8.31,100,99,0,-0.153,6.00,25,0.991,91,0,0.000,100,100,-0.23,-8.82,0.00,0,55.416300 12.873400,2,2026-05-29 09:08:54,0,0,-1024,0,-430,0,45,-4,322,0,0,-1,-1,-1,-1,-1,1,0,-1,-1,-1,0,36,8,-1024,0,36,0,0,0,0,0,0,0,297,0,0,0,0,0,0,0,0,0,0,0,0,0,0,0,0,0,0,0,0,0,0,0,0,0,0,0,0,0,0,0,0,0,0,0,0,0,0,0,0,0,0,0,0,0,0,0,0,0,0,0,
2026-05-29,09:08:54.960,8.31,100,100,0,-0.150,6.00,25,0.988,93,0,0.001,100,100,-0.24,-8.82,0.00,0,55.416300 12.873400,2,2026-05-29 09:08:55,0,0,-1024,0,-430,0,44,-1,322,0,0,-1,-1,-1,-1,-1,1,0,-1,-1,-1,0,36,8,-1024,0,36,0,0,0,0,0,0,0,297,0,0,0,0,0,0,0,0,0,0,0,0,0,0,0,0,0,0,0,0,0,0,0,0,0,0,0,0,0,0,0,0,0,0,0,0,0,0,0,0,0,0,0,0,0,0,0,0,0,0,0,
2026-05-29,09:08:55.070,8.31,100,99,0,-0.150,6.00,25,0.984,93,0,0.001,100,100,-0.24,-8.82,0.00,0,55.416300 12.873400,2,2026-05-29 09:08:55,0,0,-1024,0,-430,1,45,-6,322,0,0,-1,-1,-1,-1,-1,1,0,-1,-1,-1,0,36,8,-1024,0,36,0,0,0,0,0,0,0,298,0,0,0,0,0,0,0,0,0,0,0,0,0,0,0,0,0,0,0,0,0,0,0,0,0,0,0,0,0,0,0,0,0,0,0,0,0,0,0,0,0,0,0,0,0,0,0,0,0,0,0,
2026-05-29,09:08:55.190,8.31,100,99,0,-0.150,5.97,25,0.984,94,0,0.001,100,100,-0.24,-8.82,0.00,0,55.416300 12.873400,2,2026-05-29 09:08:55,0,0,-1024,0,-429,1,45,-9,322,0,0,-1,-1,-1,-1,-1,1,0,-1,-1,-1,0,36,8,-1024,0,36,0,0,0,0,0,0,0,298,0,0,0,0,0,0,0,0,0,0,0,0,0,0,0,0,0,0,0,0,0,0,0,0,0,0,0,0,0,0,0,0,0,0,0,0,0,0,0,0,0,0,0,0,0,0,0,0,0,0,0,
2026-05-29,09:08:55.310,8.31,100,99,0,-0.150,5.98,25,0.995,91,0,0.000,100,100,-0.24,-8.82,0.00,0,55.416300 12.873400,2,2026-05-29 09:08:55,0,0,-1024,0,-429,2,45,-20,321,0,0,-1,-1,-1,-1,-1,1,0,-1,-1,-1,0,36,8,-1024,0,36,0,0,0,0,0,0,0,298,0,0,0,0,0,0,0,0,0,0,0,0,0,0,0,0,0,0,0,0,0,0,0,0,0,0,0,0,0,0,0,0,0,0,0,0,0,0,0,0,0,0,0,0,0,0,0,0,0,0,0,
2026-05-29,09:08:55.420,8.31,100,99,0,-0.154,5.98,25,0.993,91,0,0.000,100,100,-0.24,-8.82,0.00,0,55.416300 12.873400,2,2026-05-29 09:08:55,0,0,-1024,0,-429,2,45,-6,322,0,0,-1,-1,-1,-1,-1,1,0,-1,-1,-1,0,36,8,-1024,0,36,0,0,0,0,0,0,0,298,0,0,0,0,0,0,0,0,0,0,0,0,0,0,0,0,0,0,0,0,0,0,0,0,0,0,0,0,0,0,0,0,0,0,0,0,0,0,0,0,0,0,0,0,0,0,0,0,0,0,0,
2026-05-29,09:08:55.540,8.31,100,99,0,-0.154,5.99,25,0.993,92,0,0.000,100,100,-0.24,-8.82,0.00,0,55.416300 12.873400,2,2026-05-29 09:08:55,0,0,-1024,0,-430,1,45,-11,322,0,0,-1,-1,-1,-1,-1,1,0,-1,-1,-1,0,36,8,-1024,0,36,0,0,0,0,0,0,0,298,0,0,0,0,0,0,0,0,0,0,0,0,0,0,0,0,0,0,0,0,0,0,0,0,0,0,0,0,0,0,0,0,0,0,0,0,0,0,0,0,0,0,0,0,0,0,0,0,0,0,0,
2026-05-29,09:08:55.660,8.31,100,100,0,-0.151,5.99,25,0.989,94,0,0.000,100,100,-0.25,-8.82,0.00,0,55.416300 12.873400,2,2026-05-29 09:08:55,0,0,-1024,0,-429,2,45,-17,321,0,0,-1,-1,-1,-1,-1,1,0,-1,-1,-1,0,36,8,-1024,0,36,0,0,0,0,0,0,0,298,0,0,0,0,0,0,0,0,0,0,0,0,0,0,0,0,0,0,0,0,0,0,0,0,0,0,0,0,0,0,0,0,0,0,0,0,0,0,0,0,0,0,0,0,0,0,0,0,0,0,0,
2026-05-29,09:08:55.770,8.31,100,100,0,-0.151,6.00,25,0.989,93,0,0.000,100,100,-0.24,-8.82,0.00,0,55.416300 12.873400,2,2026-05-29 09:08:55,0,0,-1024,0,-429,0,45,-22,321,0,0,-1,-1,-1,-1,-1,1,0,-1,-1,-1,0,36,8,-1024,0,36,0,0,0,0,0,0,0,298,0,0,0,0,0,0,0,0,0,0,0,0,0,0,0,0,0,0,0,0,0,0,0,0,0,0,0,0,0,0,0,0,0,0,0,0,0,0,0,0,0,0,0,0,0,0,0,0,0,0,0,
2026-05-29,09:08:55.890,8.31,100,100,0,-0.150,6.00,25,0.989,94,0,0.002,100,100,-0.24,-8.82,0.00,0,55.416300 12.873400,2,2026-05-29 09:08:55,0,0,-1024,0,-430,1,45,-19,322,0,0,-1,-1,-1,-1,-1,1,0,-1,-1,-1,0,36,8,-1024,0,36,0,0,0,0,0,0,0,297,0,0,0,0,0,0,0,0,0,0,0,0,0,0,0,0,0,0,0,0,0,0,0,0,0,0,0,0,0,0,0,0,0,0,0,0,0,0,0,0,0,0,0,0,0,0,0,0,0,0,0,
2026-05-29,09:08:56.020,8.31,100,100,0,-0.150,6.00,25,0.989,95,0,0.002,100,100,-0.24,-8.83,0.00,0,55.416300 12.873400,2,2026-05-29 09:08:56,0,0,-1024,0,-430,0,44,-7,322,0,0,-1,-1,-1,-1,-1,1,0,-1,-1,-1,0,36,8,-1024,0,36,0,0,0,0,0,0,0,297,0,0,0,0,0,0,0,0,0,0,0,0,0,0,0,0,0,0,0,0,0,0,0,0,0,0,0,0,0,0,0,0,0,0,0,0,0,0,0,0,0,0,0,0,0,0,0,0,0,0,0,
2026-05-29,09:08:56.140,8.31,100,100,0,-0.150,6.00,25,0.988,96,0,0.000,100,100,-0.25,-8.83,0.00,0,55.416300 12.873400,2,2026-05-29 09:08:56,0,0,-1024,0,-430,0,45,-14,322,0,0,-1,-1,-1,-1,-1,1,0,-1,-1,-1,0,36,8,-1024,0,36,0,0,0,0,0,0,0,297,0,0,0,0,0,0,0,0,0,0,0,0,0,0,0,0,0,0,0,0,0,0,0,0,0,0,0,0,0,0,0,0,0,0,0,0,0,0,0,0,0,0,0,0,0,0,0,0,0,0,0,
2026-05-29,09:08:56.250,8.31,100,100,0,-0.151,6.00,25,0.988,95,0,0.001,100,100,-0.24,-8.83,0.00,0,55.416300 12.873400,2,2026-05-29 09:08:56,0,0,-1024,0,-430,0,45,-11,322,0,0,-1,-1,-1,-1,-1,1,0,-1,-1,-1,0,36,8,-1024,0,36,0,0,0,0,0,0,0,297,0,0,0,0,0,0,0,0,0,0,0,0,0,0,0,0,0,0,0,0,0,0,0,0,0,0,0,0,0,0,0,0,0,0,0,0,0,0,0,0,0,0,0,0,0,0,0,0,0,0,0,
2026-05-29,09:08:56.380,8.30,100,100,0,-0.151,6.00,25,0.988,94,0,0.001,100,100,-0.24,-8.83,0.00,0,55.416300 12.873400,2,2026-05-29 09:08:56,0,0,-1024,0,-429,0,44,-5,322,0,0,-1,-1,-1,-1,-1,1,0,-1,-1,-1,0,36,8,-1024,0,36,0,0,0,0,0,0,0,298,0,0,0,0,0,0,0,0,0,0,0,0,0,0,0,0,0,0,0,0,0,0,0,0,0,0,0,0,0,0,0,0,0,0,0,0,0,0,0,0,0,0,0,0,0,0,0,0,0,0,0,
2026-05-29,09:08:56.490,8.30,100,100,0,-0.152,6.00,25,0.993,93,0,0.000,100,100,-0.25,-8.83,0.00,0,55.416300 12.873400,2,2026-05-29 09:08:56,0,0,-1024,0,-430,0,44,-2,322,0,0,-1,-1,-1,-1,-1,1,0,-1,-1,-1,0,36,8,-1024,0,36,0,0,0,0,0,0,0,297,0,0,0,0,0,0,0,0,0,0,0,0,0,0,0,0,0,0,0,0,0,0,0,0,0,0,0,0,0,0,0,0,0,0,0,0,0,0,0,0,0,0,0,0,0,0,0,0,0,0,0,
2026-05-29,09:08:56.610,8.30,100,100,0,-0.151,6.00,25,0.992,92,0,0.001,100,100,-0.25,-8.83,0.00,0,55.416300 12.873400,2,2026-05-29 09:08:56,0,0,-1024,0,-429,1,45,-21,322,0,0,-1,-1,-1,-1,-1,1,0,-1,-1,-1,0,36,8,-1024,0,36,0,0,0,0,0,0,0,297,0,0,0,0,0,0,0,0,0,0,0,0,0,0,0,0,0,0,0,0,0,0,0,0,0,0,0,0,0,0,0,0,0,0,0,0,0,0,0,0,0,0,0,0,0,0,0,0,0,0,0,
2026-05-29,09:08:56.730,8.31,100,100,0,-0.151,6.00,25,0.992,92,0,0.000,100,100,-0.25,-8.83,0.00,0,55.416300 12.873400,2,2026-05-29 09:08:56,0,0,-1024,0,-430,0,45,-7,322,0,0,-1,-1,-1,-1,-1,1,0,-1,-1,-1,0,36,8,-1024,0,36,0,0,0,0,0,0,0,297,0,0,0,0,0,0,0,0,0,0,0,0,0,0,0,0,0,0,0,0,0,0,0,0,0,0,0,0,0,0,0,0,0,0,0,0,0,0,0,0,0,0,0,0,0,0,0,0,0,0,0,
2026-05-29,09:08:56.840,8.31,100,100,0,-0.151,6.00,25,0.990,92,0,0.000,100,100,-0.25,-8.83,0.00,0,55.416300 12.873400,2,2026-05-29 09:08:56,0,0,-1023,0,-429,0,45,-1,322,0,0,-1,-1,-1,-1,-1,1,0,-1,-1,-1,0,36,8,-1024,0,36,0,0,0,0,0,0,0,297,0,0,0,0,0,0,0,0,0,0,0,0,0,0,0,0,0,0,0,0,0,0,0,0,0,0,0,0,0,0,0,0,0,0,0,0,0,0,0,0,0,0,0,0,0,0,0,0,0,0,0,
2026-05-29,09:08:56.960,8.31,100,100,0,-0.150,6.00,25,0.989,92,0,0.000,100,100,-0.25,-8.83,0.00,0,55.416300 12.873400,2,2026-05-29 09:08:56,0,0,-1023,0,-429,1,45,-15,321,0,0,-1,-1,-1,-1,-1,1,0,-1,-1,-1,0,36,8,-1023,0,36,0,0,0,0,0,0,0,298,0,0,0,0,0,0,0,0,0,0,0,0,0,0,0,0,0,0,0,0,0,0,0,0,0,0,0,0,0,0,0,0,0,0,0,0,0,0,0,0,0,0,0,0,0,0,0,0,0,0,0,
2026-05-29,09:08:57.090,8.31,100,100,0,-0.152,6.00,25,0.992,94,0,0.001,100,100,-0.25,-8.83,0.00,0,55.416300 12.873400,2,2026-05-29 09:08:57,0,0,-1024,0,-430,1,46,-3,322,0,0,-1,-1,-1,-1,-1,1,0,-1,-1,-1,0,36,8,-1024,0,36,0,0,0,0,0,0,0,297,0,0,0,0,0,0,0,0,0,0,0,0,0,0,0,0,0,0,0,0,0,0,0,0,0,0,0,0,0,0,0,0,0,0,0,0,0,0,0,0,0,0,0,0,0,0,0,0,0,0,0,
2026-05-29,09:08:57.200,8.31,100,100,0,-0.152,6.00,25,0.992,93,0,0.001,100,100,-0.25,-8.83,0.00,0,55.416300 12.873400,2,2026-05-29 09:08:57,0,0,-1023,0,-430,1,45,-2,322,0,0,-1,-1,-1,-1,-1,1,0,-1,-1,-1,0,36,8,-1023,0,36,0,0,0,0,0,0,0,297,0,0,0,0,0,0,0,0,0,0,0,0,0,0,0,0,0,0,0,0,0,0,0,0,0,0,0,0,0,0,0,0,0,0,0,0,0,0,0,0,0,0,0,0,0,0,0,0,0,0,0,
2026-05-29,09:08:57.320,8.31,100,100,0,-0.150,6.00,25,0.989,93,0,0.000,100,100,-0.25,-8.84,0.00,0,55.416300 12.873400,2,2026-05-29 09:08:57,0,0,-1023,0,-429,0,44,0,322,0,0,-1,-1,-1,-1,-1,1,0,-1,-1,-1,0,36,8,-1023,0,36,0,0,0,0,0,0,0,298,0,0,0,0,0,0,0,0,0,0,0,0,0,0,0,0,0,0,0,0,0,0,0,0,0,0,0,0,0,0,0,0,0,0,0,0,0,0,0,0,0,0,0,0,0,0,0,0,0,0,0,
2026-05-29,09:08:57.430,8.31,100,99,0,-0.152,6.00,25,0.995,92,0,0.000,100,100,-0.25,-8.84,0.00,0,55.416300 12.873400,2,2026-05-29 09:08:57,0,0,-1024,0,-430,2,44,0,322,0,0,-1,-1,-1,-1,-1,1,0,-1,-1,-1,0,36,8,-1024,0,36,0,0,0,0,0,0,0,297,0,0,0,0,0,0,0,0,0,0,0,0,0,0,0,0,0,0,0,0,0,0,0,0,0,0,0,0,0,0,0,0,0,0,0,0,0,0,0,0,0,0,0,0,0,0,0,0,0,0,0,
2026-05-29,09:08:57.540,8.31,100,99,0,-0.152,6.00,25,0.995,90,0,0.000,100,100,-0.25,-8.84,0.00,0,55.416300 12.873400,2,2026-05-29 09:08:57,0,0,-1024,0,-430,1,44,-3,322,0,0,-1,-1,-1,-1,-1,1,0,-1,-1,-1,0,36,8,-1024,0,36,0,0,0,0,0,0,0,297,0,0,0,0,0,0,0,0,0,0,0,0,0,0,0,0,0,0,0,0,0,0,0,0,0,0,0,0,0,0,0,0,0,0,0,0,0,0,0,0,0,0,0,0,0,0,0,0,0,0,0,
2026-05-29,09:08:57.680,8.31,100,99,0,-0.152,6.00,25,0.999,87,0,0.000,100,100,-0.25,-8.84,0.00,0,55.416300 12.873400,2,2026-05-29 09:08:57,0,0,-1023,0,-430,0,44,-3,322,0,0,-1,-1,-1,-1,-1,1,0,-1,-1,-1,0,36,8,-1023,0,36,0,0,0,0,0,0,0,297,0,0,0,0,0,0,0,0,0,0,0,0,0,0,0,0,0,0,0,0,0,0,0,0,0,0,0,0,0,0,0,0,0,0,0,0,0,0,0,0,0,0,0,0,0,0,0,0,0,0,0,
2026-05-29,09:08:57.800,8.31,100,98,0,-0.152,6.00,25,0.992,85,0,0.000,100,100,-0.25,-8.84,0.00,0,55.416300 12.873400,2,2026-05-29 09:08:57,0,0,-1024,0,-429,0,44,0,321,0,0,-1,-1,-1,-1,-1,1,0,-1,-1,-1,0,36,8,-1023,0,36,0,0,0,0,0,0,0,298,0,0,0,0,0,0,0,0,0,0,0,0,0,0,0,0,0,0,0,0,0,0,0,0,0,0,0,0,0,0,0,0,0,0,0,0,0,0,0,0,0,0,0,0,0,0,0,0,0,0,0,
2026-05-29,09:08:57.910,8.31,100,98,0,-0.152,6.00,25,0.992,84,0,0.000,100,100,-0.25,-8.84,0.00,0,55.416300 12.873400,2,2026-05-29 09:08:57,0,0,-1024,0,-430,0,45,-5,322,0,0,-1,-1,-1,-1,-1,1,0,-1,-1,-1,0,36,8,-1024,0,36,0,0,0,0,0,0,0,297,0,0,0,0,0,0,0,0,0,0,0,0,0,0,0,0,0,0,0,0,0,0,0,0,0,0,0,0,0,0,0,0,0,0,0,0,0,0,0,0,0,0,0,0,0,0,0,0,0,0,0,
2026-05-29,09:08:58.020,8.31,100,98,0,-0.151,6.00,25,0.992,85,0,0.000,100,100,-0.25,-8.84,0.00,0,55.416300 12.873400,3,2026-05-29 09:08:58,0,0,-1024,0,-430,0,44,-16,322,0,0,-1,-1,-1,-1,-1,1,0,-1,-1,-1,0,36,8,-1024,0,36,0,0,0,0,0,0,0,297,0,0,0,0,0,0,0,0,0,0,0,0,0,0,0,0,0,0,0,0,0,0,0,0,0,0,0,0,0,0,0,0,0,0,0,0,0,0,0,0,0,0,0,0,0,0,0,0,0,0,0,
2026-05-29,09:08:58.140,8.31,100,98,0,-0.151,5.97,25,0.990,84,0,0.000,100,100,-0.25,-8.84,0.00,0,55.416300 12.873400,3,2026-05-29 09:08:58,0,0,-1024,0,-429,0,45,-7,322,0,0,-1,-1,-1,-1,-1,1,0,-1,-1,-1,0,36,8,-1024,0,36,0,0,0,0,0,0,0,297,0,0,0,0,0,0,0,0,0,0,0,0,0,0,0,0,0,0,0,0,0,0,0,0,0,0,0,0,0,0,0,0,0,0,0,0,0,0,0,0,0,0,0,0,0,0,0,0,0,0,0,
2026-05-29,09:08:58.270,8.31,100,98,0,-0.151,5.98,25,0.991,82,0,0.000,100,100,-0.25,-8.84,0.00,0,55.416300 12.873400,3,2026-05-29 09:08:58,0,0,-1024,0,-430,0,45,-13,321,0,0,-1,-1,-1,-1,-1,1,0,-1,-1,-1,0,36,8,-1024,0,36,0,0,0,0,0,0,0,297,0,0,0,0,0,0,0,0,0,0,0,0,0,0,0,0,0,0,0,0,0,0,0,0,0,0,0,0,0,0,0,0,0,0,0,0,0,0,0,0,0,0,0,0,0,0,0,0,0,0,0,
2026-05-29,09:08:58.390,8.31,100,97,0,-0.151,5.98,25,0.991,81,0,0.001,100,100,-0.25,-8.84,0.00,0,55.416300 12.873400,3,2026-05-29 09:08:58,0,0,-1024,0,-429,0,45,-5,322,0,0,-1,-1,-1,-1,-1,1,0,-1,-1,-1,0,36,8,-1024,0,36,0,0,0,0,0,0,0,298,0,0,0,0,0,0,0,0,0,0,0,0,0,0,0,0,0,0,0,0,0,0,0,0,0,0,0,0,0,0,0,0,0,0,0,0,0,0,0,0,0,0,0,0,0,0,0,0,0,0,0,
2026-05-29,09:08:58.510,8.31,100,96,0,-0.149,5.99,25,0.991,80,0,0.000,100,100,-0.25,-8.84,0.00,0,55.416300 12.873400,3,2026-05-29 09:08:58,0,0,-1024,0,-429,0,45,0,322,0,0,-1,-1,-1,-1,-1,1,0,-1,-1,-1,0,36,8,-1024,0,36,0,0,0,0,0,0,0,298,0,0,0,0,0,0,0,0,0,0,0,0,0,0,0,0,0,0,0,0,0,0,0,0,0,0,0,0,0,0,0,0,0,0,0,0,0,0,0,0,0,0,0,0,0,0,0,0,0,0,0,
2026-05-29,09:08:58.620,8.31,100,96,0,-0.152,5.97,25,0.991,80,0,0.000,100,100,-0.25,-8.84,0.00,0,55.416300 12.873400,3,2026-05-29 09:08:58,0,0,-1024,0,-429,0,44,-20,322,0,0,-1,-1,-1,-1,-1,1,0,-1,-1,-1,0,36,8,-1024,0,36,0,0,0,0,0,0,0,297,0,0,0,0,0,0,0,0,0,0,0,0,0,0,0,0,0,0,0,0,0,0,0,0,0,0,0,0,0,0,0,0,0,0,0,0,0,0,0,0,0,0,0,0,0,0,0,0,0,0,0,
2026-05-29,09:08:58.760,8.31,100,96,0,-0.152,5.95,25,0.991,78,0,0.000,100,100,-0.25,-8.84,0.00,0,55.416300 12.873400,3,2026-05-29 09:08:58,0,0,-1024,0,-430,1,44,0,322,0,0,-1,-1,-1,-1,-1,1,0,-1,-1,-1,0,36,8,-1024,0,36,0,0,0,0,0,0,0,297,0,0,0,0,0,0,0,0,0,0,0,0,0,0,0,0,0,0,0,0,0,0,0,0,0,0,0,0,0,0,0,0,0,0,0,0,0,0,0,0,0,0,0,0,0,0,0,0,0,0,0,
2026-05-29,09:08:58.880,8.30,100,95,0,-0.152,5.96,25,0.992,78,0,0.000,100,100,-0.24,-8.84,0.00,0,55.416300 12.873400,3,2026-05-29 09:08:58,0,0,-1023,0,-430,1,44,-1,322,0,0,-1,-1,-1,-1,-1,1,0,-1,-1,-1,0,36,8,-1023,0,36,0,0,0,0,0,0,0,297,0,0,0,0,0,0,0,0,0,0,0,0,0,0,0,0,0,0,0,0,0,0,0,0,0,0,0,0,0,0,0,0,0,0,0,0,0,0,0,0,0,0,0,0,0,0,0,0,0,0,0,
2026-05-29,09:08:59.030,8.31,100,96,0,-0.151,5.98,25,0.991,79,0,0.000,100,100,-0.25,-8.84,0.00,0,55.416300 12.873400,3,2026-05-29 09:08:59,0,0,-1024,0,-430,0,45,-4,321,0,0,-1,-1,-1,-1,-1,1,0,-1,-1,-1,0,36,8,-1024,0,36,0,0,0,0,0,0,0,297,0,0,0,0,0,0,0,0,0,0,0,0,0,0,0,0,0,0,0,0,0,0,0,0,0,0,0,0,0,0,0,0,0,0,0,0,0,0,0,0,0,0,0,0,0,0,0,0,0,0,0,
2026-05-29,09:08:59.150,8.31,100,96,0,-0.151,5.99,25,0.990,81,0,0.000,100,100,-0.25,-8.84,0.00,0,55.416300 12.873400,3,2026-05-29 09:08:59,0,0,-1024,0,-430,0,45,-16,322,0,0,-1,-1,-1,-1,-1,1,0,-1,-1,-1,0,36,8,-1024,0,36,0,0,0,0,0,0,0,297,0,0,0,0,0,0,0,0,0,0,0,0,0,0,0,0,0,0,0,0,0,0,0,0,0,0,0,0,0,0,0,0,0,0,0,0,0,0,0,0,0,0,0,0,0,0,0,0,0,0,0,
2026-05-29,09:08:59.270,8.31,100,96,0,-0.152,5.99,25,0.990,82,0,0.000,100,100,-0.25,-8.84,0.00,0,55.416300 12.873400,3,2026-05-29 09:08:59,0,0,-1024,0,-429,0,45,0,321,0,0,-1,-1,-1,-1,-1,1,0,-1,-1,-1,0,36,8,-1023,0,36,0,0,0,0,0,0,0,298,0,0,0,0,0,0,0,0,0,0,0,0,0,0,0,0,0,0,0,0,0,0,0,0,0,0,0,0,0,0,0,0,0,0,0,0,0,0,0,0,0,0,0,0,0,0,0,0,0,0,0,
2026-05-29,09:08:59.380,8.31,100,96,0,-0.152,5.99,25,0.992,84,0,0.000,100,100,-0.25,-8.84,0.00,0,55.416300 12.873400,3,2026-05-29 09:08:59,0,0,-1024,0,-430,0,45,-21,322,0,0,-1,-1,-1,-1,-1,1,0,-1,-1,-1,0,36,8,-1024,0,36,0,0,0,0,0,0,0,297,0,0,0,0,0,0,0,0,0,0,0,0,0,0,0,0,0,0,0,0,0,0,0,0,0,0,0,0,0,0,0,0,0,0,0,0,0,0,0,0,0,0,0,0,0,0,0,0,0,0,0,
2026-05-29,09:08:59.500,8.31,100,95,0,-0.151,6.00,25,0.990,85,0,0.000,100,100,-0.25,-8.84,0.00,0,55.416300 12.873400,3,2026-05-29 09:08:59,0,0,-1024,0,-430,0,45,-3,321,0,0,-1,-1,-1,-1,-1,1,0,-1,-1,-1,0,36,8,-1024,0,36,0,0,0,0,0,0,0,297,0,0,0,0,0,0,0,0,0,0,0,0,0,0,0,0,0,0,0,0,0,0,0,0,0,0,0,0,0,0,0,0,0,0,0,0,0,0,0,0,0,0,0,0,0,0,0,0,0,0,0,
2026-05-29,09:08:59.640,8.31,100,95,0,-0.151,5.97,25,0.991,86,0,0.001,100,100,-0.24,-8.84,0.00,0,55.416300 12.873400,3,2026-05-29 09:08:59,0,0,-1024,0,-430,1,45,-8,321,0,0,-1,-1,-1,-1,-1,1,0,-1,-1,-1,0,36,8,-1024,0,36,0,0,0,0,0,0,0,297,0,0,0,0,0,0,0,0,0,0,0,0,0,0,0,0,0,0,0,0,0,0,0,0,0,0,0,0,0,0,0,0,0,0,0,0,0,0,0,0,0,0,0,0,0,0,0,0,0,0,0,
2026-05-29,09:08:59.750,8.31,100,94,0,-0.151,5.98,25,0.991,87,0,0.001,100,100,-0.24,-8.84,0.00,0,55.416300 12.873400,3,2026-05-29 09:08:59,0,0,-1024,0,-430,0,45,-5,322,0,0,-1,-1,-1,-1,-1,1,0,-1,-1,-1,0,36,8,-1024,0,36,0,0,0,0,0,0,0,297,0,0,0,0,0,0,0,0,0,0,0,0,0,0,0,0,0,0,0,0,0,0,0,0,0,0,0,0,0,0,0,0,0,0,0,0,0,0,0,0,0,0,0,0,0,0,0,0,0,0,0,
2026-05-29,09:08:59.870,8.31,100,95,0,-0.151,5.98,25,0.994,88,0,0.000,100,100,-0.25,-8.84,0.00,0,55.416300 12.873400,3,2026-05-29 09:08:59,0,0,-1024,0,-430,0,45,-5,322,0,0,-1,-1,-1,-1,-1,1,0,-1,-1,-1,0,36,8,-1024,0,36,0,0,0,0,0,0,0,297,0,0,0,0,0,0,0,0,0,0,0,0,0,0,0,0,0,0,0,0,0,0,0,0,0,0,0,0,0,0,0,0,0,0,0,0,0,0,0,0,0,0,0,0,0,0,0,0,0,0,0,
2026-05-29,09:08:59.980,8.31,100,96,0,-0.150,5.99,25,0.988,87,0,0.000,100,100,-0.24,-8.84,0.00,0,55.416300 12.873400,3,2026-05-29 09:09:00,0,0,-1024,0,-430,1,45,-9,322,0,0,-1,-1,-1,-1,-1,1,0,-1,-1,-1,0,36,8,-1024,0,36,0,0,0,0,0,0,0,297,0,0,0,0,0,0,0,0,0,0,0,0,0,0,0,0,0,0,0,0,0,0,0,0,0,0,0,0,0,0,0,0,0,0,0,0,0,0,0,0,0,0,0,0,0,0,0,0,0,0,0,
2026-05-29,09:09:00.090,8.31,100,96,0,-0.150,5.99,25,0.988,87,0,0.000,100,100,-0.24,-8.84,0.00,0,55.416300 12.873400,3,2026-05-29 09:09:00,0,0,-1023,0,-430,0,44,-20,322,0,0,-1,-1,-1,-1,-1,1,0,-1,-1,-1,0,36,8,-1023,0,36,0,0,0,0,0,0,0,297,0,0,0,0,0,0,0,0,0,0,0,0,0,0,0,0,0,0,0,0,0,0,0,0,0,0,0,0,0,0,0,0,0,0,0,0,0,0,0,0,0,0,0,0,0,0,0,0,0,0,0,
2026-05-29,09:09:00.210,8.31,100,98,0,-0.152,6.00,25,0.993,87,0,0.000,100,100,-0.24,-8.84,0.00,0,55.416300 12.873400,3,2026-05-29 09:09:00,0,0,-1024,0,-430,0,45,-4,321,0,0,-1,-1,-1,-1,-1,1,0,-1,-1,-1,0,36,8,-1024,0,36,0,0,0,0,0,0,0,297,0,0,0,0,0,0,0,0,0,0,0,0,0,0,0,0,0,0,0,0,0,0,0,0,0,0,0,0,0,0,0,0,0,0,0,0,0,0,0,0,0,0,0,0,0,0,0,0,0,0,0,
2026-05-29,09:09:00.330,8.31,100,98,0,-0.152,6.00,25,0.992,87,0,0.001,100,100,-0.24,-8.84,0.00,0,55.416300 12.873400,3,2026-05-29 09:09:00,0,0,-1024,0,-430,0,44,-5,322,0,0,-1,-1,-1,-1,-1,1,0,-1,-1,-1,0,36,8,-1024,0,36,0,0,0,0,0,0,0,297,0,0,0,0,0,0,0,0,0,0,0,0,0,0,0,0,0,0,0,0,0,0,0,0,0,0,0,0,0,0,0,0,0,0,0,0,0,0,0,0,0,0,0,0,0,0,0,0,0,0,0,
2026-05-29,09:09:00.450,8.31,100,99,0,-0.151,6.00,25,0.992,87,0,0.001,100,100,-0.24,-8.84,0.00,0,55.416300 12.873400,3,2026-05-29 09:09:00,0,0,-1024,0,-430,0,44,0,321,0,0,-1,-1,-1,-1,-1,1,0,-1,-1,-1,0,36,8,-1024,0,36,0,0,0,0,0,0,0,297,0,0,0,0,0,0,0,0,0,0,0,0,0,0,0,0,0,0,0,0,0,0,0,0,0,0,0,0,0,0,0,0,0,0,0,0,0,0,0,0,0,0,0,0,0,0,0,0,0,0,0,
2026-05-29,09:09:00.570,8.31,100,99,0,-0.151,6.00,25,0.991,86,0,0.000,100,100,-0.25,-8.84,0.00,0,55.416300 12.873400,3,2026-05-29 09:09:00,0,0,-1024,0,-429,0,43,0,322,0,0,-1,-1,-1,-1,-1,1,0,-1,-1,-1,0,36,8,-1024,0,36,0,0,0,0,0,0,0,297,0,0,0,0,0,0,0,0,0,0,0,0,0,0,0,0,0,0,0,0,0,0,0,0,0,0,0,0,0,0,0,0,0,0,0,0,0,0,0,0,0,0,0,0,0,0,0,0,0,0,0,
2026-05-29,09:09:00.690,8.31,100,100,0,-0.152,6.00,25,0.991,86,0,0.001,100,100,-0.25,-8.85,0.00,0,55.416300 12.873400,3,2026-05-29 09:09:00,0,0,-1024,0,-429,0,46,-2,322,0,0,-1,-1,-1,-1,-1,1,0,-1,-1,-1,0,36,8,-1024,0,36,0,0,0,0,0,0,0,298,0,0,0,0,0,0,0,0,0,0,0,0,0,0,0,0,0,0,0,0,0,0,0,0,0,0,0,0,0,0,0,0,0,0,0,0,0,0,0,0,0,0,0,0,0,0,0,0,0,0,0,
2026-05-29,09:09:00.800,8.31,100,100,0,-0.152,6.00,25,0.989,86,0,0.001,100,100,-0.25,-8.85,0.00,0,55.416300 12.873400,3,2026-05-29 09:09:00,0,0,-1023,0,-429,3,46,0,321,0,0,-1,-1,-1,-1,-1,1,0,-1,-1,-1,0,36,8,-1023,0,36,0,0,0,0,0,0,0,298,0,0,0,0,0,0,0,0,0,0,0,0,0,0,0,0,0,0,0,0,0,0,0,0,0,0,0,0,0,0,0,0,0,0,0,0,0,0,0,0,0,0,0,0,0,0,0,0,0,0,0,
2026-05-29,09:09:00.920,8.31,100,100,0,-0.152,6.00,25,0.989,86,0,0.001,100,100,-0.25,-8.84,0.00,0,55.416300 12.873400,3,2026-05-29 09:09:00,0,0,-1024,0,-430,0,44,0,322,0,0,-1,-1,-1,-1,-1,1,0,-1,-1,-1,0,36,8,-1024,0,36,0,0,0,0,0,0,0,297,0,0,0,0,0,0,0,0,0,0,0,0,0,0,0,0,0,0,0,0,0,0,0,0,0,0,0,0,0,0,0,0,0,0,0,0,0,0,0,0,0,0,0,0,0,0,0,0,0,0,0,
2026-05-29,09:09:01.050,8.31,100,100,0,-0.151,6.00,25,0.992,87,0,0.001,100,100,-0.25,-8.84,0.00,0,55.416300 12.873400,3,2026-05-29 09:09:01,0,0,-1024,0,-429,0,44,-3,321,0,0,-1,-1,-1,-1,-1,1,0,-1,-1,-1,0,36,8,-1024,0,36,0,0,0,0,0,0,0,298,0,0,0,0,0,0,0,0,0,0,0,0,0,0,0,0,0,0,0,0,0,0,0,0,0,0,0,0,0,0,0,0,0,0,0,0,0,0,0,0,0,0,0,0,0,0,0,0,0,0,0,
2026-05-29,09:09:01.160,8.31,100,100,0,-0.153,6.00,25,0.996,86,0,0.001,100,100,-0.23,-8.85,0.00,0,55.416300 12.873400,3,2026-05-29 09:09:01,0,0,-1024,0,-430,0,44,0,321,0,0,-1,-1,-1,-1,-1,1,0,-1,-1,-1,0,36,8,-1024,0,36,0,0,0,0,0,0,0,297,0,0,0,0,0,0,0,0,0,0,0,0,0,0,0,0,0,0,0,0,0,0,0,0,0,0,0,0,0,0,0,0,0,0,0,0,0,0,0,0,0,0,0,0,0,0,0,0,0,0,0,
2026-05-29,09:09:01.280,8.31,100,100,0,-0.153,6.00,25,0.996,85,0,0.001,100,100,-0.23,-8.85,0.00,0,55.416300 12.873400,3,2026-05-29 09:09:01,0,0,-1024,0,-429,0,44,-8,322,0,0,-1,-1,-1,-1,-1,1,0,-1,-1,-1,0,36,8,-1024,0,36,0,0,0,0,0,0,0,298,0,0,0,0,0,0,0,0,0,0,0,0,0,0,0,0,0,0,0,0,0,0,0,0,0,0,0,0,0,0,0,0,0,0,0,0,0,0,0,0,0,0,0,0,0,0,0,0,0,0,0,
2026-05-29,09:09:01.400,8.31,100,100,0,-0.151,6.00,25,0.992,85,0,0.000,100,100,-0.23,-8.85,0.00,0,55.416300 12.873400,3,2026-05-29 09:09:01,0,0,-1024,0,-429,2,45,-2,321,0,0,-1,-1,-1,-1,-1,1,0,-1,-1,-1,0,36,8,-1024,0,36,0,0,0,0,0,0,0,298,0,0,0,0,0,0,0,0,0,0,0,0,0,0,0,0,0,0,0,0,0,0,0,0,0,0,0,0,0,0,0,0,0,0,0,0,0,0,0,0,0,0,0,0,0,0,0,0,0,0,0,
2026-05-29,09:09:01.520,8.31,100,100,0,-0.151,5.97,25,0.991,84,0,0.001,100,100,-0.23,-8.85,0.00,0,55.416300 12.873400,3,2026-05-29 09:09:01,0,0,-1024,0,-430,0,44,-15,322,0,0,-1,-1,-1,-1,-1,1,0,-1,-1,-1,0,36,8,-1024,0,36,0,0,0,0,0,0,0,297,0,0,0,0,0,0,0,0,0,0,0,0,0,0,0,0,0,0,0,0,0,0,0,0,0,0,0,0,0,0,0,0,0,0,0,0,0,0,0,0,0,0,0,0,0,0,0,0,0,0,0,
2026-05-29,09:09:01.630,8.31,100,100,0,-0.151,5.98,25,0.991,84,0,0.001,100,100,-0.23,-8.85,0.00,0,55.416300 12.873400,3,2026-05-29 09:09:01,0,0,-1024,0,-430,0,45,-4,322,0,0,-1,-1,-1,-1,-1,1,0,-1,-1,-1,0,36,8,-1024,0,36,0,0,0,0,0,0,0,297,0,0,0,0,0,0,0,0,0,0,0,0,0,0,0,0,0,0,0,0,0,0,0,0,0,0,0,0,0,0,0,0,0,0,0,0,0,0,0,0,0,0,0,0,0,0,0,0,0,0,0,
2026-05-29,09:09:01.750,8.31,100,100,0,-0.151,5.98,25,0.989,84,0,0.002,100,100,-0.24,-8.85,0.00,0,55.416300 12.873400,3,2026-05-29 09:09:01,0,0,-1024,0,-430,0,45,-11,322,0,0,-1,-1,-1,-1,-1,1,0,-1,-1,-1,0,36,8,-1024,0,36,0,0,0,0,0,0,0,297,0,0,0,0,0,0,0,0,0,0,0,0,0,0,0,0,0,0,0,0,0,0,0,0,0,0,0,0,0,0,0,0,0,0,0,0,0,0,0,0,0,0,0,0,0,0,0,0,0,0,0,
2026-05-29,09:09:01.870,8.31,100,100,0,-0.152,5.99,25,0.993,84,0,0.000,100,100,-0.25,-8.85,0.00,0,55.416300 12.873400,3,2026-05-29 09:09:01,0,0,-1024,0,-430,1,45,-16,322,0,0,-1,-1,-1,-1,-1,1,0,-1,-1,-1,0,36,8,-1024,0,36,0,0,0,0,0,0,0,297,0,0,0,0,0,0,0,0,0,0,0,0,0,0,0,0,0,0,0,0,0,0,0,0,0,0,0,0,0,0,0,0,0,0,0,0,0,0,0,0,0,0,0,0,0,0,0,0,0,0,0,
2026-05-29,09:09:01.980,8.31,100,100,0,-0.150,5.99,25,0.993,84,0,0.000,100,100,-0.25,-8.85,0.00,0,55.416300 12.873400,3,2026-05-29 09:09:01,0,0,-1024,0,-430,0,44,-2,322,0,0,-1,-1,-1,-1,-1,1,0,-1,-1,-1,0,36,8,-1024,0,36,0,0,0,0,0,0,0,297,0,0,0,0,0,0,0,0,0,0,0,0,0,0,0,0,0,0,0,0,0,0,0,0,0,0,0,0,0,0,0,0,0,0,0,0,0,0,0,0,0,0,0,0,0,0,0,0,0,0,0,
2026-05-29,09:09:02.090,8.31,100,100,0,-0.150,6.00,25,0.993,84,0,0.000,100,100,-0.25,-8.85,0.00,0,55.416300 12.873400,3,2026-05-29 09:09:02,0,0,-1024,0,-429,0,45,-4,322,0,0,-1,-1,-1,-1,-1,1,0,-1,-1,-1,0,36,8,-1024,0,36,0,0,0,0,0,0,0,298,0,0,0,0,0,0,0,0,0,0,0,0,0,0,0,0,0,0,0,0,0,0,0,0,0,0,0,0,0,0,0,0,0,0,0,0,0,0,0,0,0,0,0,0,0,0,0,0,0,0,0,
