Date,Time,TxBat(V),VFR 900M(%),RSSI 900M(dB),RX,AccX(g),RxBatt(V),Power 900M(mW),AccZ(g),RSSI 2.4G(dB),RX,AccY(g),VFR 2.4G(%),Rx VFR(%),R.angle(°),P.angle(°),ADC2(V),GPS speed(km/h),GPS,GPS alt(m),GPS clock(),Rudder,Elevator,Throttle,Aileron,Pot1,Pot2,Ext1,Ext2,Pot3,Slider left,Slider right,SA,SB,SC,SD,SE,SF,SG,SH,SI,SJ,LS1,CH1,CH2,CH3,CH4,CH5,CH6,CH7,CH8,CH9,CH10,CH11,CH12,CH13,CH14,CH15,CH16,CH17,CH18,CH19,CH20,CH21,CH22,CH23,CH24,CH25,CH26,CH27,CH28,CH29,CH30,CH31,CH32,CH33,CH34,CH35,CH36,CH37,CH38,CH39,CH40,CH41,CH42,CH43,CH44,CH45,CH46,CH47,CH48,CH49,CH50,CH51,CH52,CH53,CH54,CH55,CH56,CH57,CH58,CH59,CH60,CH61,CH62,CH63,CH64,
2026-05-29,09:16:10.980,8.27,100,78,0,-0.203,6.00,25,0.978,81,0,0.004,100,100,0.23,-11.51,0.00,1,55.415900 12.873300,-4,2026-05-29 09:16:09,0,0,-1024,0,-429,0,50,0,321,0,0,-1,-1,-1,-1,-1,-1,0,-1,-1,-1,0,36,8,-1024,0,36,0,0,0,0,0,0,0,298,0,0,0,0,0,0,0,0,0,0,0,0,0,0,0,0,0,0,0,0,0,0,0,0,0,0,0,0,0,0,0,0,0,0,0,0,0,0,0,0,0,0,0,0,0,0,0,0,0,0,0,
2026-05-29,09:16:11.080,8.27,100,78,0,-0.203,6.00,25,0.978,82,0,0.004,100,100,0.23,-11.51,0.00,1,55.415900 12.873300,-4,2026-05-29 09:16:09,0,0,-1024,0,-430,0,50,0,322,0,0,-1,-1,-1,-1,-1,-1,0,-1,-1,-1,0,36,8,-1024,0,36,0,0,0,0,0,0,0,297,0,0,0,0,0,0,0,0,0,0,0,0,0,0,0,0,0,0,0,0,0,0,0,0,0,0,0,0,0,0,0,0,0,0,0,0,0,0,0,0,0,0,0,0,0,0,0,0,0,0,0,
2026-05-29,09:16:11.200,8.27,100,79,0,-0.204,6.00,25,0.982,82,0,0.005,100,100,0.21,-11.53,0.00,1,55.415900 12.873300,-4,2026-05-29 09:16:09,0,0,-1024,0,-430,0,49,0,322,0,0,-1,-1,-1,-1,-1,-1,0,-1,-1,-1,0,36,8,-1024,0,36,0,0,0,0,0,0,0,298,0,0,0,0,0,0,0,0,0,0,0,0,0,0,0,0,0,0,0,0,0,0,0,0,0,0,0,0,0,0,0,0,0,0,0,0,0,0,0,0,0,0,0,0,0,0,0,0,0,0,0,
2026-05-29,09:16:11.310,8.27,100,79,0,-0.202,6.00,25,0.981,83,0,0.004,100,100,0.21,-11.55,0.00,1,55.415900 12.873300,-4,2026-05-29 09:16:09,0,0,-1024,0,-430,1,50,0,321,0,0,-1,-1,-1,-1,-1,-1,0,-1,-1,-1,0,36,8,-1024,0,36,0,0,0,0,0,0,0,297,0,0,0,0,0,0,0,0,0,0,0,0,0,0,0,0,0,0,0,0,0,0,0,0,0,0,0,0,0,0,0,0,0,0,0,0,0,0,0,0,0,0,0,0,0,0,0,0,0,0,0,
2026-05-29,09:16:11.430,8.27,100,79,0,-0.202,6.00,25,0.981,83,0,0.004,100,100,0.21,-11.55,0.00,1,55.415900 12.873300,-4,2026-05-29 09:16:09,0,0,-1024,0,-429,0,49,0,321,0,0,-1,-1,-1,-1,-1,-1,0,-1,-1,-1,0,36,8,-1024,0,36,0,0,0,0,0,0,0,298,0,0,0,0,0,0,0,0,0,0,0,0,0,0,0,0,0,0,0,0,0,0,0,0,0,0,0,0,0,0,0,0,0,0,0,0,0,0,0,0,0,0,0,0,0,0,0,0,0,0,0,
2026-05-29,09:16:11.550,8.27,100,79,0,-0.203,5.95,25,0.978,83,0,0.005,100,100,0.20,-11.57,0.00,1,55.415900 12.873300,-4,2026-05-29 09:16:09,0,0,-1024,0,-430,0,51,0,321,0,0,-1,-1,-1,-1,-1,-1,0,-1,-1,-1,0,36,8,-1024,0,36,0,0,0,0,0,0,0,297,0,0,0,0,0,0,0,0,0,0,0,0,0,0,0,0,0,0,0,0,0,0,0,0,0,0,0,0,0,0,0,0,0,0,0,0,0,0,0,0,0,0,0,0,0,0,0,0,0,0,0,
2026-05-29,09:16:11.660,8.27,100,78,0,-0.203,5.97,25,0.985,84,0,0.004,100,100,0.18,-11.59,0.00,1,55.415900 12.873300,-4,2026-05-29 09:16:09,0,0,-1024,0,-430,0,50,0,322,0,0,-1,-1,-1,-1,-1,-1,0,-1,-1,-1,0,36,8,-1024,0,36,0,0,0,0,0,0,0,297,0,0,0,0,0,0,0,0,0,0,0,0,0,0,0,0,0,0,0,0,0,0,0,0,0,0,0,0,0,0,0,0,0,0,0,0,0,0,0,0,0,0,0,0,0,0,0,0,0,0,0,
2026-05-29,09:16:11.780,8.27,100,78,0,-0.203,5.97,25,0.978,83,0,0.005,100,100,0.18,-11.59,0.00,1,55.415900 12.873300,-4,2026-05-29 09:16:09,0,0,-1024,0,-430,0,49,0,322,0,0,-1,-1,-1,-1,-1,-1,0,-1,-1,-1,0,36,8,-1024,0,36,0,0,0,0,0,0,0,297,0,0,0,0,0,0,0,0,0,0,0,0,0,0,0,0,0,0,0,0,0,0,0,0,0,0,0,0,0,0,0,0,0,0,0,0,0,0,0,0,0,0,0,0,0,0,0,0,0,0,0,
2026-05-29,09:16:11.900,8.27,100,77,0,-0.204,5.98,25,0.978,83,0,0.005,100,100,0.16,-11.61,0.00,1,55.415900 12.873300,-4,2026-05-29 09:16:09,0,0,-1024,0,-430,0,50,0,322,0,0,-1,-1,-1,-1,-1,-1,0,-1,-1,-1,0,36,8,-1024,0,36,0,0,0,0,0,0,0,297,0,0,0,0,0,0,0,0,0,0,0,0,0,0,0,0,0,0,0,0,0,0,0,0,0,0,0,0,0,0,0,0,0,0,0,0,0,0,0,0,0,0,0,0,0,0,0,0,0,0,0,
2026-05-29,09:16:12.020,8.27,100,77,0,-0.203,5.99,25,0.987,83,0,0.004,100,100,0.15,-11.62,0.00,0,55.415900 12.873300,-4,2026-05-29 09:16:10,0,0,-1024,0,-430,0,49,0,322,0,0,-1,-1,-1,-1,-1,-1,0,-1,-1,-1,0,36,8,-1024,0,36,0,0,0,0,0,0,0,297,0,0,0,0,0,0,0,0,0,0,0,0,0,0,0,0,0,0,0,0,0,0,0,0,0,0,0,0,0,0,0,0,0,0,0,0,0,0,0,0,0,0,0,0,0,0,0,0,0,0,0,
2026-05-29,09:16:12.140,8.28,100,78,0,-0.207,5.99,25,0.984,83,0,0.005,100,100,0.14,-11.63,0.00,0,55.415900 12.873300,-4,2026-05-29 09:16:10,0,0,-1024,0,-429,0,49,0,322,0,0,-1,-1,-1,-1,-1,-1,0,-1,-1,-1,0,36,8,-1024,0,36,0,0,0,0,0,0,0,298,0,0,0,0,0,0,0,0,0,0,0,0,0,0,0,0,0,0,0,0,0,0,0,0,0,0,0,0,0,0,0,0,0,0,0,0,0,0,0,0,0,0,0,0,0,0,0,0,0,0,0,
2026-05-29,09:16:12.260,8.28,100,77,0,-0.207,5.99,25,0.984,83,0,0.005,100,100,0.14,-11.63,0.00,0,55.415900 12.873300,-4,2026-05-29 09:16:10,0,0,-1024,0,-430,0,49,0,322,0,0,-1,-1,-1,-1,-1,-1,0,-1,-1,-1,0,36,8,-1024,0,36,0,0,0,0,0,0,0,298,0,0,0,0,0,0,0,0,0,0,0,0,0,0,0,0,0,0,0,0,0,0,0,0,0,0,0,0,0,0,0,0,0,0,0,0,0,0,0,0,0,0,0,0,0,0,0,0,0,0,0,
2026-05-29,09:16:12.370,8.28,100,78,0,-0.203,6.00,25,0.982,83,0,0.004,100,100,0.14,-11.65,0.00,0,55.415900 12.873300,-4,2026-05-29 09:16:10,0,0,-1024,0,-429,0,49,0,322,0,0,-1,-1,-1,-1,-1,-1,0,-1,-1,-1,0,36,8,-1024,0,36,0,0,0,0,0,0,0,298,0,0,0,0,0,0,0,0,0,0,0,0,0,0,0,0,0,0,0,0,0,0,0,0,0,0,0,0,0,0,0,0,0,0,0,0,0,0,0,0,0,0,0,0,0,0,0,0,0,0,0,
2026-05-29,09:16:12.490,8.28,100,77,0,-0.203,6.00,25,0.981,84,0,0.004,100,100,0.13,-11.66,0.00,0,55.415900 12.873300,-4,2026-05-29 09:16:10,0,0,-1024,0,-430,0,49,0,322,0,0,-1,-1,-1,-1,-1,-1,0,-1,-1,-1,0,36,8,-1024,0,36,0,0,0,0,0,0,0,297,0,0,0,0,0,0,0,0,0,0,0,0,0,0,0,0,0,0,0,0,0,0,0,0,0,0,0,0,0,0,0,0,0,0,0,0,0,0,0,0,0,0,0,0,0,0,0,0,0,0,0,
2026-05-29,09:16:12.610,8.28,100,77,0,-0.203,6.00,25,0.981,83,0,0.004,100,100,0.13,-11.66,0.00,0,55.415900 12.873300,-4,2026-05-29 09:16:10,0,0,-1024,0,-430,0,49,0,322,0,0,-1,-1,-1,-1,-1,-1,0,-1,-1,-1,0,36,8,-1024,0,36,0,0,0,0,0,0,0,298,0,0,0,0,0,0,0,0,0,0,0,0,0,0,0,0,0,0,0,0,0,0,0,0,0,0,0,0,0,0,0,0,0,0,0,0,0,0,0,0,0,0,0,0,0,0,0,0,0,0,0,
2026-05-29,09:16:12.720,8.27,100,77,0,-0.204,6.00,25,0.986,83,0,0.004,100,100,0.12,-11.67,0.00,0,55.415900 12.873300,-4,2026-05-29 09:16:10,0,0,-1024,0,-429,0,49,0,322,0,0,-1,-1,-1,-1,-1,-1,0,-1,-1,-1,0,36,8,-1024,0,36,0,0,0,0,0,0,0,298,0,0,0,0,0,0,0,0,0,0,0,0,0,0,0,0,0,0,0,0,0,0,0,0,0,0,0,0,0,0,0,0,0,0,0,0,0,0,0,0,0,0,0,0,0,0,0,0,0,0,0,
2026-05-29,09:16:12.840,8.27,100,77,0,-0.203,5.97,25,0.982,83,0,0.005,100,100,0.11,-11.68,0.00,0,55.415900 12.873300,-4,2026-05-29 09:16:10,0,0,-1024,0,-429,0,49,0,321,0,0,-1,-1,-1,-1,-1,-1,0,-1,-1,-1,0,36,8,-1024,0,36,0,0,0,0,0,0,0,298,0,0,0,0,0,0,0,0,0,0,0,0,0,0,0,0,0,0,0,0,0,0,0,0,0,0,0,0,0,0,0,0,0,0,0,0,0,0,0,0,0,0,0,0,0,0,0,0,0,0,0,
2026-05-29,09:16:12.950,8.27,100,77,0,-0.203,5.98,25,0.982,83,0,0.005,100,100,0.11,-11.68,0.00,0,55.415900 12.873300,-4,2026-05-29 09:16:10,0,0,-1024,0,-429,0,51,0,322,0,0,-1,-1,-1,-1,-1,-1,0,-1,-1,-1,0,36,8,-1024,0,36,0,0,0,0,0,0,0,298,0,0,0,0,0,0,0,0,0,0,0,0,0,0,0,0,0,0,0,0,0,0,0,0,0,0,0,0,0,0,0,0,0,0,0,0,0,0,0,0,0,0,0,0,0,0,0,0,0,0,0,
2026-05-29,09:16:13.060,8.27,100,78,0,-0.202,5.98,25,0.979,83,0,0.004,100,100,0.11,-11.69,0.00,0,55.415900 12.873300,-4,2026-05-29 09:16:11,0,0,-1024,0,-430,1,50,0,322,0,0,-1,-1,-1,-1,-1,-1,0,-1,-1,-1,0,36,8,-1024,0,36,0,0,0,0,0,0,0,297,0,0,0,0,0,0,0,0,0,0,0,0,0,0,0,0,0,0,0,0,0,0,0,0,0,0,0,0,0,0,0,0,0,0,0,0,0,0,0,0,0,0,0,0,0,0,0,0,0,0,0,
2026-05-29,09:16:13.180,8.27,100,78,0,-0.203,5.99,25,0.980,82,0,0.006,100,100,0.10,-11.70,0.00,0,55.415900 12.873300,-4,2026-05-29 09:16:11,0,0,-1024,0,-429,1,50,0,322,0,0,-1,-1,-1,-1,-1,-1,0,-1,-1,-1,0,36,8,-1024,0,36,0,0,0,0,0,0,0,298,0,0,0,0,0,0,0,0,0,0,0,0,0,0,0,0,0,0,0,0,0,0,0,0,0,0,0,0,0,0,0,0,0,0,0,0,0,0,0,0,0,0,0,0,0,0,0,0,0,0,0,
2026-05-29,09:16:13.300,8.27,100,78,0,-0.205,5.97,25,0.986,83,0,0.004,100,100,0.10,-11.70,0.00,0,55.415900 12.873300,-4,2026-05-29 09:16:11,0,0,-1024,0,-429,0,50,0,322,0,0,-1,-1,-1,-1,-1,-1,0,-1,-1,-1,0,36,8,-1024,0,36,0,0,0,0,0,0,0,298,0,0,0,0,0,0,0,0,0,0,0,0,0,0,0,0,0,0,0,0,0,0,0,0,0,0,0,0,0,0,0,0,0,0,0,0,0,0,0,0,0,0,0,0,0,0,0,0,0,0,0,
2026-05-29,09:16:13.410,8.27,100,78,0,-0.205,5.97,25,0.986,83,0,0.004,100,100,0.10,-11.71,0.00,0,55.415900 12.873300,-4,2026-05-29 09:16:11,0,0,-1024,0,-429,1,50,0,322,0,0,-1,-1,-1,-1,-1,-1,0,-1,-1,-1,0,36,8,-1024,0,36,0,0,0,0,0,0,0,298,0,0,0,0,0,0,0,0,0,0,0,0,0,0,0,0,0,0,0,0,0,0,0,0,0,0,0,0,0,0,0,0,0,0,0,0,0,0,0,0,0,0,0,0,0,0,0,0,0,0,0,
2026-05-29,09:16:13.530,8.27,100,78,0,-0.204,5.97,25,0.985,83,0,0.004,100,100,0.09,-11.71,0.00,0,55.415900 12.873300,-4,2026-05-29 09:16:11,0,0,-1024,0,-430,1,49,0,322,0,0,-1,-1,-1,-1,-1,-1,0,-1,-1,-1,0,36,8,-1024,0,36,0,0,0,0,0,0,0,297,0,0,0,0,0,0,0,0,0,0,0,0,0,0,0,0,0,0,0,0,0,0,0,0,0,0,0,0,0,0,0,0,0,0,0,0,0,0,0,0,0,0,0,0,0,0,0,0,0,0,0,
2026-05-29,09:16:13.650,8.27,100,78,0,-0.205,5.97,25,0.988,84,0,0.004,100,100,0.09,-11.71,0.00,0,55.415900 12.873300,-4,2026-05-29 09:16:11,0,0,-1024,0,-430,1,50,0,322,0,0,-1,-1,-1,-1,-1,-1,0,-1,-1,-1,0,36,8,-1024,0,36,0,0,0,0,0,0,0,297,0,0,0,0,0,0,0,0,0,0,0,0,0,0,0,0,0,0,0,0,0,0,0,0,0,0,0,0,0,0,0,0,0,0,0,0,0,0,0,0,0,0,0,0,0,0,0,0,0,0,0,
2026-05-29,09:16:13.760,8.27,100,77,0,-0.205,5.98,25,0.988,83,0,0.004,100,100,0.09,-11.72,0.00,0,55.415900 12.873300,-4,2026-05-29 09:16:11,0,0,-1024,0,-429,0,50,0,321,0,0,-1,-1,-1,-1,-1,-1,0,-1,-1,-1,0,36,8,-1024,0,36,0,0,0,0,0,0,0,298,0,0,0,0,0,0,0,0,0,0,0,0,0,0,0,0,0,0,0,0,0,0,0,0,0,0,0,0,0,0,0,0,0,0,0,0,0,0,0,0,0,0,0,0,0,0,0,0,0,0,0,
2026-05-29,09:16:13.880,8.27,100,78,0,-0.205,5.99,25,0.984,83,0,0.005,100,100,0.08,-11.72,0.00,0,55.415900 12.873300,-4,2026-05-29 09:16:11,0,0,-1024,0,-429,0,51,0,321,0,0,-1,-1,-1,-1,-1,-1,0,-1,-1,-1,0,36,8,-1024,0,36,0,0,0,0,0,0,0,298,0,0,0,0,0,0,0,0,0,0,0,0,0,0,0,0,0,0,0,0,0,0,0,0,0,0,0,0,0,0,0,0,0,0,0,0,0,0,0,0,0,0,0,0,0,0,0,0,0,0,0,
2026-05-29,09:16:13.990,8.27,100,78,0,-0.203,5.99,25,0.983,82,0,0.004,100,100,0.08,-11.73,0.00,1,55.415900 12.873300,-4,2026-05-29 09:16:12,0,0,-1024,0,-429,1,49,0,322,0,0,-1,-1,-1,-1,-1,-1,0,-1,-1,-1,0,36,8,-1024,0,36,0,0,0,0,0,0,0,298,0,0,0,0,0,0,0,0,0,0,0,0,0,0,0,0,0,0,0,0,0,0,0,0,0,0,0,0,0,0,0,0,0,0,0,0,0,0,0,0,0,0,0,0,0,0,0,0,0,0,0,
2026-05-29,09:16:14.100,8.27,100,78,0,-0.203,5.99,25,0.983,83,0,0.004,100,100,0.08,-11.73,0.00,1,55.415900 12.873300,-4,2026-05-29 09:16:12,0,0,-1024,0,-430,1,50,0,322,0,0,-1,-1,-1,-1,-1,-1,0,-1,-1,-1,0,36,8,-1024,0,36,0,0,0,0,0,0,0,298,0,0,0,0,0,0,0,0,0,0,0,0,0,0,0,0,0,0,0,0,0,0,0,0,0,0,0,0,0,0,0,0,0,0,0,0,0,0,0,0,0,0,0,0,0,0,0,0,0,0,0,
2026-05-29,09:16:14.220,8.27,100,78,0,-0.200,6.00,25,0.983,83,0,0.004,100,100,0.08,-11.74,0.00,1,55.415900 12.873300,-4,2026-05-29 09:16:12,0,0,-1024,0,-429,1,50,0,322,0,0,-1,-1,-1,-1,-1,-1,0,-1,-1,-1,0,36,8,-1024,0,36,0,0,0,0,0,0,0,298,0,0,0,0,0,0,0,0,0,0,0,0,0,0,0,0,0,0,0,0,0,0,0,0,0,0,0,0,0,0,0,0,0,0,0,0,0,0,0,0,0,0,0,0,0,0,0,0,0,0,0,
2026-05-29,09:16:14.330,8.27,100,78,0,-0.204,5.97,25,0.978,82,0,0.004,100,100,0.08,-11.74,0.00,1,55.415900 12.873300,-4,2026-05-29 09:16:12,0,0,-1024,0,-430,0,49,0,322,0,0,-1,-1,-1,-1,-1,-1,0,-1,-1,-1,0,36,8,-1024,0,36,0,0,0,0,0,0,0,297,0,0,0,0,0,0,0,0,0,0,0,0,0,0,0,0,0,0,0,0,0,0,0,0,0,0,0,0,0,0,0,0,0,0,0,0,0,0,0,0,0,0,0,0,0,0,0,0,0,0,0,
2026-05-29,09:16:14.450,8.27,100,79,0,-0.204,5.98,25,0.978,83,0,0.004,100,100,0.08,-11.74,0.00,0,55.415900 12.873300,-4,2026-05-29 09:16:12,0,0,-1024,0,-429,0,50,0,322,0,0,-1,-1,-1,-1,-1,-1,0,-1,-1,-1,0,36,8,-1024,0,36,0,0,0,0,0,0,0,298,0,0,0,0,0,0,0,0,0,0,0,0,0,0,0,0,0,0,0,0,0,0,0,0,0,0,0,0,0,0,0,0,0,0,0,0,0,0,0,0,0,0,0,0,0,0,0,0,0,0,0,
2026-05-29,09:16:14.570,8.27,100,78,0,-0.201,5.96,25,0.983,84,0,0.003,100,100,0.08,-11.75,0.00,0,55.415900 12.873300,-4,2026-05-29 09:16:12,0,0,-1024,0,-430,0,50,0,322,0,0,-1,-1,-1,-1,-1,-1,0,-1,-1,-1,0,36,8,-1024,0,36,0,0,0,0,0,0,0,297,0,0,0,0,0,0,0,0,0,0,0,0,0,0,0,0,0,0,0,0,0,0,0,0,0,0,0,0,0,0,0,0,0,0,0,0,0,0,0,0,0,0,0,0,0,0,0,0,0,0,0,
2026-05-29,09:16:14.690,8.27,100,78,0,-0.201,5.98,25,0.977,84,0,0.005,100,100,0.06,-11.75,0.00,0,55.415900 12.873300,-4,2026-05-29 09:16:12,0,0,-1024,0,-430,0,49,0,321,0,0,-1,-1,-1,-1,-1,-1,0,-1,-1,-1,0,36,8,-1024,0,36,0,0,0,0,0,0,0,297,0,0,0,0,0,0,0,0,0,0,0,0,0,0,0,0,0,0,0,0,0,0,0,0,0,0,0,0,0,0,0,0,0,0,0,0,0,0,0,0,0,0,0,0,0,0,0,0,0,0,0,
2026-05-29,09:16:14.800,8.27,100,79,0,-0.201,5.98,25,0.977,84,0,0.005,100,100,0.06,-11.75,0.00,0,55.415900 12.873300,-4,2026-05-29 09:16:12,0,0,-1024,0,-429,0,50,0,321,0,0,-1,-1,-1,-1,-1,-1,0,-1,-1,-1,0,36,8,-1024,0,36,0,0,0,0,0,0,0,298,0,0,0,0,0,0,0,0,0,0,0,0,0,0,0,0,0,0,0,0,0,0,0,0,0,0,0,0,0,0,0,0,0,0,0,0,0,0,0,0,0,0,0,0,0,0,0,0,0,0,0,
2026-05-29,09:16:14.940,8.27,100,79,0,-0.204,5.99,25,0.984,82,0,0.003,100,100,0.06,-11.75,0.00,0,55.415900 12.873200,-3,2026-05-29 09:16:12,0,0,-1024,0,-429,0,50,0,322,0,0,-1,-1,-1,-1,-1,-1,0,-1,-1,-1,0,36,8,-1024,0,36,0,0,0,0,0,0,0,298,0,0,0,0,0,0,0,0,0,0,0,0,0,0,0,0,0,0,0,0,0,0,0,0,0,0,0,0,0,0,0,0,0,0,0,0,0,0,0,0,0,0,0,0,0,0,0,0,0,0,0,
2026-05-29,09:16:15.060,8.27,100,79,0,-0.203,5.99,25,0.982,83,0,0.004,100,100,0.07,-11.76,0.00,0,55.415900 12.873200,-3,2026-05-29 09:16:13,0,0,-1024,0,-430,4,50,0,322,0,0,-1,-1,-1,-1,-1,-1,0,-1,-1,-1,0,36,8,-1024,0,36,0,0,0,0,0,0,0,297,0,0,0,0,0,0,0,0,0,0,0,0,0,0,0,0,0,0,0,0,0,0,0,0,0,0,0,0,0,0,0,0,0,0,0,0,0,0,0,0,0,0,0,0,0,0,0,0,0,0,0,
2026-05-29,09:16:15.180,8.27,100,79,0,-0.202,5.99,25,0.981,83,0,0.005,100,100,0.07,-11.76,0.00,0,55.415900 12.873200,-3,2026-05-29 09:16:13,0,0,-1024,0,-430,0,50,0,322,0,0,-1,-1,-1,-1,-1,-1,0,-1,-1,-1,0,36,8,-1024,0,36,0,0,0,0,0,0,0,297,0,0,0,0,0,0,0,0,0,0,0,0,0,0,0,0,0,0,0,0,0,0,0,0,0,0,0,0,0,0,0,0,0,0,0,0,0,0,0,0,0,0,0,0,0,0,0,0,0,0,0,
2026-05-29,09:16:15.300,8.27,100,79,0,-0.202,5.97,25,0.981,84,0,0.005,100,100,0.06,-11.76,0.00,0,55.415900 12.873200,-3,2026-05-29 09:16:13,0,0,-1024,0,-430,1,50,0,322,0,0,-1,-1,-1,-1,-1,-1,0,-1,-1,-1,0,36,8,-1024,0,36,0,0,0,0,0,0,0,297,0,0,0,0,0,0,0,0,0,0,0,0,0,0,0,0,0,0,0,0,0,0,0,0,0,0,0,0,0,0,0,0,0,0,0,0,0,0,0,0,0,0,0,0,0,0,0,0,0,0,0,
2026-05-29,09:16:15.410,8.27,100,79,0,-0.205,5.98,25,0.979,84,0,0.005,100,100,0.05,-11.76,0.00,0,55.415900 12.873200,-3,2026-05-29 09:16:13,0,0,-1024,0,-430,0,49,0,322,0,0,-1,-1,-1,-1,-1,-1,0,-1,-1,-1,0,36,8,-1024,0,36,0,0,0,0,0,0,0,297,0,0,0,0,0,0,0,0,0,0,0,0,0,0,0,0,0,0,0,0,0,0,0,0,0,0,0,0,0,0,0,0,0,0,0,0,0,0,0,0,0,0,0,0,0,0,0,0,0,0,0,
2026-05-29,09:16:15.530,8.27,100,79,0,-0.205,5.98,25,0.988,84,0,0.005,100,100,0.06,-11.77,0.00,0,55.415900 12.873200,-3,2026-05-29 09:16:13,0,0,-1024,0,-429,2,49,0,322,0,0,-1,-1,-1,-1,-1,-1,0,-1,-1,-1,0,36,8,-1024,0,36,0,0,0,0,0,0,0,298,0,0,0,0,0,0,0,0,0,0,0,0,0,0,0,0,0,0,0,0,0,0,0,0,0,0,0,0,0,0,0,0,0,0,0,0,0,0,0,0,0,0,0,0,0,0,0,0,0,0,0,
2026-05-29,09:16:15.650,8.27,100,79,0,-0.205,5.99,25,0.988,84,0,0.005,100,100,0.06,-11.77,0.00,0,55.415900 12.873200,-3,2026-05-29 09:16:13,0,0,-1024,0,-430,1,49,0,322,0,0,-1,-1,-1,-1,-1,-1,0,-1,-1,-1,0,36,8,-1024,0,36,0,0,0,0,0,0,0,297,0,0,0,0,0,0,0,0,0,0,0,0,0,0,0,0,0,0,0,0,0,0,0,0,0,0,0,0,0,0,0,0,0,0,0,0,0,0,0,0,0,0,0,0,0,0,0,0,0,0,0,
2026-05-29,09:16:15.770,8.27,100,79,0,-0.204,5.97,25,0.984,84,0,0.005,100,100,0.06,-11.77,0.00,0,55.415900 12.873200,-3,2026-05-29 09:16:13,0,0,-1024,0,-429,0,49,0,322,0,0,-1,-1,-1,-1,-1,-1,0,-1,-1,-1,0,36,8,-1024,0,36,0,0,0,0,0,0,0,297,0,0,0,0,0,0,0,0,0,0,0,0,0,0,0,0,0,0,0,0,0,0,0,0,0,0,0,0,0,0,0,0,0,0,0,0,0,0,0,0,0,0,0,0,0,0,0,0,0,0,0,
2026-05-29,09:16:15.880,8.27,100,79,0,-0.205,5.96,25,0.981,84,0,0.004,100,100,0.06,-11.77,0.00,0,55.415900 12.873200,-3,2026-05-29 09:16:13,0,0,-1023,0,-429,0,51,0,321,0,0,-1,-1,-1,-1,-1,-1,0,-1,-1,-1,0,36,8,-1024,0,36,0,0,0,0,0,0,0,298,0,0,0,0,0,0,0,0,0,0,0,0,0,0,0,0,0,0,0,0,0,0,0,0,0,0,0,0,0,0,0,0,0,0,0,0,0,0,0,0,0,0,0,0,0,0,0,0,0,0,0,
2026-05-29,09:16:16.000,8.27,100,79,0,-0.204,5.97,25,0.981,84,0,0.004,100,100,0.06,-11.77,0.00,1,55.415900 12.873200,-3,2026-05-29 09:16:14,0,0,-1024,0,-430,0,51,0,322,0,0,-1,-1,-1,-1,-1,-1,0,-1,-1,-1,0,36,8,-1024,0,36,0,0,0,0,0,0,0,297,0,0,0,0,0,0,0,0,0,0,0,0,0,0,0,0,0,0,0,0,0,0,0,0,0,0,0,0,0,0,0,0,0,0,0,0,0,0,0,0,0,0,0,0,0,0,0,0,0,0,0,
2026-05-29,09:16:16.120,8.27,100,79,0,-0.204,5.97,25,0.981,84,0,0.005,100,100,0.06,-11.77,0.00,1,55.415900 12.873200,-3,2026-05-29 09:16:14,0,0,-1024,0,-430,0,50,0,322,0,0,-1,-1,-1,-1,-1,-1,0,-1,-1,-1,0,36,8,-1024,0,36,0,0,0,0,0,0,0,298,0,0,0,0,0,0,0,0,0,0,0,0,0,0,0,0,0,0,0,0,0,0,0,0,0,0,0,0,0,0,0,0,0,0,0,0,0,0,0,0,0,0,0,0,0,0,0,0,0,0,0,
2026-05-29,09:16:16.240,8.27,100,79,0,-0.204,5.98,25,0.984,84,0,0.006,100,100,0.06,-11.78,0.00,1,55.415900 12.873200,-3,2026-05-29 09:16:14,0,0,-1024,0,-430,2,49,0,321,0,0,-1,-1,-1,-1,-1,-1,0,-1,-1,-1,0,36,8,-1024,0,36,0,0,0,0,0,0,0,297,0,0,0,0,0,0,0,0,0,0,0,0,0,0,0,0,0,0,0,0,0,0,0,0,0,0,0,0,0,0,0,0,0,0,0,0,0,0,0,0,0,0,0,0,0,0,0,0,0,0,0,
2026-05-29,09:16:16.360,8.27,100,79,0,-0.205,5.96,25,0.984,85,0,0.004,100,100,0.06,-11.78,0.00,1,55.415900 12.873200,-3,2026-05-29 09:16:14,0,0,-1024,0,-429,1,48,0,322,0,0,-1,-1,-1,-1,-1,-1,0,-1,-1,-1,0,36,8,-1024,0,36,0,0,0,0,0,0,0,298,0,0,0,0,0,0,0,0,0,0,0,0,0,0,0,0,0,0,0,0,0,0,0,0,0,0,0,0,0,0,0,0,0,0,0,0,0,0,0,0,0,0,0,0,0,0,0,0,0,0,0,
2026-05-29,09:16:16.470,8.27,100,79,0,-0.205,5.95,25,0.984,85,0,0.004,100,100,0.06,-11.78,0.00,0,55.415900 12.873200,-3,2026-05-29 09:16:14,0,0,-1024,0,-429,2,49,0,321,0,0,-1,-1,-1,-1,-1,-1,0,-1,-1,-1,0,36,8,-1024,0,36,0,0,0,0,0,0,0,298,0,0,0,0,0,0,0,0,0,0,0,0,0,0,0,0,0,0,0,0,0,0,0,0,0,0,0,0,0,0,0,0,0,0,0,0,0,0,0,0,0,0,0,0,0,0,0,0,0,0,0,
2026-05-29,09:16:16.590,8.27,100,80,0,-0.203,5.97,25,0.984,86,0,0.006,100,100,0.06,-11.78,0.00,0,55.415900 12.873200,-3,2026-05-29 09:16:14,0,0,-1024,0,-430,1,50,0,321,0,0,-1,-1,-1,-1,-1,-1,0,-1,-1,-1,0,36,8,-1024,0,36,0,0,0,0,0,0,0,297,0,0,0,0,0,0,0,0,0,0,0,0,0,0,0,0,0,0,0,0,0,0,0,0,0,0,0,0,0,0,0,0,0,0,0,0,0,0,0,0,0,0,0,0,0,0,0,0,0,0,0,
2026-05-29,09:16:16.710,8.27,100,80,0,-0.204,5.95,25,0.984,85,0,0.004,100,100,0.07,-11.78,0.00,0,55.415900 12.873200,-3,2026-05-29 09:16:14,0,0,-1024,0,-429,1,50,0,321,0,0,-1,-1,-1,-1,-1,-1,0,-1,-1,-1,0,36,8,-1024,0,36,0,0,0,0,0,0,0,298,0,0,0,0,0,0,0,0,0,0,0,0,0,0,0,0,0,0,0,0,0,0,0,0,0,0,0,0,0,0,0,0,0,0,0,0,0,0,0,0,0,0,0,0,0,0,0,0,0,0,0,
2026-05-29,09:16:16.820,8.27,100,80,0,-0.204,5.96,25,0.984,85,0,0.004,100,100,0.07,-11.78,0.00,0,55.415900 12.873200,-3,2026-05-29 09:16:14,0,0,-1024,0,-429,1,50,0,322,0,0,-1,-1,-1,-1,-1,-1,0,-1,-1,-1,0,36,8,-1024,0,36,0,0,0,0,0,0,0,298,0,0,0,0,0,0,0,0,0,0,0,0,0,0,0,0,0,0,0,0,0,0,0,0,0,0,0,0,0,0,0,0,0,0,0,0,0,0,0,0,0,0,0,0,0,0,0,0,0,0,0,
2026-05-29,09:16:16.940,8.27,100,80,0,-0.203,5.95,25,0.978,84,0,0.003,100,100,0.07,-11.78,0.00,0,55.415900 12.873200,-3,2026-05-29 09:16:14,0,0,-1024,0,-430,0,49,0,322,0,0,-1,-1,-1,-1,-1,-1,0,-1,-1,-1,0,36,8,-1024,0,36,0,0,0,0,0,0,0,297,0,0,0,0,0,0,0,0,0,0,0,0,0,0,0,0,0,0,0,0,0,0,0,0,0,0,0,0,0,0,0,0,0,0,0,0,0,0,0,0,0,0,0,0,0,0,0,0,0,0,0,
2026-05-29,09:16:17.050,8.28,100,80,0,-0.205,5.96,25,0.981,84,0,0.005,100,100,0.06,-11.78,0.00,0,55.415900 12.873200,-3,2026-05-29 09:16:15,0,0,-1024,0,-430,0,50,0,322,0,0,-1,-1,-1,-1,-1,-1,0,-1,-1,-1,0,36,8,-1024,0,36,0,0,0,0,0,0,0,297,0,0,0,0,0,0,0,0,0,0,0,0,0,0,0,0,0,0,0,0,0,0,0,0,0,0,0,0,0,0,0,0,0,0,0,0,0,0,0,0,0,0,0,0,0,0,0,0,0,0,0,
2026-05-29,09:16:17.160,8.27,100,81,0,-0.205,5.95,25,0.981,85,0,0.005,100,100,0.06,-11.78,0.00,0,55.415900 12.873200,-3,2026-05-29 09:16:15,0,0,-1024,0,-430,0,50,0,322,0,0,-1,-1,-1,-1,-1,-1,0,-1,-1,-1,0,36,8,-1024,0,36,0,0,0,0,0,0,0,297,0,0,0,0,0,0,0,0,0,0,0,0,0,0,0,0,0,0,0,0,0,0,0,0,0,0,0,0,0,0,0,0,0,0,0,0,0,0,0,0,0,0,0,0,0,0,0,0,0,0,0,
2026-05-29,09:16:17.280,8.27,100,81,0,-0.203,5.96,25,0.987,86,0,0.004,100,100,0.06,-11.79,0.00,0,55.415900 12.873200,-3,2026-05-29 09:16:15,0,0,-1024,0,-429,0,50,0,321,0,0,-1,-1,-1,-1,-1,-1,0,-1,-1,-1,0,36,8,-1024,0,36,0,0,0,0,0,0,0,298,0,0,0,0,0,0,0,0,0,0,0,0,0,0,0,0,0,0,0,0,0,0,0,0,0,0,0,0,0,0,0,0,0,0,0,0,0,0,0,0,0,0,0,0,0,0,0,0,0,0,0,
2026-05-29,09:16:17.400,8.28,100,81,0,-0.204,5.97,25,0.986,86,0,0.005,100,100,0.06,-11.79,0.00,0,55.415900 12.873200,-3,2026-05-29 09:16:15,0,0,-1024,0,-429,1,50,0,322,0,0,-1,-1,-1,-1,-1,-1,0,-1,-1,-1,0,36,8,-1024,0,36,0,0,0,0,0,0,0,298,0,0,0,0,0,0,0,0,0,0,0,0,0,0,0,0,0,0,0,0,0,0,0,0,0,0,0,0,0,0,0,0,0,0,0,0,0,0,0,0,0,0,0,0,0,0,0,0,0,0,0,
2026-05-29,09:16:17.510,8.28,100,81,0,-0.204,5.96,25,0.986,86,0,0.005,100,100,0.06,-11.79,0.00,0,55.415900 12.873200,-3,2026-05-29 09:16:15,0,0,-1024,0,-430,1,50,0,321,0,0,-1,-1,-1,-1,-1,-1,0,-1,-1,-1,0,36,8,-1024,0,36,0,0,0,0,0,0,0,297,0,0,0,0,0,0,0,0,0,0,0,0,0,0,0,0,0,0,0,0,0,0,0,0,0,0,0,0,0,0,0,0,0,0,0,0,0,0,0,0,0,0,0,0,0,0,0,0,0,0,0,
2026-05-29,09:16:17.630,8.27,100,81,0,-0.204,5.97,25,0.985,87,0,0.004,100,100,0.07,-11.79,0.00,0,55.415900 12.873200,-3,2026-05-29 09:16:15,0,0,-1024,0,-429,0,50,0,322,0,0,-1,-1,-1,-1,-1,-1,0,-1,-1,-1,0,36,8,-1024,0,36,0,0,0,0,0,0,0,298,0,0,0,0,0,0,0,0,0,0,0,0,0,0,0,0,0,0,0,0,0,0,0,0,0,0,0,0,0,0,0,0,0,0,0,0,0,0,0,0,0,0,0,0,0,0,0,0,0,0,0,
2026-05-29,09:16:17.750,8.28,100,81,0,-0.203,5.96,25,0.975,86,0,0.004,100,100,0.07,-11.79,0.00,0,55.415900 12.873200,-3,2026-05-29 09:16:15,0,0,-1024,0,-429,0,49,0,321,0,0,-1,-1,-1,-1,-1,-1,0,-1,-1,-1,0,36,8,-1024,0,36,0,0,0,0,0,0,0,298,0,0,0,0,0,0,0,0,0,0,0,0,0,0,0,0,0,0,0,0,0,0,0,0,0,0,0,0,0,0,0,0,0,0,0,0,0,0,0,0,0,0,0,0,0,0,0,0,0,0,0,
2026-05-29,09:16:17.860,8.28,100,81,0,-0.203,5.97,25,0.975,86,0,0.004,100,100,0.07,-11.79,0.00,0,55.415900 12.873200,-3,2026-05-29 09:16:15,0,0,-1024,0,-430,0,51,0,322,0,0,-1,-1,-1,-1,-1,-1,0,-1,-1,-1,0,36,8,-1024,0,36,0,0,0,0,0,0,0,297,0,0,0,0,0,0,0,0,0,0,0,0,0,0,0,0,0,0,0,0,0,0,0,0,0,0,0,0,0,0,0,0,0,0,0,0,0,0,0,0,0,0,0,0,0,0,0,0,0,0,0,
2026-05-29,09:16:17.980,8.27,100,81,0,-0.203,5.98,25,0.984,87,0,0.004,100,100,0.07,-11.79,0.00,1,55.415900 12.873200,-3,2026-05-29 09:16:16,0,0,-1024,0,-429,0,49,0,322,0,0,-1,-1,-1,-1,-1,-1,0,-1,-1,-1,0,36,8,-1024,0,36,0,0,0,0,0,0,0,298,0,0,0,0,0,0,0,0,0,0,0,0,0,0,0,0,0,0,0,0,0,0,0,0,0,0,0,0,0,0,0,0,0,0,0,0,0,0,0,0,0,0,0,0,0,0,0,0,0,0,0,
2026-05-29,09:16:18.090,8.28,100,81,0,-0.205,5.98,25,0.983,87,0,0.004,100,100,0.06,-11.79,0.00,1,55.415900 12.873200,-3,2026-05-29 09:16:16,0,0,-1024,0,-430,4,50,0,322,0,0,-1,-1,-1,-1,-1,-1,0,-1,-1,-1,0,36,8,-1024,0,36,0,0,0,0,0,0,0,297,0,0,0,0,0,0,0,0,0,0,0,0,0,0,0,0,0,0,0,0,0,0,0,0,0,0,0,0,0,0,0,0,0,0,0,0,0,0,0,0,0,0,0,0,0,0,0,0,0,0,0,
2026-05-29,09:16:18.200,8.27,100,81,0,-0.202,5.99,25,0.983,87,0,0.004,100,100,0.06,-11.79,0.00,1,55.415900 12.873200,-3,2026-05-29 09:16:16,0,0,-1024,0,-429,1,50,0,321,0,0,-1,-1,-1,-1,-1,-1,0,-1,-1,-1,0,36,8,-1024,0,36,0,0,0,0,0,0,0,298,0,0,0,0,0,0,0,0,0,0,0,0,0,0,0,0,0,0,0,0,0,0,0,0,0,0,0,0,0,0,0,0,0,0,0,0,0,0,0,0,0,0,0,0,0,0,0,0,0,0,0,
2026-05-29,09:16:18.320,8.27,100,81,0,-0.202,5.99,25,0.980,88,0,0.004,100,100,0.06,-11.79,0.00,1,55.415900 12.873200,-3,2026-05-29 09:16:16,0,0,-1024,0,-430,0,50,0,322,0,0,-1,-1,-1,-1,-1,-1,0,-1,-1,-1,0,36,8,-1024,0,36,0,0,0,0,0,0,0,297,0,0,0,0,0,0,0,0,0,0,0,0,0,0,0,0,0,0,0,0,0,0,0,0,0,0,0,0,0,0,0,0,0,0,0,0,0,0,0,0,0,0,0,0,0,0,0,0,0,0,0,
2026-05-29,09:16:18.440,8.27,100,83,0,-0.205,5.97,25,0.981,88,0,0.005,100,100,0.06,-11.79,0.00,0,55.415900 12.873200,-3,2026-05-29 09:16:16,0,0,-1024,0,-430,0,49,0,322,0,0,-1,-1,-1,-1,-1,-1,0,-1,-1,-1,0,36,8,-1024,0,36,0,0,0,0,0,0,0,297,0,0,0,0,0,0,0,0,0,0,0,0,0,0,0,0,0,0,0,0,0,0,0,0,0,0,0,0,0,0,0,0,0,0,0,0,0,0,0,0,0,0,0,0,0,0,0,0,0,0,0,
2026-05-29,09:16:18.550,8.27,100,83,0,-0.203,5.98,25,0.980,88,0,0.005,100,100,0.06,-11.79,0.00,0,55.415900 12.873200,-3,2026-05-29 09:16:16,0,0,-1024,0,-429,0,50,0,321,0,0,-1,-1,-1,-1,-1,-1,0,-1,-1,-1,0,36,8,-1024,0,36,0,0,0,0,0,0,0,298,0,0,0,0,0,0,0,0,0,0,0,0,0,0,0,0,0,0,0,0,0,0,0,0,0,0,0,0,0,0,0,0,0,0,0,0,0,0,0,0,0,0,0,0,0,0,0,0,0,0,0,
2026-05-29,09:16:18.670,8.28,100,82,0,-0.203,5.98,25,0.980,89,0,0.006,100,100,0.06,-11.80,0.00,0,55.415900 12.873200,-3,2026-05-29 09:16:16,0,0,-1024,0,-430,0,50,0,321,0,0,-1,-1,-1,-1,-1,-1,0,-1,-1,-1,0,36,8,-1024,0,36,0,0,0,0,0,0,0,297,0,0,0,0,0,0,0,0,0,0,0,0,0,0,0,0,0,0,0,0,0,0,0,0,0,0,0,0,0,0,0,0,0,0,0,0,0,0,0,0,0,0,0,0,0,0,0,0,0,0,0,
2026-05-29,09:16:18.790,8.27,100,82,0,-0.206,5.99,25,0.988,89,0,0.005,100,100,0.06,-11.80,0.00,0,55.415900 12.873200,-3,2026-05-29 09:16:16,0,0,-1024,0,-429,0,50,0,321,0,0,-1,-1,-1,-1,-1,-1,0,-1,-1,-1,0,36,8,-1024,0,36,0,0,0,0,0,0,0,298,0,0,0,0,0,0,0,0,0,0,0,0,0,0,0,0,0,0,0,0,0,0,0,0,0,0,0,0,0,0,0,0,0,0,0,0,0,0,0,0,0,0,0,0,0,0,0,0,0,0,0,
2026-05-29,09:16:18.920,8.27,100,83,0,-0.205,5.99,25,0.980,89,0,0.005,100,100,0.06,-11.79,0.00,0,55.415900 12.873200,-3,2026-05-29 09:16:16,0,0,-1023,0,-430,0,50,0,322,0,0,-1,-1,-1,-1,-1,-1,0,-1,-1,-1,0,36,8,-1024,0,36,0,0,0,0,0,0,0,297,0,0,0,0,0,0,0,0,0,0,0,0,0,0,0,0,0,0,0,0,0,0,0,0,0,0,0,0,0,0,0,0,0,0,0,0,0,0,0,0,0,0,0,0,0,0,0,0,0,0,0,
2026-05-29,09:16:19.040,8.27,100,84,0,-0.203,6.00,25,0.980,88,0,0.005,100,100,0.06,-11.79,0.00,0,55.415900 12.873200,-3,2026-05-29 09:16:17,0,0,-1024,0,-429,0,49,0,322,0,0,-1,-1,-1,-1,-1,-1,0,-1,-1,-1,0,36,8,-1024,0,36,0,0,0,0,0,0,0,298,0,0,0,0,0,0,0,0,0,0,0,0,0,0,0,0,0,0,0,0,0,0,0,0,0,0,0,0,0,0,0,0,0,0,0,0,0,0,0,0,0,0,0,0,0,0,0,0,0,0,0,
2026-05-29,09:16:19.150,8.27,100,85,0,-0.203,6.00,25,0.977,88,0,0.004,100,100,0.07,-11.79,0.00,0,55.415900 12.873200,-3,2026-05-29 09:16:17,0,0,-1024,0,-429,1,49,-1,322,0,0,-1,-1,-1,-1,-1,-1,0,-1,-1,-1,0,36,8,-1024,0,36,0,0,0,0,0,0,0,298,0,0,0,0,0,0,0,0,0,0,0,0,0,0,0,0,0,0,0,0,0,0,0,0,0,0,0,0,0,0,0,0,0,0,0,0,0,0,0,0,0,0,0,0,0,0,0,0,0,0,0,
2026-05-29,09:16:19.260,8.27,100,85,0,-0.204,6.00,25,0.983,88,0,0.005,100,100,0.06,-11.79,0.00,0,55.415900 12.873200,-3,2026-05-29 09:16:17,0,0,-1024,0,-429,0,49,0,321,0,0,-1,-1,-1,-1,-1,-1,0,-1,-1,-1,0,36,8,-1024,0,36,0,0,0,0,0,0,0,298,0,0,0,0,0,0,0,0,0,0,0,0,0,0,0,0,0,0,0,0,0,0,0,0,0,0,0,0,0,0,0,0,0,0,0,0,0,0,0,0,0,0,0,0,0,0,0,0,0,0,0,
2026-05-29,09:16:19.380,8.27,100,85,0,-0.205,6.00,25,0.983,88,0,0.005,100,100,0.06,-11.79,0.00,0,55.415900 12.873200,-3,2026-05-29 09:16:17,0,0,-1024,0,-429,0,50,0,322,0,0,-1,-1,-1,-1,-1,-1,0,-1,-1,-1,0,36,8,-1024,0,36,0,0,0,0,0,0,0,298,0,0,0,0,0,0,0,0,0,0,0,0,0,0,0,0,0,0,0,0,0,0,0,0,0,0,0,0,0,0,0,0,0,0,0,0,0,0,0,0,0,0,0,0,0,0,0,0,0,0,0,
2026-05-29,09:16:19.500,8.28,100,86,0,-0.205,6.00,25,0.983,89,0,0.003,100,100,0.06,-11.79,0.00,0,55.415900 12.873200,-3,2026-05-29 09:16:17,0,0,-1024,0,-430,0,49,0,322,0,0,-1,-1,-1,-1,-1,-1,0,-1,-1,-1,0,36,8,-1024,0,36,0,0,0,0,0,0,0,297,0,0,0,0,0,0,0,0,0,0,0,0,0,0,0,0,0,0,0,0,0,0,0,0,0,0,0,0,0,0,0,0,0,0,0,0,0,0,0,0,0,0,0,0,0,0,0,0,0,0,0,
2026-05-29,09:16:19.620,8.27,100,85,0,-0.203,6.00,25,0.980,89,0,0.004,100,100,0.05,-11.79,0.00,0,55.415900 12.873200,-3,2026-05-29 09:16:17,0,0,-1024,0,-430,1,50,0,321,0,0,-1,-1,-1,-1,-1,-1,0,-1,-1,-1,0,36,8,-1024,0,36,0,0,0,0,0,0,0,297,0,0,0,0,0,0,0,0,0,0,0,0,0,0,0,0,0,0,0,0,0,0,0,0,0,0,0,0,0,0,0,0,0,0,0,0,0,0,0,0,0,0,0,0,0,0,0,0,0,0,0,
2026-05-29,09:16:19.730,8.28,100,85,0,-0.204,6.00,25,0.980,89,0,0.003,100,100,0.05,-11.79,0.00,0,55.415900 12.873200,-3,2026-05-29 09:16:17,0,0,-1024,0,-430,4,50,0,322,0,0,-1,-1,-1,-1,-1,-1,0,-1,-1,-1,0,36,8,-1024,0,36,0,0,0,0,0,0,0,297,0,0,0,0,0,0,0,0,0,0,0,0,0,0,0,0,0,0,0,0,0,0,0,0,0,0,0,0,0,0,0,0,0,0,0,0,0,0,0,0,0,0,0,0,0,0,0,0,0,0,0,
2026-05-29,09:16:19.850,8.28,100,85,0,-0.204,6.00,25,0.982,89,0,0.003,100,100,0.06,-11.79,0.00,0,55.415900 12.873200,-3,2026-05-29 09:16:17,0,0,-1024,0,-429,0,50,0,321,0,0,-1,-1,-1,-1,-1,-1,0,-1,-1,-1,0,36,8,-1024,0,36,0,0,0,0,0,0,0,298,0,0,0,0,0,0,0,0,0,0,0,0,0,0,0,0,0,0,0,0,0,0,0,0,0,0,0,0,0,0,0,0,0,0,0,0,0,0,0,0,0,0,0,0,0,0,0,0,0,0,0,
2026-05-29,09:16:19.970,8.28,100,85,0,-0.203,6.00,25,0.980,89,0,0.005,100,100,0.06,-11.79,0.00,0,55.415900 12.873200,-3,2026-05-29 09:16:18,0,0,-1024,0,-429,0,50,0,322,0,0,-1,-1,-1,-1,-1,-1,0,-1,-1,-1,0,36,8,-1024,0,36,0,0,0,0,0,0,0,298,0,0,0,0,0,0,0,0,0,0,0,0,0,0,0,0,0,0,0,0,0,0,0,0,0,0,0,0,0,0,0,0,0,0,0,0,0,0,0,0,0,0,0,0,0,0,0,0,0,0,0,
2026-05-29,09:16:20.080,8.28,100,85,0,-0.203,6.00,25,0.981,89,0,0.003,100,100,0.05,-11.80,0.00,0,55.415900 12.873200,-3,2026-05-29 09:16:18,0,0,-1024,0,-429,2,51,0,322,0,0,-1,-1,-1,-1,-1,-1,0,-1,-1,-1,0,36,8,-1024,0,36,0,0,0,0,0,0,0,298,0,0,0,0,0,0,0,0,0,0,0,0,0,0,0,0,0,0,0,0,0,0,0,0,0,0,0,0,0,0,0,0,0,0,0,0,0,0,0,0,0,0,0,0,0,0,0,0,0,0,0,
2026-05-29,09:16:20.190,8.28,100,86,0,-0.203,6.00,25,0.981,90,0,0.003,100,100,0.05,-11.80,0.00,0,55.415900 12.873200,-3,2026-05-29 09:16:18,0,0,-1024,0,-430,0,50,0,321,0,0,-1,-1,-1,-1,-1,-1,0,-1,-1,-1,0,36,8,-1024,0,36,0,0,0,0,0,0,0,297,0,0,0,0,0,0,0,0,0,0,0,0,0,0,0,0,0,0,0,0,0,0,0,0,0,0,0,0,0,0,0,0,0,0,0,0,0,0,0,0,0,0,0,0,0,0,0,0,0,0,0,
2026-05-29,09:16:20.300,8.28,100,86,0,-0.205,6.00,25,0.982,90,0,0.005,100,100,0.06,-11.80,0.00,0,55.415900 12.873200,-3,2026-05-29 09:16:18,0,0,-1024,0,-430,0,50,0,322,0,0,-1,-1,-1,-1,-1,-1,0,-1,-1,-1,0,36,8,-1024,0,36,0,0,0,0,0,0,0,297,0,0,0,0,0,0,0,0,0,0,0,0,0,0,0,0,0,0,0,0,0,0,0,0,0,0,0,0,0,0,0,0,0,0,0,0,0,0,0,0,0,0,0,0,0,0,0,0,0,0,0,
2026-05-29,09:16:20.420,8.27,100,86,0,-0.202,6.00,25,0.981,90,0,0.004,100,100,0.06,-11.79,0.00,0,55.415900 12.873200,-3,2026-05-29 09:16:18,0,0,-1024,0,-430,0,49,0,322,0,0,-1,-1,-1,-1,-1,-1,0,-1,-1,-1,0,36,8,-1024,0,36,0,0,0,0,0,0,0,297,0,0,0,0,0,0,0,0,0,0,0,0,0,0,0,0,0,0,0,0,0,0,0,0,0,0,0,0,0,0,0,0,0,0,0,0,0,0,0,0,0,0,0,0,0,0,0,0,0,0,0,
2026-05-29,09:16:20.540,8.27,100,86,0,-0.202,6.00,25,0.981,91,0,0.004,100,100,0.06,-11.79,0.00,0,55.415900 12.873200,-3,2026-05-29 09:16:18,0,0,-1024,0,-430,0,49,0,322,0,0,-1,-1,-1,-1,-1,-1,0,-1,-1,-1,0,36,8,-1024,0,36,0,0,0,0,0,0,0,297,0,0,0,0,0,0,0,0,0,0,0,0,0,0,0,0,0,0,0,0,0,0,0,0,0,0,0,0,0,0,0,0,0,0,0,0,0,0,0,0,0,0,0,0,0,0,0,0,0,0,0,
2026-05-29,09:16:20.660,8.27,100,86,0,-0.204,6.00,25,0.983,91,0,0.004,100,100,0.06,-11.80,0.00,0,55.415900 12.873200,-3,2026-05-29 09:16:18,0,0,-1024,0,-430,0,49,0,322,0,0,-1,-1,-1,-1,-1,-1,0,-1,-1,-1,0,36,8,-1024,0,36,0,0,0,0,0,0,0,298,0,0,0,0,0,0,0,0,0,0,0,0,0,0,0,0,0,0,0,0,0,0,0,0,0,0,0,0,0,0,0,0,0,0,0,0,0,0,0,0,0,0,0,0,0,0,0,0,0,0,0,
2026-05-29,09:16:20.770,8.27,100,86,0,-0.203,5.97,25,0.982,91,0,0.004,100,100,0.06,-11.80,0.00,0,55.415900 12.873200,-3,2026-05-29 09:16:18,0,0,-1024,0,-429,0,50,0,322,0,0,-1,-1,-1,-1,-1,-1,0,-1,-1,-1,0,36,8,-1024,0,36,0,0,0,0,0,0,0,297,0,0,0,0,0,0,0,0,0,0,0,0,0,0,0,0,0,0,0,0,0,0,0,0,0,0,0,0,0,0,0,0,0,0,0,0,0,0,0,0,0,0,0,0,0,0,0,0,0,0,0,
2026-05-29,09:16:20.890,8.27,100,86,0,-0.203,5.98,25,0.982,90,0,0.004,100,100,0.06,-11.80,0.00,0,55.415900 12.873200,-3,2026-05-29 09:16:18,0,0,-1024,0,-430,0,49,0,322,0,0,-1,-1,-1,-1,-1,-1,0,-1,-1,-1,0,36,8,-1024,0,36,0,0,0,0,0,0,0,297,0,0,0,0,0,0,0,0,0,0,0,0,0,0,0,0,0,0,0,0,0,0,0,0,0,0,0,0,0,0,0,0,0,0,0,0,0,0,0,0,0,0,0,0,0,0,0,0,0,0,0,
2026-05-29,09:16:21.010,8.27,100,88,0,-0.203,5.99,25,0.979,91,0,0.004,100,100,0.06,-11.80,0.00,0,55.415900 12.873200,-3,2026-05-29 09:16:19,0,0,-1024,0,-429,0,50,0,322,0,0,-1,-1,-1,-1,-1,-1,0,-1,-1,-1,0,36,8,-1024,0,36,0,0,0,0,0,0,0,298,0,0,0,0,0,0,0,0,0,0,0,0,0,0,0,0,0,0,0,0,0,0,0,0,0,0,0,0,0,0,0,0,0,0,0,0,0,0,0,0,0,0,0,0,0,0,0,0,0,0,0,
2026-05-29,09:16:21.150,8.27,100,88,0,-0.204,5.99,25,0.980,92,0,0.005,100,100,0.07,-11.80,0.00,0,55.415900 12.873200,-3,2026-05-29 09:16:19,0,0,-1024,0,-429,0,50,0,321,0,0,-1,-1,-1,-1,-1,-1,0,-1,-1,-1,0,36,8,-1024,0,36,0,0,0,0,0,0,0,298,0,0,0,0,0,0,0,0,0,0,0,0,0,0,0,0,0,0,0,0,0,0,0,0,0,0,0,0,0,0,0,0,0,0,0,0,0,0,0,0,0,0,0,0,0,0,0,0,0,0,0,
2026-05-29,09:16:21.270,8.27,100,88,0,-0.202,5.99,25,0.977,93,0,0.004,100,100,0.07,-11.80,0.00,0,55.415900 12.873200,-3,2026-05-29 09:16:19,0,0,-1024,0,-429,1,50,0,322,0,0,-1,-1,-1,-1,-1,-1,0,-1,-1,-1,0,36,8,-1024,0,36,0,0,0,0,0,0,0,298,0,0,0,0,0,0,0,0,0,0,0,0,0,0,0,0,0,0,0,0,0,0,0,0,0,0,0,0,0,0,0,0,0,0,0,0,0,0,0,0,0,0,0,0,0,0,0,0,0,0,0,
2026-05-29,09:16:21.380,8.27,100,88,0,-0.202,6.00,25,0.977,92,0,0.004,100,100,0.07,-11.80,0.00,0,55.415900 12.873200,-3,2026-05-29 09:16:19,0,0,-1024,0,-430,1,49,0,322,0,0,-1,-1,-1,-1,-1,-1,0,-1,-1,-1,0,36,8,-1024,0,36,0,0,0,0,0,0,0,297,0,0,0,0,0,0,0,0,0,0,0,0,0,0,0,0,0,0,0,0,0,0,0,0,0,0,0,0,0,0,0,0,0,0,0,0,0,0,0,0,0,0,0,0,0,0,0,0,0,0,0,
2026-05-29,09:16:21.500,8.27,100,89,0,-0.204,5.97,25,0.983,93,0,0.005,100,100,0.07,-11.80,0.00,0,55.415900 12.873200,-3,2026-05-29 09:16:19,0,0,-1024,0,-429,0,50,0,322,0,0,-1,-1,-1,-1,-1,-1,0,-1,-1,-1,0,36,8,-1024,0,36,0,0,0,0,0,0,0,298,0,0,0,0,0,0,0,0,0,0,0,0,0,0,0,0,0,0,0,0,0,0,0,0,0,0,0,0,0,0,0,0,0,0,0,0,0,0,0,0,0,0,0,0,0,0,0,0,0,0,0,
2026-05-29,09:16:21.620,8.27,100,88,0,-0.205,5.98,25,0.980,93,0,0.004,100,100,0.07,-11.80,0.00,0,55.415900 12.873200,-3,2026-05-29 09:16:19,0,0,-1024,0,-430,0,50,0,321,0,0,-1,-1,-1,-1,-1,-1,0,-1,-1,-1,0,36,8,-1024,0,36,0,0,0,0,0,0,0,297,0,0,0,0,0,0,0,0,0,0,0,0,0,0,0,0,0,0,0,0,0,0,0,0,0,0,0,0,0,0,0,0,0,0,0,0,0,0,0,0,0,0,0,0,0,0,0,0,0,0,0,
2026-05-29,09:16:21.730,8.28,100,88,0,-0.205,5.96,25,0.980,93,0,0.004,100,100,0.07,-11.80,0.00,0,55.415900 12.873200,-3,2026-05-29 09:16:19,0,0,-1024,0,-430,0,49,0,322,0,0,-1,-1,-1,-1,-1,-1,0,-1,-1,-1,0,36,8,-1024,0,36,0,0,0,0,0,0,0,297,0,0,0,0,0,0,0,0,0,0,0,0,0,0,0,0,0,0,0,0,0,0,0,0,0,0,0,0,0,0,0,0,0,0,0,0,0,0,0,0,0,0,0,0,0,0,0,0,0,0,0,
2026-05-29,09:16:21.850,8.27,100,88,0,-0.203,5.97,25,0.979,93,0,0.004,100,100,0.07,-11.80,0.00,0,55.415900 12.873200,-3,2026-05-29 09:16:19,0,0,-1023,0,-430,0,50,0,321,0,0,-1,-1,-1,-1,-1,-1,0,-1,-1,-1,0,36,8,-1024,0,36,0,0,0,0,0,0,0,297,0,0,0,0,0,0,0,0,0,0,0,0,0,0,0,0,0,0,0,0,0,0,0,0,0,0,0,0,0,0,0,0,0,0,0,0,0,0,0,0,0,0,0,0,0,0,0,0,0,0,0,
2026-05-29,09:16:21.970,8.27,100,89,0,-0.203,5.98,25,0.982,93,0,0.006,100,100,0.07,-11.80,0.00,0,55.415900 12.873200,-3,2026-05-29 09:16:19,0,0,-1024,0,-429,0,49,0,322,0,0,-1,-1,-1,-1,-1,-1,0,-1,-1,-1,0,36,8,-1024,0,36,0,0,0,0,0,0,0,298,0,0,0,0,0,0,0,0,0,0,0,0,0,0,0,0,0,0,0,0,0,0,0,0,0,0,0,0,0,0,0,0,0,0,0,0,0,0,0,0,0,0,0,0,0,0,0,0,0,0,0,
2026-05-29,09:16:22.090,8.28,100,89,0,-0.203,5.99,25,0.978,93,0,0.006,100,100,0.07,-11.80,0.00,0,55.415900 12.873200,-3,2026-05-29 09:16:20,0,0,-1024,0,-430,0,49,0,322,0,0,-1,-1,-1,-1,-1,-1,0,-1,-1,-1,0,36,8,-1024,0,36,0,0,0,0,0,0,0,297,0,0,0,0,0,0,0,0,0,0,0,0,0,0,0,0,0,0,0,0,0,0,0,0,0,0,0,0,0,0,0,0,0,0,0,0,0,0,0,0,0,0,0,0,0,0,0,0,0,0,0,
2026-05-29,09:16:22.210,8.28,100,89,0,-0.203,5.99,25,0.978,94,0,0.006,100,100,0.08,-11.80,0.00,0,55.415900 12.873200,-3,2026-05-29 09:16:20,0,0,-1024,0,-430,2,49,0,321,0,0,-1,-1,-1,-1,-1,-1,0,-1,-1,-1,0,36,8,-1024,0,36,0,0,0,0,0,0,0,297,0,0,0,0,0,0,0,0,0,0,0,0,0,0,0,0,0,0,0,0,0,0,0,0,0,0,0,0,0,0,0,0,0,0,0,0,0,0,0,0,0,0,0,0,0,0,0,0,0,0,0,
2026-05-29,09:16:22.330,8.28,100,89,0,-0.203,5.97,25,0.985,94,0,0.004,100,100,0.07,-11.80,0.00,0,55.415900 12.873200,-3,2026-05-29 09:16:20,0,0,-1024,0,-429,0,50,0,322,0,0,-1,-1,-1,-1,-1,-1,0,-1,-1,-1,0,36,8,-1024,0,36,0,0,0,0,0,0,0,297,0,0,0,0,0,0,0,0,0,0,0,0,0,0,0,0,0,0,0,0,0,0,0,0,0,0,0,0,0,0,0,0,0,0,0,0,0,0,0,0,0,0,0,0,0,0,0,0,0,0,0,
2026-05-29,09:16:22.440,8.28,100,89,0,-0.202,5.97,25,0.978,96,0,0.006,100,100,0.07,-11.80,0.00,0,55.415900 12.873200,-3,2026-05-29 09:16:20,0,0,-1024,0,-430,0,49,0,322,0,0,-1,-1,-1,-1,-1,-1,0,-1,-1,-1,0,36,8,-1024,0,36,0,0,0,0,0,0,0,298,0,0,0,0,0,0,0,0,0,0,0,0,0,0,0,0,0,0,0,0,0,0,0,0,0,0,0,0,0,0,0,0,0,0,0,0,0,0,0,0,0,0,0,0,0,0,0,0,0,0,0,
2026-05-29,09:16:22.560,8.28,100,90,0,-0.202,5.98,25,0.978,96,0,0.006,100,100,0.07,-11.80,0.00,0,55.415900 12.873200,-3,2026-05-29 09:16:20,0,0,-1024,0,-430,1,50,0,321,0,0,-1,-1,-1,-1,-1,-1,0,-1,-1,-1,0,36,8,-1024,0,36,0,0,0,0,0,0,0,297,0,0,0,0,0,0,0,0,0,0,0,0,0,0,0,0,0,0,0,0,0,0,0,0,0,0,0,0,0,0,0,0,0,0,0,0,0,0,0,0,0,0,0,0,0,0,0,0,0,0,0,
2026-05-29,09:16:22.680,8.27,100,90,0,-0.204,5.99,25,0.987,96,0,0.003,100,100,0.07,-11.80,0.00,0,55.415900 12.873200,-3,2026-05-29 09:16:20,0,0,-1024,0,-429,0,50,0,322,0,0,-1,-1,-1,-1,-1,-1,0,-1,-1,-1,0,36,8,-1024,0,36,0,0,0,0,0,0,0,297,0,0,0,0,0,0,0,0,0,0,0,0,0,0,0,0,0,0,0,0,0,0,0,0,0,0,0,0,0,0,0,0,0,0,0,0,0,0,0,0,0,0,0,0,0,0,0,0,0,0,0,
2026-05-29,09:16:22.800,8.27,100,90,0,-0.201,5.99,25,0.976,97,0,0.005,100,100,0.07,-11.80,0.00,0,55.415900 12.873200,-3,2026-05-29 09:16:20,0,0,-1024,0,-430,2,51,0,322,0,0,-1,-1,-1,-1,-1,-1,0,-1,-1,-1,0,36,8,-1024,0,36,0,0,0,0,0,0,0,297,0,0,0,0,0,0,0,0,0,0,0,0,0,0,0,0,0,0,0,0,0,0,0,0,0,0,0,0,0,0,0,0,0,0,0,0,0,0,0,0,0,0,0,0,0,0,0,0,0,0,0,
2026-05-29,09:16:22.910,8.27,100,91,0,-0.201,5.99,25,0.976,97,0,0.005,100,100,0.07,-11.80,0.00,0,55.415900 12.873200,-3,2026-05-29 09:16:20,0,0,-1024,0,-430,0,50,0,322,0,0,-1,-1,-1,-1,-1,-1,0,-1,-1,-1,0,36,8,-1024,0,36,0,0,0,0,0,0,0,297,0,0,0,0,0,0,0,0,0,0,0,0,0,0,0,0,0,0,0,0,0,0,0,0,0,0,0,0,0,0,0,0,0,0,0,0,0,0,0,0,0,0,0,0,0,0,0,0,0,0,0,
2026-05-29,09:16:23.030,8.28,100,91,0,-0.201,6.00,25,0.981,97,0,0.005,100,100,0.07,-11.80,0.00,0,55.415900 12.873200,-3,2026-05-29 09:16:21,0,0,-1024,0,-430,0,50,0,322,0,0,-1,-1,-1,-1,-1,-1,0,-1,-1,-1,0,36,8,-1024,0,36,0,0,0,0,0,0,0,298,0,0,0,0,0,0,0,0,0,0,0,0,0,0,0,0,0,0,0,0,0,0,0,0,0,0,0,0,0,0,0,0,0,0,0,0,0,0,0,0,0,0,0,0,0,0,0,0,0,0,0,
2026-05-29,09:16:23.150,8.27,100,91,0,-0.205,6.00,25,0.979,97,0,0.005,100,100,0.07,-11.80,0.00,0,55.415900 12.873200,-3,2026-05-29 09:16:21,0,0,-1024,0,-429,1,50,0,321,0,0,-1,-1,-1,-1,-1,-1,0,-1,-1,-1,0,36,8,-1024,0,36,0,0,0,0,0,0,0,298,0,0,0,0,0,0,0,0,0,0,0,0,0,0,0,0,0,0,0,0,0,0,0,0,0,0,0,0,0,0,0,0,0,0,0,0,0,0,0,0,0,0,0,0,0,0,0,0,0,0,0,
2026-05-29,09:16:23.270,8.27,100,91,0,-0.202,5.97,25,0.979,98,0,0.005,100,100,0.07,-11.80,0.00,0,55.415900 12.873200,-3,2026-05-29 09:16:21,0,0,-1024,0,-429,0,50,0,322,0,0,-1,-1,-1,-1,-1,-1,0,-1,-1,-1,0,36,8,-1024,0,36,0,0,0,0,0,0,0,298,0,0,0,0,0,0,0,0,0,0,0,0,0,0,0,0,0,0,0,0,0,0,0,0,0,0,0,0,0,0,0,0,0,0,0,0,0,0,0,0,0,0,0,0,0,0,0,0,0,0,0,
2026-05-29,09:16:23.390,8.27,100,92,0,-0.202,5.98,25,0.986,98,0,0.005,100,100,0.08,-11.80,0.00,0,55.415900 12.873200,-3,2026-05-29 09:16:21,0,0,-1024,0,-429,0,50,0,322,0,0,-1,-1,-1,-1,-1,-1,0,-1,-1,-1,0,36,8,-1024,0,36,0,0,0,0,0,0,0,297,0,0,0,0,0,0,0,0,0,0,0,0,0,0,0,0,0,0,0,0,0,0,0,0,0,0,0,0,0,0,0,0,0,0,0,0,0,0,0,0,0,0,0,0,0,0,0,0,0,0,0,
2026-05-29,09:16:23.510,8.27,100,92,0,-0.204,5.98,25,0.979,98,0,0.006,100,100,0.06,-11.80,0.00,0,55.415900 12.873200,-3,2026-05-29 09:16:21,0,0,-1024,0,-429,0,49,0,321,0,0,-1,-1,-1,-1,-1,-1,0,-1,-1,-1,0,36,8,-1024,0,36,0,0,0,0,0,0,0,298,0,0,0,0,0,0,0,0,0,0,0,0,0,0,0,0,0,0,0,0,0,0,0,0,0,0,0,0,0,0,0,0,0,0,0,0,0,0,0,0,0,0,0,0,0,0,0,0,0,0,0,
2026-05-29,09:16:23.620,8.27,100,93,0,-0.205,5.96,25,0.982,98,0,0.005,100,100,0.06,-11.80,0.00,0,55.415900 12.873200,-3,2026-05-29 09:16:21,0,0,-1024,0,-430,1,49,0,322,0,0,-1,-1,-1,-1,-1,-1,0,-1,-1,-1,0,36,8,-1024,0,36,0,0,0,0,0,0,0,297,0,0,0,0,0,0,0,0,0,0,0,0,0,0,0,0,0,0,0,0,0,0,0,0,0,0,0,0,0,0,0,0,0,0,0,0,0,0,0,0,0,0,0,0,0,0,0,0,0,0,0,
2026-05-29,09:16:23.740,8.27,100,93,0,-0.205,5.97,25,0.982,98,0,0.005,100,100,0.06,-11.80,0.00,0,55.415900 12.873200,-3,2026-05-29 09:16:21,0,0,-1024,0,-430,0,50,0,322,0,0,-1,-1,-1,-1,-1,-1,0,-1,-1,-1,0,36,8,-1024,0,36,0,0,0,0,0,0,0,297,0,0,0,0,0,0,0,0,0,0,0,0,0,0,0,0,0,0,0,0,0,0,0,0,0,0,0,0,0,0,0,0,0,0,0,0,0,0,0,0,0,0,0,0,0,0,0,0,0,0,0,
2026-05-29,09:16:23.860,8.27,100,92,0,-0.203,5.99,25,0.979,98,0,0.006,100,100,0.06,-11.80,0.00,0,55.415900 12.873200,-3,2026-05-29 09:16:21,0,0,-1024,0,-430,1,50,0,322,0,0,-1,-1,-1,-1,-1,-1,0,-1,-1,-1,0,36,8,-1024,0,36,0,0,0,0,0,0,0,297,0,0,0,0,0,0,0,0,0,0,0,0,0,0,0,0,0,0,0,0,0,0,0,0,0,0,0,0,0,0,0,0,0,0,0,0,0,0,0,0,0,0,0,0,0,0,0,0,0,0,0,
2026-05-29,09:16:23.970,8.27,100,93,0,-0.203,5.99,25,0.979,98,0,0.004,100,100,0.06,-11.80,0.00,0,55.415900 12.873200,-3,2026-05-29 09:16:22,0,0,-1024,0,-429,1,49,0,321,0,0,-1,-1,-1,-1,-1,-1,0,-1,-1,-1,0,36,8,-1024,0,36,0,0,0,0,0,0,0,298,0,0,0,0,0,0,0,0,0,0,0,0,0,0,0,0,0,0,0,0,0,0,0,0,0,0,0,0,0,0,0,0,0,0,0,0,0,0,0,0,0,0,0,0,0,0,0,0,0,0,0,
2026-05-29,09:16:24.090,8.27,100,93,0,-0.203,5.99,25,0.979,98,0,0.004,100,100,0.06,-11.80,0.00,0,55.415900 12.873200,-3,2026-05-29 09:16:22,0,0,-1024,0,-430,0,48,0,322,0,0,-1,-1,-1,-1,-1,-1,0,-1,-1,-1,0,36,8,-1024,0,36,0,0,0,0,0,0,0,297,0,0,0,0,0,0,0,0,0,0,0,0,0,0,0,0,0,0,0,0,0,0,0,0,0,0,0,0,0,0,0,0,0,0,0,0,0,0,0,0,0,0,0,0,0,0,0,0,0,0,0,
2026-05-29,09:16:24.200,8.27,100,93,0,-0.204,5.99,25,0.980,99,0,0.004,100,100,0.06,-11.80,0.00,0,55.415900 12.873200,-3,2026-05-29 09:16:22,0,0,-1024,0,-429,0,49,0,321,0,0,-1,-1,-1,-1,-1,-1,0,-1,-1,-1,0,36,8,-1024,0,36,0,0,0,0,0,0,0,298,0,0,0,0,0,0,0,0,0,0,0,0,0,0,0,0,0,0,0,0,0,0,0,0,0,0,0,0,0,0,0,0,0,0,0,0,0,0,0,0,0,0,0,0,0,0,0,0,0,0,0,
2026-05-29,09:16:24.310,8.27,100,93,0,-0.204,6.00,25,0.984,99,0,0.006,100,100,0.06,-11.80,0.00,0,55.415900 12.873200,-3,2026-05-29 09:16:22,0,0,-1024,0,-430,0,50,0,322,0,0,-1,-1,-1,-1,-1,-1,0,-1,-1,-1,0,36,8,-1024,0,36,0,0,0,0,0,0,0,297,0,0,0,0,0,0,0,0,0,0,0,0,0,0,0,0,0,0,0,0,0,0,0,0,0,0,0,0,0,0,0,0,0,0,0,0,0,0,0,0,0,0,0,0,0,0,0,0,0,0,0,
2026-05-29,09:16:24.430,8.27,100,93,0,-0.204,5.97,25,0.984,99,0,0.006,100,100,0.07,-11.80,0.00,0,55.415900 12.873200,-3,2026-05-29 09:16:22,0,0,-1024,0,-430,0,49,0,322,0,0,-1,-1,-1,-1,-1,-1,0,-1,-1,-1,0,36,8,-1024,0,36,0,0,0,0,0,0,0,298,0,0,0,0,0,0,0,0,0,0,0,0,0,0,0,0,0,0,0,0,0,0,0,0,0,0,0,0,0,0,0,0,0,0,0,0,0,0,0,0,0,0,0,0,0,0,0,0,0,0,0,
2026-05-29,09:16:24.560,8.27,100,94,0,-0.203,5.96,25,0.982,99,0,0.004,100,100,0.06,-11.80,0.00,0,55.415900 12.873200,-3,2026-05-29 09:16:22,0,0,-1024,0,-430,0,49,0,322,0,0,-1,-1,-1,-1,-1,-1,0,-1,-1,-1,0,36,8,-1024,0,36,0,0,0,0,0,0,0,298,0,0,0,0,0,0,0,0,0,0,0,0,0,0,0,0,0,0,0,0,0,0,0,0,0,0,0,0,0,0,0,0,0,0,0,0,0,0,0,0,0,0,0,0,0,0,0,0,0,0,0,
2026-05-29,09:16:24.680,8.28,100,94,0,-0.204,5.97,25,0.982,99,0,0.005,100,100,0.07,-11.81,0.00,0,55.415900 12.873200,-3,2026-05-29 09:16:22,0,0,-1024,0,-429,0,50,0,321,0,0,-1,-1,-1,-1,-1,-1,0,-1,-1,-1,0,36,8,-1024,0,36,0,0,0,0,0,0,0,298,0,0,0,0,0,0,0,0,0,0,0,0,0,0,0,0,0,0,0,0,0,0,0,0,0,0,0,0,0,0,0,0,0,0,0,0,0,0,0,0,0,0,0,0,0,0,0,0,0,0,0,
2026-05-29,09:16:24.800,8.27,100,94,0,-0.204,5.95,25,0.982,98,0,0.001,100,100,0.07,-11.81,0.00,0,55.415900 12.873200,-3,2026-05-29 09:16:22,0,0,-1024,0,-430,2,48,0,321,0,0,-1,-1,-1,-1,-1,-1,0,-1,-1,-1,0,36,8,-1024,0,36,0,0,0,0,0,0,0,297,0,0,0,0,0,0,0,0,0,0,0,0,0,0,0,0,0,0,0,0,0,0,0,0,0,0,0,0,0,0,0,0,0,0,0,0,0,0,0,0,0,0,0,0,0,0,0,0,0,0,0,
2026-05-29,09:16:24.910,8.27,100,94,0,-0.204,5.96,25,0.982,98,0,0.001,100,100,0.06,-11.81,0.00,0,55.415900 12.873200,-3,2026-05-29 09:16:22,0,0,-1024,0,-429,0,50,0,322,0,0,-1,-1,-1,-1,-1,-1,0,-1,-1,-1,0,36,8,-1024,0,36,0,0,0,0,0,0,0,298,0,0,0,0,0,0,0,0,0,0,0,0,0,0,0,0,0,0,0,0,0,0,0,0,0,0,0,0,0,0,0,0,0,0,0,0,0,0,0,0,0,0,0,0,0,0,0,0,0,0,0,
2026-05-29,09:16:25.030,8.27,100,94,0,-0.203,5.98,25,0.984,98,0,0.002,100,100,0.07,-11.81,0.00,0,55.415900 12.873200,-3,2026-05-29 09:16:23,0,0,-1024,0,-429,0,49,0,322,0,0,-1,-1,-1,-1,-1,-1,0,-1,-1,-1,0,36,8,-1024,0,36,0,0,0,0,0,0,0,298,0,0,0,0,0,0,0,0,0,0,0,0,0,0,0,0,0,0,0,0,0,0,0,0,0,0,0,0,0,0,0,0,0,0,0,0,0,0,0,0,0,0,0,0,0,0,0,0,0,0,0,
2026-05-29,09:16:25.150,8.27,100,94,0,-0.205,5.99,25,0.983,98,0,0.003,100,100,0.07,-11.81,0.00,0,55.415900 12.873200,-3,2026-05-29 09:16:23,0,0,-1023,0,-430,0,49,0,322,0,0,-1,-1,-1,-1,-1,-1,0,-1,-1,-1,0,36,8,-1024,0,36,0,0,0,0,0,0,0,298,0,0,0,0,0,0,0,0,0,0,0,0,0,0,0,0,0,0,0,0,0,0,0,0,0,0,0,0,0,0,0,0,0,0,0,0,0,0,0,0,0,0,0,0,0,0,0,0,0,0,0,
2026-05-29,09:16:25.270,8.27,100,95,0,-0.205,5.96,25,0.983,98,0,0.003,100,100,0.07,-11.81,0.00,0,55.415900 12.873200,-3,2026-05-29 09:16:23,0,0,-1023,0,-430,0,50,0,322,0,0,-1,-1,-1,-1,-1,-1,0,-1,-1,-1,0,36,8,-1024,0,36,0,0,0,0,0,0,0,297,0,0,0,0,0,0,0,0,0,0,0,0,0,0,0,0,0,0,0,0,0,0,0,0,0,0,0,0,0,0,0,0,0,0,0,0,0,0,0,0,0,0,0,0,0,0,0,0,0,0,0,
2026-05-29,09:16:25.390,8.27,100,95,0,-0.205,5.97,25,0.980,99,0,0.003,100,100,0.06,-11.81,0.00,0,55.415900 12.873200,-3,2026-05-29 09:16:23,-28,0,-605,0,-429,0,50,0,321,0,0,-1,-1,-1,-1,-1,-1,0,-1,-1,-1,1,36,8,-1024,-10,36,0,0,0,0,0,0,0,298,0,0,0,0,0,0,0,0,0,0,0,0,0,0,0,0,0,0,0,0,0,0,0,0,0,0,0,0,0,0,0,0,0,0,0,0,0,0,0,0,0,0,0,0,0,0,0,0,0,0,0,
2026-05-29,09:16:25.510,8.27,100,95,0,-0.204,5.96,25,0.980,99,0,0.005,100,100,0.07,-11.81,0.00,0,55.415900 12.873200,-3,2026-05-29 09:16:23,0,0,-1024,0,-430,0,50,0,322,0,0,-1,-1,-1,-1,-1,-1,0,-1,-1,-1,0,36,8,-1024,0,36,0,0,0,0,0,0,0,298,0,0,0,0,0,0,0,0,0,0,0,0,0,0,0,0,0,0,0,0,0,0,0,0,0,0,0,0,0,0,0,0,0,0,0,0,0,0,0,0,0,0,0,0,0,0,0,0,0,0,0,
2026-05-29,09:16:25.620,8.27,100,96,0,-0.204,5.97,25,0.980,99,0,0.005,100,100,0.07,-11.81,0.00,0,55.415900 12.873200,-3,2026-05-29 09:16:23,0,0,-1024,0,-429,0,49,0,322,0,0,-1,-1,-1,-1,-1,-1,0,-1,-1,-1,0,36,8,-1024,0,36,0,0,0,0,0,0,0,298,0,0,0,0,0,0,0,0,0,0,0,0,0,0,0,0,0,0,0,0,0,0,0,0,0,0,0,0,0,0,0,0,0,0,0,0,0,0,0,0,0,0,0,0,0,0,0,0,0,0,0,
2026-05-29,09:16:25.740,8.27,100,95,0,-0.204,5.96,25,0.980,98,0,0.003,100,100,0.08,-11.81,0.00,0,55.415900 12.873200,-3,2026-05-29 09:16:23,0,0,-1024,0,-430,1,50,0,322,0,0,-1,-1,-1,-1,-1,-1,0,-1,-1,-1,0,36,8,-1024,0,36,0,0,0,0,0,0,0,297,0,0,0,0,0,0,0,0,0,0,0,0,0,0,0,0,0,0,0,0,0,0,0,0,0,0,0,0,0,0,0,0,0,0,0,0,0,0,0,0,0,0,0,0,0,0,0,0,0,0,0,
2026-05-29,09:16:25.850,8.27,100,95,0,-0.200,5.97,25,0.982,99,0,0.004,100,100,0.07,-11.81,0.00,0,55.415900 12.873200,-3,2026-05-29 09:16:23,0,0,-1024,0,-429,3,50,0,322,0,0,-1,-1,-1,-1,-1,-1,0,-1,-1,-1,0,36,8,-1024,0,36,0,0,0,0,0,0,0,298,0,0,0,0,0,0,0,0,0,0,0,0,0,0,0,0,0,0,0,0,0,0,0,0,0,0,0,0,0,0,0,0,0,0,0,0,0,0,0,0,0,0,0,0,0,0,0,0,0,0,0,
2026-05-29,09:16:25.970,8.27,100,95,0,-0.204,5.95,25,0.982,99,0,0.004,100,100,0.07,-11.81,0.00,0,55.415900 12.873200,-3,2026-05-29 09:16:24,0,0,-1024,0,-429,0,49,0,321,0,0,-1,-1,-1,-1,-1,-1,0,-1,-1,-1,0,36,8,-1024,0,36,0,0,0,0,0,0,0,298,0,0,0,0,0,0,0,0,0,0,0,0,0,0,0,0,0,0,0,0,0,0,0,0,0,0,0,0,0,0,0,0,0,0,0,0,0,0,0,0,0,0,0,0,0,0,0,0,0,0,0,
2026-05-29,09:16:26.090,8.27,100,95,0,-0.204,5.97,25,0.982,99,0,0.005,100,100,0.07,-11.81,0.00,0,55.415900 12.873200,-3,2026-05-29 09:16:24,0,0,-1024,0,-430,0,50,0,322,0,0,-1,-1,-1,-1,-1,-1,0,-1,-1,-1,0,36,8,-1024,0,36,0,0,0,0,0,0,0,297,0,0,0,0,0,0,0,0,0,0,0,0,0,0,0,0,0,0,0,0,0,0,0,0,0,0,0,0,0,0,0,0,0,0,0,0,0,0,0,0,0,0,0,0,0,0,0,0,0,0,0,
2026-05-29,09:16:26.200,8.27,100,95,0,-0.205,5.97,25,0.982,99,0,0.004,100,100,0.07,-11.81,0.00,0,55.415900 12.873200,-3,2026-05-29 09:16:24,0,0,-1024,0,-430,1,50,0,321,0,0,-1,-1,-1,-1,-1,-1,0,-1,-1,-1,0,36,8,-1024,0,36,0,0,0,0,0,0,0,298,0,0,0,0,0,0,0,0,0,0,0,0,0,0,0,0,0,0,0,0,0,0,0,0,0,0,0,0,0,0,0,0,0,0,0,0,0,0,0,0,0,0,0,0,0,0,0,0,0,0,0,
2026-05-29,09:16:26.310,8.27,100,96,0,-0.203,5.96,25,0.982,99,0,0.004,100,100,0.07,-11.81,0.00,0,55.415900 12.873200,-3,2026-05-29 09:16:24,0,0,-1024,0,-429,0,50,0,322,0,0,-1,-1,-1,-1,-1,1,0,-1,-1,-1,0,36,8,-1024,0,36,0,0,0,0,0,0,0,298,0,0,0,0,0,0,0,0,0,0,0,0,0,0,0,0,0,0,0,0,0,0,0,0,0,0,0,0,0,0,0,0,0,0,0,0,0,0,0,0,0,0,0,0,0,0,0,0,0,0,0,
2026-05-29,09:16:26.430,8.27,100,96,0,-0.203,5.96,25,0.987,100,0,0.005,100,100,0.06,-11.81,0.00,0,55.415900 12.873200,-3,2026-05-29 09:16:24,0,0,-1024,0,-429,1,50,0,321,0,0,-1,-1,-1,-1,-1,1,0,-1,-1,-1,0,36,8,-1024,0,36,0,0,0,0,0,0,0,298,0,0,0,0,0,0,0,0,0,0,0,0,0,0,0,0,0,0,0,0,0,0,0,0,0,0,0,0,0,0,0,0,0,0,0,0,0,0,0,0,0,0,0,0,0,0,0,0,0,0,0,
2026-05-29,09:16:26.540,8.27,100,96,0,-0.204,5.97,25,0.978,100,0,0.007,100,100,0.06,-11.81,0.00,0,55.415900 12.873200,-3,2026-05-29 09:16:24,0,0,-1024,0,-429,1,50,0,322,0,0,-1,-1,-1,-1,-1,1,0,-1,-1,-1,0,36,8,-1024,0,36,0,0,0,0,0,0,0,298,0,0,0,0,0,0,0,0,0,0,0,0,0,0,0,0,0,0,0,0,0,0,0,0,0,0,0,0,0,0,0,0,0,0,0,0,0,0,0,0,0,0,0,0,0,0,0,0,0,0,0,
2026-05-29,09:16:26.660,8.27,100,97,0,-0.204,5.97,25,0.982,100,0,0.002,100,100,0.06,-11.81,0.00,0,55.415900 12.873200,-3,2026-05-29 09:16:24,0,0,-1024,0,-429,0,50,0,322,0,0,-1,-1,-1,-1,-1,1,0,-1,-1,-1,0,36,8,-1024,0,36,0,0,0,0,0,0,0,298,0,0,0,0,0,0,0,0,0,0,0,0,0,0,0,0,0,0,0,0,0,0,0,0,0,0,0,0,0,0,0,0,0,0,0,0,0,0,0,0,0,0,0,0,0,0,0,0,0,0,0,
2026-05-29,09:16:26.780,8.28,100,97,0,-0.204,5.98,25,0.982,100,0,0.002,100,100,0.06,-11.81,0.00,0,55.415900 12.873200,-3,2026-05-29 09:16:24,0,0,-1024,0,-429,0,49,0,322,0,0,-1,-1,-1,-1,-1,1,0,-1,-1,-1,0,36,8,-1024,0,36,0,0,0,0,0,0,0,298,0,0,0,0,0,0,0,0,0,0,0,0,0,0,0,0,0,0,0,0,0,0,0,0,0,0,0,0,0,0,0,0,0,0,0,0,0,0,0,0,0,0,0,0,0,0,0,0,0,0,0,
2026-05-29,09:16:26.890,8.27,100,96,0,-0.205,5.99,25,0.982,99,0,0.006,100,100,0.06,-11.81,0.00,0,55.415900 12.873200,-3,2026-05-29 09:16:24,0,0,-1024,0,-430,0,50,0,322,0,0,-1,-1,-1,-1,-1,1,0,-1,-1,-1,0,36,8,-1024,0,36,0,0,0,0,0,0,0,298,0,0,0,0,0,0,0,0,0,0,0,0,0,0,0,0,0,0,0,0,0,0,0,0,0,0,0,0,0,0,0,0,0,0,0,0,0,0,0,0,0,0,0,0,0,0,0,0,0,0,0,
2026-05-29,09:16:27.010,8.27,100,96,0,-0.204,5.97,25,0.986,99,0,0.003,100,100,0.06,-11.81,0.00,0,55.415900 12.873200,-3,2026-05-29 09:16:25,0,0,-1024,0,-430,0,49,0,322,0,0,-1,-1,-1,-1,-1,1,0,-1,-1,-1,0,36,8,-1024,0,36,0,0,0,0,0,0,0,297,0,0,0,0,0,0,0,0,0,0,0,0,0,0,0,0,0,0,0,0,0,0,0,0,0,0,0,0,0,0,0,0,0,0,0,0,0,0,0,0,0,0,0,0,0,0,0,0,0,0,0,
2026-05-29,09:16:27.120,8.27,100,95,0,-0.204,5.97,25,0.986,98,0,0.003,100,100,0.06,-11.81,0.00,0,55.415900 12.873200,-3,2026-05-29 09:16:25,0,0,-1024,0,-429,0,49,0,322,0,0,-1,-1,-1,-1,-1,1,0,-1,-1,-1,0,36,8,-1024,0,36,0,0,0,0,0,0,0,298,0,0,0,0,0,0,0,0,0,0,0,0,0,0,0,0,0,0,0,0,0,0,0,0,0,0,0,0,0,0,0,0,0,0,0,0,0,0,0,0,0,0,0,0,0,0,0,0,0,0,0,
2026-05-29,09:16:27.250,8.27,100,96,0,-0.204,5.96,25,0.980,98,0,0.005,100,100,0.07,-11.81,0.00,0,55.415900 12.873200,-3,2026-05-29 09:16:25,0,0,-1024,0,-429,0,50,0,322,0,0,-1,-1,-1,-1,-1,1,0,-1,-1,-1,0,36,8,-1024,0,36,0,0,0,0,0,0,0,297,0,0,0,0,0,0,0,0,0,0,0,0,0,0,0,0,0,0,0,0,0,0,0,0,0,0,0,0,0,0,0,0,0,0,0,0,0,0,0,0,0,0,0,0,0,0,0,0,0,0,0,
2026-05-29,09:16:27.360,8.27,100,96,0,-0.202,5.97,25,0.981,99,0,0.002,100,100,0.07,-11.81,0.00,0,55.415900 12.873200,-3,2026-05-29 09:16:25,21,0,-1023,0,-430,0,50,0,322,0,0,-1,-1,-1,-1,-1,1,0,-1,-1,-1,0,36,8,-1023,7,36,0,0,0,0,0,0,0,297,0,0,0,0,0,0,0,0,0,0,0,0,0,0,0,0,0,0,0,0,0,0,0,0,0,0,0,0,0,0,0,0,0,0,0,0,0,0,0,0,0,0,0,0,0,0,0,0,0,0,0,
2026-05-29,09:16:27.480,8.27,100,97,0,-0.202,5.97,25,0.981,99,0,0.002,100,100,0.07,-11.81,0.00,0,55.415900 12.873200,-3,2026-05-29 09:16:25,0,0,-1024,0,-430,0,50,0,321,0,0,-1,-1,-1,-1,-1,1,0,-1,-1,-1,0,36,8,-1024,0,36,0,0,0,0,0,0,0,297,0,0,0,0,0,0,0,0,0,0,0,0,0,0,0,0,0,0,0,0,0,0,0,0,0,0,0,0,0,0,0,0,0,0,0,0,0,0,0,0,0,0,0,0,0,0,0,0,0,0,0,
2026-05-29,09:16:27.600,8.27,100,97,0,-0.204,5.99,25,0.982,99,0,0.005,100,100,0.07,-11.81,0.00,0,55.415900 12.873200,-3,2026-05-29 09:16:25,0,0,-1023,0,-429,0,50,0,322,0,0,-1,-1,-1,-1,-1,1,0,-1,-1,-1,0,36,8,-1023,0,36,0,0,0,0,0,0,0,298,0,0,0,0,0,0,0,0,0,0,0,0,0,0,0,0,0,0,0,0,0,0,0,0,0,0,0,0,0,0,0,0,0,0,0,0,0,0,0,0,0,0,0,0,0,0,0,0,0,0,0,
2026-05-29,09:16:27.710,8.27,100,97,0,-0.202,5.99,25,0.979,99,0,0.002,100,100,0.06,-11.81,0.00,0,55.415900 12.873200,-3,2026-05-29 09:16:25,0,0,-1024,0,-430,1,50,0,322,0,0,-1,-1,-1,-1,-1,1,0,-1,-1,-1,0,36,8,-1024,0,36,0,0,0,0,0,0,0,297,0,0,0,0,0,0,0,0,0,0,0,0,0,0,0,0,0,0,0,0,0,0,0,0,0,0,0,0,0,0,0,0,0,0,0,0,0,0,0,0,0,0,0,0,0,0,0,0,0,0,0,
2026-05-29,09:16:27.830,8.27,100,95,0,-0.200,5.99,25,0.979,97,0,0.002,100,100,0.06,-11.81,0.00,0,55.415900 12.873200,-3,2026-05-29 09:16:25,0,-988,-1024,0,-429,2,50,0,322,0,0,-1,-1,-1,-1,-1,1,0,-1,-1,-1,0,36,488,-1024,0,36,0,0,0,0,0,0,0,298,0,0,0,0,0,0,0,0,0,0,0,0,0,0,0,0,0,0,0,0,0,0,0,0,0,0,0,0,0,0,0,0,0,0,0,0,0,0,0,0,0,0,0,0,0,0,0,0,0,0,0,
2026-05-29,09:16:27.940,8.27,100,95,0,-0.200,5.97,25,0.968,97,0,0.009,100,100,0.06,-11.81,0.00,0,55.415900 12.873200,-3,2026-05-29 09:16:25,0,-1024,-1024,26,-429,0,50,0,322,0,0,-1,-1,-1,-1,-1,1,0,-1,-1,-1,0,26,516,-1024,0,26,0,0,0,0,0,0,0,297,0,0,0,0,0,0,0,0,0,0,0,0,0,0,0,0,0,0,0,0,0,0,0,0,0,0,0,0,0,0,0,0,0,0,0,0,0,0,0,0,0,0,0,0,0,0,0,0,0,0,0,
2026-05-29,09:16:28.060,8.27,100,94,0,-0.203,5.95,25,0.974,96,0,0.003,100,100,0.06,-11.81,0.00,0,55.415900 12.873200,-3,2026-05-29 09:16:26,0,-1024,-1024,0,-429,0,50,0,322,0,0,-1,-1,-1,-1,-1,1,0,-1,-1,-1,0,36,516,-1024,0,36,0,0,0,0,0,0,0,298,0,0,0,0,0,0,0,0,0,0,0,0,0,0,0,0,0,0,0,0,0,0,0,0,0,0,0,0,0,0,0,0,0,0,0,0,0,0,0,0,0,0,0,0,0,0,0,0,0,0,0,
2026-05-29,09:16:28.180,8.27,100,95,0,-0.202,5.95,25,0.981,95,0,0.005,100,100,0.06,-11.81,0.00,0,55.415900 12.873200,-3,2026-05-29 09:16:26,0,-1024,-606,0,-430,3,50,0,322,0,0,-1,-1,-1,-1,-1,1,0,-1,-1,-1,1,36,516,-606,0,36,0,0,0,0,0,0,0,297,0,0,0,0,0,0,0,0,0,0,0,0,0,0,0,0,0,0,0,0,0,0,0,0,0,0,0,0,0,0,0,0,0,0,0,0,0,0,0,0,0,0,0,0,0,0,0,0,0,0,0,
2026-05-29,09:16:28.300,8.27,100,95,0,-0.202,5.94,25,0.981,97,0,0.005,100,100,0.07,-11.80,0.00,0,55.415900 12.873200,-3,2026-05-29 09:16:26,0,-1024,-726,0,-429,0,49,0,322,0,0,-1,-1,-1,-1,-1,1,0,-1,-1,-1,1,36,516,-726,0,36,0,0,0,0,0,0,0,297,0,0,0,0,0,0,0,0,0,0,0,0,0,0,0,0,0,0,0,0,0,0,0,0,0,0,0,0,0,0,0,0,0,0,0,0,0,0,0,0,0,0,0,0,0,0,0,0,0,0,0,
2026-05-29,09:16:28.420,8.27,100,96,0,-0.200,5.93,25,0.982,97,0,0.003,100,100,0.05,-11.80,0.00,0,55.415900 12.873200,-3,2026-05-29 09:16:26,0,-1024,-587,0,-430,0,49,0,322,0,0,-1,-1,-1,-1,-1,1,0,-1,-1,-1,1,36,516,-587,0,36,0,0,0,0,0,0,0,297,0,0,0,0,0,0,0,0,0,0,0,0,0,0,0,0,0,0,0,0,0,0,0,0,0,0,0,0,0,0,0,0,0,0,0,0,0,0,0,0,0,0,0,0,0,0,0,0,0,0,0,
2026-05-29,09:16:28.530,8.28,100,97,0,-0.206,5.92,25,0.984,98,0,0.001,100,100,0.07,-11.80,0.00,0,55.415900 12.873200,-3,2026-05-29 09:16:26,0,-1024,-581,-7,-430,0,50,0,322,0,0,-1,-1,-1,-1,-1,1,0,-1,-1,-1,1,39,516,-581,0,39,0,0,0,0,0,0,0,297,0,0,0,0,0,0,0,0,0,0,0,0,0,0,0,0,0,0,0,0,0,0,0,0,0,0,0,0,0,0,0,0,0,0,0,0,0,0,0,0,0,0,0,0,0,0,0,0,0,0,0,
2026-05-29,09:16:28.650,8.27,100,97,0,-0.206,5.94,25,0.984,98,0,0.001,100,100,0.07,-11.80,0.00,0,55.415900 12.873200,-3,2026-05-29 09:16:26,0,-1023,-580,0,-429,0,47,-1,322,0,0,-1,-1,-1,-1,-1,1,0,-1,-1,-1,1,36,516,-580,0,36,0,0,0,0,0,0,0,298,0,0,0,0,0,0,0,0,0,0,0,0,0,0,0,0,0,0,0,0,0,0,0,0,0,0,0,0,0,0,0,0,0,0,0,0,0,0,0,0,0,0,0,0,0,0,0,0,0,0,0,
2026-05-29,09:16:28.760,8.27,100,97,0,-0.207,5.93,25,0.988,98,0,0.025,100,100,0.08,-11.81,0.00,0,55.415900 12.873200,-3,2026-05-29 09:16:26,0,-1021,-579,0,-429,1,49,0,321,0,0,-1,-1,-1,-1,-1,1,0,-1,-1,-1,1,36,514,-579,0,36,0,0,0,0,0,0,0,298,0,0,0,0,0,0,0,0,0,0,0,0,0,0,0,0,0,0,0,0,0,0,0,0,0,0,0,0,0,0,0,0,0,0,0,0,0,0,0,0,0,0,0,0,0,0,0,0,0,0,0,
2026-05-29,09:16:28.880,8.27,100,96,0,-0.199,5.92,25,0.999,98,0,0.000,100,100,0.08,-11.81,0.00,0,55.415900 12.873200,-3,2026-05-29 09:16:26,0,-1024,-580,0,-429,0,49,0,322,0,0,-1,-1,-1,-1,-1,1,0,-1,-1,-1,1,36,516,-580,0,36,0,0,0,0,0,0,0,298,0,0,0,0,0,0,0,0,0,0,0,0,0,0,0,0,0,0,0,0,0,0,0,0,0,0,0,0,0,0,0,0,0,0,0,0,0,0,0,0,0,0,0,0,0,0,0,0,0,0,0,
2026-05-29,09:16:29.000,8.27,100,95,0,-0.199,5.94,25,0.999,97,0,0.000,100,100,0.08,-11.81,0.00,0,55.415900 12.873200,-3,2026-05-29 09:16:27,0,-1024,-500,0,-430,0,49,0,321,0,0,-1,-1,-1,-1,-1,1,0,-1,-1,-1,1,36,516,-500,0,36,0,0,0,0,0,0,0,297,0,0,0,0,0,0,0,0,0,0,0,0,0,0,0,0,0,0,0,0,0,0,0,0,0,0,0,0,0,0,0,0,0,0,0,0,0,0,0,0,0,0,0,0,0,0,0,0,0,0,0,
2026-05-29,09:16:29.130,8.27,100,94,0,-0.201,5.93,25,1.001,96,0,0.019,100,100,0.11,-11.81,0.00,0,55.415900 12.873200,-3,2026-05-29 09:16:27,0,-1024,-510,0,-430,0,49,0,322,0,0,-1,-1,-1,-1,-1,1,0,-1,-1,-1,1,36,516,-510,0,36,0,0,0,0,0,0,0,297,0,0,0,0,0,0,0,0,0,0,0,0,0,0,0,0,0,0,0,0,0,0,0,0,0,0,0,0,0,0,0,0,0,0,0,0,0,0,0,0,0,0,0,0,0,0,0,0,0,0,0,
2026-05-29,09:16:29.250,8.27,100,94,0,-0.193,5.92,25,0.978,96,0,-0.001,100,100,0.04,-11.80,0.00,0,55.415900 12.873200,-3,2026-05-29 09:16:27,0,-1024,-508,-4,-430,1,49,0,322,0,0,-1,-1,-1,-1,-1,1,0,-1,-1,-1,1,38,516,-508,0,38,0,0,0,0,0,0,0,297,0,0,0,0,0,0,0,0,0,0,0,0,0,0,0,0,0,0,0,0,0,0,0,0,0,0,0,0,0,0,0,0,0,0,0,0,0,0,0,0,0,0,0,0,0,0,0,0,0,0,0,
2026-05-29,09:16:29.370,8.27,100,95,0,-0.201,5.95,25,0.974,96,0,0.005,100,100,0.04,-11.80,0.00,0,55.415900 12.873200,-3,2026-05-29 09:16:27,0,-1023,-503,14,-429,0,48,-2,321,0,0,-1,-1,-1,-1,-1,1,0,-1,-1,-1,1,31,516,-481,0,30,0,0,0,0,0,0,0,298,0,0,0,0,0,0,0,0,0,0,0,0,0,0,0,0,0,0,0,0,0,0,0,0,0,0,0,0,0,0,0,0,0,0,0,0,0,0,0,0,0,0,0,0,0,0,0,0,0,0,0,
2026-05-29,09:16:29.480,8.27,100,95,0,-0.201,5.97,25,0.974,96,0,0.005,100,100,0.06,-11.80,0.00,0,55.415900 12.873200,-3,2026-05-29 09:16:27,0,-1024,-406,0,-429,0,49,0,321,0,0,-1,-1,-1,-1,-1,1,0,-1,-1,-1,1,36,516,-406,0,36,0,0,0,0,0,0,0,298,0,0,0,0,0,0,0,0,0,0,0,0,0,0,0,0,0,0,0,0,0,0,0,0,0,0,0,0,0,0,0,0,0,0,0,0,0,0,0,0,0,0,0,0,0,0,0,0,0,0,0,
2026-05-29,09:16:29.600,8.27,100,96,0,-0.216,5.95,25,0.984,94,0,-0.008,100,100,0.04,-11.79,0.00,0,55.415900 12.873200,-3,2026-05-29 09:16:27,0,-1024,-324,1,-429,0,50,0,321,0,0,-1,-1,-1,-1,-1,1,0,-1,-1,-1,1,35,516,-324,0,35,0,0,0,0,0,0,0,298,0,0,0,0,0,0,0,0,0,0,0,0,0,0,0,0,0,0,0,0,0,0,0,0,0,0,0,0,0,0,0,0,0,0,0,0,0,0,0,0,0,0,0,0,0,0,0,0,0,0,0,
2026-05-29,09:16:29.720,8.27,100,95,0,-0.194,5.94,25,0.979,93,0,0.010,100,100,0.16,-11.77,0.00,0,55.415900 12.873200,-3,2026-05-29 09:16:27,0,-1023,-323,0,-430,0,50,0,322,0,0,-1,-1,-1,-1,-1,1,0,-1,-1,-1,1,36,516,-323,0,36,0,0,0,0,0,0,0,298,0,0,0,0,0,0,0,0,0,0,0,0,0,0,0,0,0,0,0,0,0,0,0,0,0,0,0,0,0,0,0,0,0,0,0,0,0,0,0,0,0,0,0,0,0,0,0,0,0,0,0,
2026-05-29,09:16:29.830,8.27,100,95,0,-0.194,5.95,25,0.979,93,0,0.010,100,100,0.16,-11.77,0.00,0,55.415900 12.873200,-3,2026-05-29 09:16:27,0,-1024,-323,0,-429,0,50,0,322,0,0,-1,-1,-1,-1,-1,1,0,-1,-1,-1,1,36,516,-323,0,36,0,0,0,0,0,0,0,298,0,0,0,0,0,0,0,0,0,0,0,0,0,0,0,0,0,0,0,0,0,0,0,0,0,0,0,0,0,0,0,0,0,0,0,0,0,0,0,0,0,0,0,0,0,0,0,0,0,0,0,
2026-05-29,09:16:29.960,8.27,100,94,0,-0.205,5.97,25,0.976,92,0,0.004,100,100,0.19,-11.69,0.00,0,55.415900 12.873200,-3,2026-05-29 09:16:28,0,-1024,-322,0,-429,1,49,0,321,0,0,-1,-1,-1,-1,-1,1,0,-1,-1,-1,1,36,516,-322,0,36,0,0,0,0,0,0,0,298,0,0,0,0,0,0,0,0,0,0,0,0,0,0,0,0,0,0,0,0,0,0,0,0,0,0,0,0,0,0,0,0,0,0,0,0,0,0,0,0,0,0,0,0,0,0,0,0,0,0,0,
2026-05-29,09:16:30.070,8.27,100,94,0,-0.201,5.98,25,0.961,93,0,0.012,100,100,0.18,-11.67,0.00,0,55.415900 12.873200,-3,2026-05-29 09:16:28,0,-1024,-196,0,-429,3,50,0,321,0,0,-1,-1,-1,-1,-1,1,0,-1,-1,-1,1,36,516,-196,0,36,0,0,0,0,0,0,0,298,0,0,0,0,0,0,0,0,0,0,0,0,0,0,0,0,0,0,0,0,0,0,0,0,0,0,0,0,0,0,0,0,0,0,0,0,0,0,0,0,0,0,0,0,0,0,0,0,0,0,0,
2026-05-29,09:16:30.190,8.27,100,95,0,-0.201,5.96,25,0.961,95,0,0.012,100,100,0.18,-11.67,0.00,0,55.415900 12.873200,-3,2026-05-29 09:16:28,0,-1024,-195,-9,-430,1,50,0,321,0,0,-1,-1,-1,-1,-1,1,0,-1,-1,-1,1,40,516,-195,0,40,0,0,0,0,0,0,0,298,0,0,0,0,0,0,0,0,0,0,0,0,0,0,0,0,0,0,0,0,0,0,0,0,0,0,0,0,0,0,0,0,0,0,0,0,0,0,0,0,0,0,0,0,0,0,0,0,0,0,0,
2026-05-29,09:16:30.320,8.27,100,94,0,-0.220,5.95,25,0.984,96,0,0.000,100,100,0.10,-11.67,0.00,0,55.415900 12.873200,-3,2026-05-29 09:16:28,0,-1023,-195,12,-430,0,49,0,322,0,0,-1,-1,-1,-1,-1,1,0,-1,-1,-1,1,31,516,-195,0,31,0,0,0,0,0,0,0,297,0,0,0,0,0,0,0,0,0,0,0,0,0,0,0,0,0,0,0,0,0,0,0,0,0,0,0,0,0,0,0,0,0,0,0,0,0,0,0,0,0,0,0,0,0,0,0,0,0,0,0,
2026-05-29,09:16:30.430,8.27,100,95,0,-0.221,5.93,25,0.968,96,0,0.008,100,100,-0.10,-11.64,0.00,0,55.415900 12.873200,-3,2026-05-29 09:16:28,0,-1024,-98,0,-429,1,49,0,322,0,0,-1,-1,-1,-1,-1,1,0,-1,-1,-1,1,36,516,-98,0,36,0,0,0,0,0,0,0,298,0,0,0,0,0,0,0,0,0,0,0,0,0,0,0,0,0,0,0,0,0,0,0,0,0,0,0,0,0,0,0,0,0,0,0,0,0,0,0,0,0,0,0,0,0,0,0,0,0,0,0,
2026-05-29,09:16:30.550,8.28,100,94,0,-0.489,5.92,25,0.968,96,0,0.003,100,100,-0.45,-11.69,0.00,0,55.415900 12.873200,-3,2026-05-29 09:16:28,0,-1024,15,0,-430,3,50,0,322,0,0,-1,-1,-1,-1,-1,1,0,-1,-1,-1,1,36,516,15,0,36,0,0,0,0,0,0,0,298,0,0,0,0,0,0,0,0,0,0,0,0,0,0,0,0,0,0,0,0,0,0,0,0,0,0,0,0,0,0,0,0,0,0,0,0,0,0,0,0,0,0,0,0,0,0,0,0,0,0,0,
2026-05-29,09:16:30.660,8.28,100,94,0,-0.489,5.94,25,0.903,95,0,0.003,100,100,-0.45,-11.69,0.00,0,55.415900 12.873200,-3,2026-05-29 09:16:28,0,-1024,17,0,-429,0,50,0,322,0,0,-1,-1,-1,-1,-1,1,0,-1,-1,-1,1,36,516,17,0,36,0,0,0,0,0,0,0,298,0,0,0,0,0,0,0,0,0,0,0,0,0,0,0,0,0,0,0,0,0,0,0,0,0,0,0,0,0,0,0,0,0,0,0,0,0,0,0,0,0,0,0,0,0,0,0,0,0,0,0,
2026-05-29,09:16:30.780,8.28,100,94,0,-0.556,5.93,25,0.641,95,0,0.019,100,100,-0.86,-13.30,0.00,0,55.415900 12.873200,-3,2026-05-29 09:16:28,0,-1024,17,0,-430,0,50,0,322,0,0,-1,-1,-1,-1,-1,1,0,-1,-1,-1,1,36,516,17,0,36,0,0,0,0,0,0,0,297,0,0,0,0,0,0,0,0,0,0,0,0,0,0,0,0,0,0,0,0,0,0,0,0,0,0,0,0,0,0,0,0,0,0,0,0,0,0,0,0,0,0,0,0,0,0,0,0,0,0,0,
2026-05-29,09:16:30.890,8.27,100,93,0,-0.557,5.92,25,0.045,93,0,0.044,100,100,-0.86,-13.30,0.00,0,55.415900 12.873200,-3,2026-05-29 09:16:28,0,-1023,17,0,-430,0,49,0,321,0,0,-1,-1,-1,-1,-1,1,0,-1,-1,-1,1,36,516,17,0,36,0,0,0,0,0,0,0,298,0,0,0,0,0,0,0,0,0,0,0,0,0,0,0,0,0,0,0,0,0,0,0,0,0,0,0,0,0,0,0,0,0,0,0,0,0,0,0,0,0,0,0,0,0,0,0,0,0,0,0,
2026-05-29,09:16:31.010,8.27,100,94,0,-0.557,5.92,25,0.045,93,0,0.044,100,100,-2.40,-14.00,0.00,3,55.415900 12.873200,-3,2026-05-29 09:16:29,199,-1024,-34,0,-429,0,50,0,321,0,0,-1,-1,-1,-1,-1,1,0,-1,-1,-1,1,36,516,-34,60,36,0,0,0,0,0,0,0,298,0,0,0,0,0,0,0,0,0,0,0,0,0,0,0,0,0,0,0,0,0,0,0,0,0,0,0,0,0,0,0,0,0,0,0,0,0,0,0,0,0,0,0,0,0,0,0,0,0,0,0,
2026-05-29,09:16:31.130,8.28,100,94,0,-0.341,5.91,25,0.744,94,0,0.005,100,100,-1.93,-13.72,0.00,3,55.415900 12.873200,-3,2026-05-29 09:16:29,214,-1024,-234,0,-430,2,50,0,322,0,0,-1,-1,-1,-1,-1,1,0,-1,-1,-1,1,36,516,-235,65,36,0,0,0,0,0,0,0,298,0,0,0,0,0,0,0,0,0,0,0,0,0,0,0,0,0,0,0,0,0,0,0,0,0,0,0,0,0,0,0,0,0,0,0,0,0,0,0,0,0,0,0,0,0,0,0,0,0,0,0,
2026-05-29,09:16:31.240,8.28,100,95,0,-0.402,5.91,25,0.824,95,0,0.035,100,100,-1.49,-12.40,0.00,3,55.415900 12.873200,-3,2026-05-29 09:16:29,132,-1024,-49,-45,-429,0,49,0,322,0,0,-1,-1,-1,-1,-1,1,0,-1,-1,-1,1,51,516,-49,40,51,0,0,0,0,0,0,0,298,0,0,0,0,0,0,0,0,0,0,0,0,0,0,0,0,0,0,0,0,0,0,0,0,0,0,0,0,0,0,0,0,0,0,0,0,0,0,0,0,0,0,0,0,0,0,0,0,0,0,0,
2026-05-29,09:16:31.350,8.27,100,96,0,-0.402,5.90,25,0.824,97,0,0.035,100,100,-1.49,-12.40,0.00,3,55.415900 12.873200,-3,2026-05-29 09:16:29,62,-1022,-132,0,-430,0,50,0,322,0,0,-1,-1,-1,-1,-1,1,0,-1,-1,-1,1,36,515,-132,19,36,0,0,0,0,0,0,0,297,0,0,0,0,0,0,0,0,0,0,0,0,0,0,0,0,0,0,0,0,0,0,0,0,0,0,0,0,0,0,0,0,0,0,0,0,0,0,0,0,0,0,0,0,0,0,0,0,0,0,0,
2026-05-29,09:16:31.460,8.27,100,97,0,-0.366,5.90,25,1.066,97,0,-0.194,100,100,-3.91,-10.86,0.00,7,55.415900 12.873200,-3,2026-05-29 09:16:29,57,-1024,-132,0,-430,0,50,0,322,0,0,-1,-1,-1,-1,-1,1,0,-1,-1,-1,1,36,516,-132,17,36,0,0,0,0,0,0,0,298,0,0,0,0,0,0,0,0,0,0,0,0,0,0,0,0,0,0,0,0,0,0,0,0,0,0,0,0,0,0,0,0,0,0,0,0,0,0,0,0,0,0,0,0,0,0,0,0,0,0,0,
2026-05-29,09:16:31.580,8.27,100,97,0,-0.366,5.90,25,1.282,97,0,-0.159,100,100,-2.21,-11.07,0.00,7,55.415900 12.873200,-3,2026-05-29 09:16:29,0,-1024,-248,-33,-429,1,49,0,322,0,0,-1,-1,-1,-1,-1,1,0,-1,-1,-1,1,48,516,-248,0,48,0,0,0,0,0,0,0,298,0,0,0,0,0,0,0,0,0,0,0,0,0,0,0,0,0,0,0,0,0,0,0,0,0,0,0,0,0,0,0,0,0,0,0,0,0,0,0,0,0,0,0,0,0,0,0,0,0,0,0,
2026-05-29,09:16:31.690,8.27,100,98,0,-0.366,5.90,25,1.282,96,0,-0.159,100,100,-2.21,-11.07,0.00,7,55.415900 12.873200,-3,2026-05-29 09:16:29,0,-1024,-369,-2,-429,2,50,0,321,0,0,-1,-1,-1,-1,-1,1,0,-1,-1,-1,1,37,516,-369,0,37,0,0,0,0,0,0,0,298,0,0,0,0,0,0,0,0,0,0,0,0,0,0,0,0,0,0,0,0,0,0,0,0,0,0,0,0,0,0,0,0,0,0,0,0,0,0,0,0,0,0,0,0,0,0,0,0,0,0,0,
2026-05-29,09:16:31.810,8.27,100,99,0,-0.123,5.90,25,1.293,96,0,-0.132,100,100,-2.59,-12.28,0.00,7,55.415900 12.873200,-3,2026-05-29 09:16:29,0,-1024,-368,0,-429,2,50,0,322,0,0,-1,-1,-1,-1,-1,1,0,-1,-1,-1,1,36,516,-368,0,36,0,0,0,0,0,0,0,298,0,0,0,0,0,0,0,0,0,0,0,0,0,0,0,0,0,0,0,0,0,0,0,0,0,0,0,0,0,0,0,0,0,0,0,0,0,0,0,0,0,0,0,0,0,0,0,0,0,0,0,
2026-05-29,09:16:31.920,8.27,100,99,0,-0.107,5.90,25,1.430,97,0,-0.099,100,100,-2.59,-12.28,0.00,7,55.415900 12.873200,-3,2026-05-29 09:16:29,0,-1024,-368,0,-430,0,50,0,322,0,0,-1,-1,-1,-1,-1,1,0,-1,-1,-1,1,36,516,-368,0,36,0,0,0,0,0,0,0,297,0,0,0,0,0,0,0,0,0,0,0,0,0,0,0,0,0,0,0,0,0,0,0,0,0,0,0,0,0,0,0,0,0,0,0,0,0,0,0,0,0,0,0,0,0,0,0,0,0,0,0,
2026-05-29,09:16:32.040,8.27,100,99,0,-0.107,5.90,25,1.430,98,0,-0.099,100,100,-2.54,-12.48,0.00,12,55.415900 12.873200,-3,2026-05-29 09:16:30,0,-1024,-368,0,-429,1,50,0,321,0,0,-1,-1,-1,-1,-1,1,0,-1,-1,-1,1,36,516,-368,0,36,0,0,0,0,0,0,0,298,0,0,0,0,0,0,0,0,0,0,0,0,0,0,0,0,0,0,0,0,0,0,0,0,0,0,0,0,0,0,0,0,0,0,0,0,0,0,0,0,0,0,0,0,0,0,0,0,0,0,0,
2026-05-29,09:16:32.160,8.27,100,100,0,-0.047,5.90,25,1.039,98,0,0.065,100,100,0.39,-11.54,0.00,12,55.415900 12.873200,-3,2026-05-29 09:16:30,-195,-1024,-565,0,-430,0,50,0,321,0,0,-1,-1,-1,-1,-1,1,0,-1,-1,-1,1,36,516,-565,-70,36,0,0,0,0,0,0,0,297,0,0,0,0,0,0,0,0,0,0,0,0,0,0,0,0,0,0,0,0,0,0,0,0,0,0,0,0,0,0,0,0,0,0,0,0,0,0,0,0,0,0,0,0,0,0,0,0,0,0,0,
2026-05-29,09:16:32.270,8.27,100,100,0,0.001,5.90,25,0.786,99,0,-0.084,100,100,-3.68,-11.21,0.00,12,55.415900 12.873200,-3,2026-05-29 09:16:30,-109,-1024,-479,0,-430,1,50,0,322,0,0,-1,-1,-1,-1,-1,1,0,-1,-1,-1,1,36,516,-479,-38,36,0,0,0,0,0,0,0,298,0,0,0,0,0,0,0,0,0,0,0,0,0,0,0,0,0,0,0,0,0,0,0,0,0,0,0,0,0,0,0,0,0,0,0,0,0,0,0,0,0,0,0,0,0,0,0,0,0,0,0,
2026-05-29,09:16:32.380,8.27,100,100,0,0.001,5.90,25,0.786,99,0,-0.084,100,100,-3.68,-11.21,0.00,11,55.415900 12.873200,-3,2026-05-29 09:16:30,0,-1024,-483,0,-429,0,50,0,322,0,0,-1,-1,-1,-1,-1,1,0,-1,-1,-1,1,36,516,-483,0,36,0,0,0,0,0,0,0,298,0,0,0,0,0,0,0,0,0,0,0,0,0,0,0,0,0,0,0,0,0,0,0,0,0,0,0,0,0,0,0,0,0,0,0,0,0,0,0,0,0,0,0,0,0,0,0,0,0,0,0,
2026-05-29,09:16:32.500,8.27,100,100,0,-0.039,5.93,25,0.765,99,0,-0.027,100,100,-3.64,-11.24,0.00,11,55.415900 12.873200,-3,2026-05-29 09:16:30,0,-1024,-486,0,-430,0,51,0,322,0,0,-1,-1,-1,-1,-1,1,0,-1,-1,-1,1,36,516,-486,0,36,0,0,0,0,0,0,0,297,0,0,0,0,0,0,0,0,0,0,0,0,0,0,0,0,0,0,0,0,0,0,0,0,0,0,0,0,0,0,0,0,0,0,0,0,0,0,0,0,0,0,0,0,0,0,0,0,0,0,0,
2026-05-29,09:16:32.610,8.27,100,100,0,0.000,5.92,25,0.536,100,0,0.021,100,100,-1.89,-11.19,0.00,11,55.415900 12.873200,-3,2026-05-29 09:16:30,0,-1024,-487,0,-430,1,48,0,322,0,0,-1,-1,-1,-1,-1,1,0,-1,-1,-1,1,36,516,-487,0,36,0,0,0,0,0,0,0,297,0,0,0,0,0,0,0,0,0,0,0,0,0,0,0,0,0,0,0,0,0,0,0,0,0,0,0,0,0,0,0,0,0,0,0,0,0,0,0,0,0,0,0,0,0,0,0,0,0,0,0,
2026-05-29,09:16:32.730,8.27,100,100,0,0.027,5.91,25,0.536,100,0,0.021,100,100,-1.89,-11.19,0.00,11,55.415900 12.873200,-3,2026-05-29 09:16:30,-161,-1024,-710,49,-430,0,51,0,322,0,0,-1,-1,-1,-1,-1,1,0,-1,-1,-1,1,17,516,-710,-57,17,0,0,0,0,0,0,0,297,0,0,0,0,0,0,0,0,0,0,0,0,0,0,0,0,0,0,0,0,0,0,0,0,0,0,0,0,0,0,0,0,0,0,0,0,0,0,0,0,0,0,0,0,0,0,0,0,0,0,0,
2026-05-29,09:16:32.850,8.28,100,100,0,0.027,5.91,25,0.874,100,0,-0.003,100,100,-1.45,-10.48,0.00,11,55.415900 12.873200,-3,2026-05-29 09:16:30,-21,-1018,-694,0,-430,0,50,0,322,0,0,-1,-1,-1,-1,-1,1,0,-1,-1,-1,1,36,511,-693,-8,36,0,0,0,0,0,0,0,297,0,0,0,0,0,0,0,0,0,0,0,0,0,0,0,0,0,0,0,0,0,0,0,0,0,0,0,0,0,0,0,0,0,0,0,0,0,0,0,0,0,0,0,0,0,0,0,0,0,0,0,
2026-05-29,09:16:32.960,8.27,100,100,0,0.028,5.91,25,0.972,100,0,-0.039,100,100,-2.67,-10.04,0.00,9,55.415900 12.873300,-3,2026-05-29 09:16:30,-209,-1021,-693,45,-430,1,49,0,322,0,0,-1,-1,-1,-1,-1,1,0,-1,-1,-1,1,19,514,-693,-75,19,0,0,0,0,0,0,0,297,0,0,0,0,0,0,0,0,0,0,0,0,0,0,0,0,0,0,0,0,0,0,0,0,0,0,0,0,0,0,0,0,0,0,0,0,0,0,0,0,0,0,0,0,0,0,0,0,0,0,0,
2026-05-29,09:16:33.080,8.27,100,100,0,0.018,5.90,25,0.577,99,0,0.034,100,100,-2.67,-10.04,0.00,9,55.415900 12.873300,-3,2026-05-29 09:16:31,-291,-1021,-692,26,-430,0,50,0,321,0,0,-1,-1,-1,-1,-1,1,0,-1,-1,-1,1,26,514,-692,-106,26,0,0,0,0,0,0,0,297,0,0,0,0,0,0,0,0,0,0,0,0,0,0,0,0,0,0,0,0,0,0,0,0,0,0,0,0,0,0,0,0,0,0,0,0,0,0,0,0,0,0,0,0,0,0,0,0,0,0,0,
2026-05-29,09:16:33.200,8.27,100,100,0,0.018,5.90,25,0.577,100,0,0.034,100,100,-0.78,-9.36,0.00,9,55.415900 12.873300,-3,2026-05-29 09:16:31,-308,-1022,-482,0,-429,1,49,0,322,0,0,-1,-1,-1,-1,-1,1,0,-1,-1,-1,1,36,515,-482,-112,36,0,0,0,0,0,0,0,298,0,0,0,0,0,0,0,0,0,0,0,0,0,0,0,0,0,0,0,0,0,0,0,0,0,0,0,0,0,0,0,0,0,0,0,0,0,0,0,0,0,0,0,0,0,0,0,0,0,0,0,
2026-05-29,09:16:33.310,8.27,100,100,0,0.056,5.93,25,0.814,100,0,-0.025,100,100,-1.34,-9.57,0.00,9,55.415900 12.873300,-3,2026-05-29 09:16:31,-348,-1024,-603,35,-430,1,49,0,322,0,0,-1,-1,-1,-1,-1,1,0,-1,-1,-1,1,23,516,-603,-128,23,0,0,0,0,0,0,0,297,0,0,0,0,0,0,0,0,0,0,0,0,0,0,0,0,0,0,0,0,0,0,0,0,0,0,0,0,0,0,0,0,0,0,0,0,0,0,0,0,0,0,0,0,0,0,0,0,0,0,0,
2026-05-29,09:16:33.420,8.27,100,100,0,-0.105,5.92,25,1.869,100,0,-0.409,100,100,-1.34,-9.57,0.00,7,55.415900 12.873300,-3,2026-05-29 09:16:31,-462,-1024,-296,0,-429,0,50,0,322,0,0,-1,-1,-1,-1,-1,1,0,-1,-1,-1,1,36,516,-296,-176,36,0,0,0,0,0,0,0,298,0,0,0,0,0,0,0,0,0,0,0,0,0,0,0,0,0,0,0,0,0,0,0,0,0,0,0,0,0,0,0,0,0,0,0,0,0,0,0,0,0,0,0,0,0,0,0,0,0,0,0,
2026-05-29,09:16:33.530,8.27,100,100,0,-0.105,5.92,25,1.869,100,0,-0.409,100,100,-1.77,-9.48,0.00,7,55.415900 12.873300,-3,2026-05-29 09:16:31,-429,-1005,-420,63,-429,1,48,0,322,0,0,-1,-1,-1,-1,-1,1,0,-1,-1,-1,1,12,501,-420,-162,12,0,0,0,0,0,0,0,298,0,0,0,0,0,0,0,0,0,0,0,0,0,0,0,0,0,0,0,0,0,0,0,0,0,0,0,0,0,0,0,0,0,0,0,0,0,0,0,0,0,0,0,0,0,0,0,0,0,0,0,
2026-05-29,09:16:33.650,8.27,100,100,0,-0.159,5.91,25,0.969,100,0,0.019,100,100,-0.67,-8.91,0.00,7,55.415900 12.873300,-3,2026-05-29 09:16:31,-406,-1007,-407,3,-430,1,49,0,322,0,0,-1,-1,-1,-1,-1,1,0,-1,-1,-1,1,36,503,-407,-152,36,0,0,0,0,0,0,0,297,0,0,0,0,0,0,0,0,0,0,0,0,0,0,0,0,0,0,0,0,0,0,0,0,0,0,0,0,0,0,0,0,0,0,0,0,0,0,0,0,0,0,0,0,0,0,0,0,0,0,0,
2026-05-29,09:16:33.760,8.27,100,100,0,-0.005,5.91,25,1.290,100,0,0.019,100,100,-0.67,-8.91,0.00,7,55.415900 12.873300,-3,2026-05-29 09:16:31,-426,-1023,-416,26,-430,0,49,0,322,0,0,-1,-1,-1,-1,-1,1,0,-1,-1,-1,1,26,516,-416,-161,26,0,0,0,0,0,0,0,297,0,0,0,0,0,0,0,0,0,0,0,0,0,0,0,0,0,0,0,0,0,0,0,0,0,0,0,0,0,0,0,0,0,0,0,0,0,0,0,0,0,0,0,0,0,0,0,0,0,0,0,
2026-05-29,09:16:33.880,8.27,100,100,0,-0.005,5.91,25,1.290,100,0,-0.138,100,100,-1.13,-8.70,0.00,7,55.415900 12.873300,-3,2026-05-29 09:16:31,-422,-1023,-401,0,-429,1,49,0,321,0,0,-1,-1,-1,-1,-1,1,0,-1,-1,-1,1,36,516,-401,-159,36,0,0,0,0,0,0,0,298,0,0,0,0,0,0,0,0,0,0,0,0,0,0,0,0,0,0,0,0,0,0,0,0,0,0,0,0,0,0,0,0,0,0,0,0,0,0,0,0,0,0,0,0,0,0,0,0,0,0,0,
2026-05-29,09:16:33.990,8.27,100,100,0,-0.033,5.93,25,1.270,100,0,0.048,100,100,-0.30,-8.17,0.00,5,55.415900 12.873300,-3,2026-05-29 09:16:32,-403,-1024,-355,0,-430,1,49,0,322,0,0,-1,-1,-1,-1,-1,1,0,-1,-1,-1,1,36,516,-354,-150,36,0,0,0,0,0,0,0,297,0,0,0,0,0,0,0,0,0,0,0,0,0,0,0,0,0,0,0,0,0,0,0,0,0,0,0,0,0,0,0,0,0,0,0,0,0,0,0,0,0,0,0,0,0,0,0,0,0,0,0,
2026-05-29,09:16:34.110,8.27,100,100,0,-0.133,5.92,25,1.103,100,0,0.004,100,100,-0.52,-7.90,0.00,5,55.415900 12.873300,-3,2026-05-29 09:16:32,-273,-1021,-227,0,-429,0,49,0,322,0,0,-1,-1,-1,-1,-1,1,0,-1,-1,-1,1,36,514,-227,-99,36,0,0,0,0,0,0,0,298,0,0,0,0,0,0,0,0,0,0,0,0,0,0,0,0,0,0,0,0,0,0,0,0,0,0,0,0,0,0,0,0,0,0,0,0,0,0,0,0,0,0,0,0,0,0,0,0,0,0,0,
2026-05-29,09:16:34.220,8.27,100,100,0,-0.133,5.94,25,1.103,100,0,0.004,100,100,-0.52,-7.90,0.00,5,55.415900 12.873300,-3,2026-05-29 09:16:32,0,-1023,-218,0,-430,0,49,0,321,0,0,-1,-1,-1,-1,-1,1,0,-1,-1,-1,1,36,516,-218,0,36,0,0,0,0,0,0,0,297,0,0,0,0,0,0,0,0,0,0,0,0,0,0,0,0,0,0,0,0,0,0,0,0,0,0,0,0,0,0,0,0,0,0,0,0,0,0,0,0,0,0,0,0,0,0,0,0,0,0,0,
2026-05-29,09:16:34.340,8.27,100,100,0,-0.235,5.93,25,1.335,100,0,-0.229,100,100,-1.44,-7.90,0.00,5,55.415900 12.873300,-3,2026-05-29 09:16:32,0,-1024,-218,13,-430,0,49,0,322,0,0,-1,-1,-1,-1,-1,1,0,-1,-1,-1,1,31,516,-218,0,31,0,0,0,0,0,0,0,297,0,0,0,0,0,0,0,0,0,0,0,0,0,0,0,0,0,0,0,0,0,0,0,0,0,0,0,0,0,0,0,0,0,0,0,0,0,0,0,0,0,0,0,0,0,0,0,0,0,0,0,
2026-05-29,09:16:34.460,8.27,100,100,0,-0.210,5.92,25,0.781,99,0,0.038,100,100,-0.12,-8.16,0.00,4,55.415900 12.873300,-3,2026-05-29 09:16:32,0,-1023,-212,0,-429,0,50,0,322,0,0,-1,-1,-1,-1,-1,1,0,-1,-1,-1,1,36,516,-212,0,36,0,0,0,0,0,0,0,298,0,0,0,0,0,0,0,0,0,0,0,0,0,0,0,0,0,0,0,0,0,0,0,0,0,0,0,0,0,0,0,0,0,0,0,0,0,0,0,0,0,0,0,0,0,0,0,0,0,0,0,
2026-05-29,09:16:34.580,8.27,100,100,0,-0.210,5.91,25,0.781,100,0,0.038,99,100,-0.12,-8.16,0.00,4,55.415900 12.873300,-3,2026-05-29 09:16:32,-106,-1010,-224,55,-429,2,49,0,322,0,0,-1,-1,-1,-1,-1,1,0,-1,-1,-1,1,15,505,-224,-38,15,0,0,0,0,0,0,0,298,0,0,0,0,0,0,0,0,0,0,0,0,0,0,0,0,0,0,0,0,0,0,0,0,0,0,0,0,0,0,0,0,0,0,0,0,0,0,0,0,0,0,0,0,0,0,0,0,0,0,0,
2026-05-29,09:16:34.700,8.27,100,100,0,-0.190,5.91,25,1.206,100,0,-0.201,99,100,-0.73,-8.54,0.00,4,55.415900 12.873300,-3,2026-05-29 09:16:32,-175,-980,-218,21,-430,0,49,0,321,0,0,-1,-1,-1,-1,-1,1,0,-1,-1,-1,1,28,482,-218,-62,28,0,0,0,0,0,0,0,297,0,0,0,0,0,0,0,0,0,0,0,0,0,0,0,0,0,0,0,0,0,0,0,0,0,0,0,0,0,0,0,0,0,0,0,0,0,0,0,0,0,0,0,0,0,0,0,0,0,0,0,
2026-05-29,09:16:34.810,8.27,100,100,0,-0.343,5.91,25,1.221,100,0,-0.037,99,100,-0.29,-7.77,0.00,4,55.415900 12.873300,-3,2026-05-29 09:16:32,-238,-1012,-218,0,-429,0,50,0,321,0,0,-1,-1,-1,-1,-1,1,0,-1,-1,-1,1,36,507,-218,-85,36,0,0,0,0,0,0,0,298,0,0,0,0,0,0,0,0,0,0,0,0,0,0,0,0,0,0,0,0,0,0,0,0,0,0,0,0,0,0,0,0,0,0,0,0,0,0,0,0,0,0,0,0,0,0,0,0,0,0,0,
2026-05-29,09:16:34.930,8.27,100,100,0,-0.173,5.90,25,1.221,100,0,-0.037,99,100,-0.29,-7.77,0.00,4,55.415800 12.873300,-3,2026-05-29 09:16:32,-158,-1024,-220,16,-430,2,50,0,321,0,0,-1,-1,-1,-1,-1,1,0,-1,-1,-1,1,30,516,-220,-56,30,0,0,0,0,0,0,0,297,0,0,0,0,0,0,0,0,0,0,0,0,0,0,0,0,0,0,0,0,0,0,0,0,0,0,0,0,0,0,0,0,0,0,0,0,0,0,0,0,0,0,0,0,0,0,0,0,0,0,0,
2026-05-29,09:16:35.050,8.27,100,100,0,-0.173,5.93,25,1.033,100,0,0.083,99,100,-0.68,-7.88,0.00,5,55.415800 12.873300,-3,2026-05-29 09:16:33,-231,-1024,-190,66,-429,0,50,0,321,0,0,-1,-1,-1,-1,-1,1,0,-1,-1,-1,1,11,516,-190,-83,11,0,0,0,0,0,0,0,298,0,0,0,0,0,0,0,0,0,0,0,0,0,0,0,0,0,0,0,0,0,0,0,0,0,0,0,0,0,0,0,0,0,0,0,0,0,0,0,0,0,0,0,0,0,0,0,0,0,0,0,
2026-05-29,09:16:35.160,8.27,100,100,0,-0.089,5.92,25,1.289,100,0,-0.030,99,100,-0.26,-8.77,0.00,5,55.415800 12.873300,-3,2026-05-29 09:16:33,-377,-1024,-217,64,-430,0,50,0,321,0,0,-1,-1,-1,-1,-1,1,0,-1,-1,-1,1,12,516,-217,-140,12,0,0,0,0,0,0,0,297,0,0,0,0,0,0,0,0,0,0,0,0,0,0,0,0,0,0,0,0,0,0,0,0,0,0,0,0,0,0,0,0,0,0,0,0,0,0,0,0,0,0,0,0,0,0,0,0,0,0,0,
2026-05-29,09:16:35.280,8.27,100,100,0,-0.101,5.96,25,0.945,100,0,0.107,99,100,0.95,-9.43,0.00,5,55.415800 12.873300,-3,2026-05-29 09:16:33,-358,-1003,-230,0,-430,2,50,0,321,0,0,-1,-1,-1,-1,-1,1,0,-1,-1,-1,1,36,500,-230,-132,36,0,0,0,0,0,0,0,297,0,0,0,0,0,0,0,0,0,0,0,0,0,0,0,0,0,0,0,0,0,0,0,0,0,0,0,0,0,0,0,0,0,0,0,0,0,0,0,0,0,0,0,0,0,0,0,0,0,0,0,
2026-05-29,09:16:35.400,8.27,100,100,0,-0.101,5.94,25,0.945,100,0,0.107,100,100,0.95,-9.43,0.00,5,55.415800 12.873300,-3,2026-05-29 09:16:33,-325,-1023,-230,31,-429,0,50,0,322,0,0,-1,-1,-1,-1,-1,1,0,-1,-1,-1,1,25,516,-230,-119,25,0,0,0,0,0,0,0,298,0,0,0,0,0,0,0,0,0,0,0,0,0,0,0,0,0,0,0,0,0,0,0,0,0,0,0,0,0,0,0,0,0,0,0,0,0,0,0,0,0,0,0,0,0,0,0,0,0,0,0,
2026-05-29,09:16:35.520,8.27,100,100,0,-0.248,5.96,25,0.429,100,0,0.035,100,100,0.32,-9.98,0.00,5,55.415800 12.873300,-3,2026-05-29 09:16:33,-271,-1024,-159,0,-429,0,49,0,322,0,0,-1,-1,-1,-1,-1,1,0,-1,-1,-1,1,36,516,-159,-98,36,0,0,0,0,0,0,0,298,0,0,0,0,0,0,0,0,0,0,0,0,0,0,0,0,0,0,0,0,0,0,0,0,0,0,0,0,0,0,0,0,0,0,0,0,0,0,0,0,0,0,0,0,0,0,0,0,0,0,0,
2026-05-29,09:16:35.640,8.27,100,100,0,-0.311,5.94,25,0.921,100,0,-0.049,100,100,0.27,-10.67,0.00,5,55.415800 12.873300,-3,2026-05-29 09:16:33,-297,-1015,-414,54,-430,0,50,0,322,0,0,-1,-1,-1,-1,-1,1,0,-1,-1,-1,1,16,509,-414,-108,16,0,0,0,0,0,0,0,297,0,0,0,0,0,0,0,0,0,0,0,0,0,0,0,0,0,0,0,0,0,0,0,0,0,0,0,0,0,0,0,0,0,0,0,0,0,0,0,0,0,0,0,0,0,0,0,0,0,0,0,
2026-05-29,09:16:35.750,8.27,100,100,0,-0.311,5.93,25,0.921,100,0,-0.049,100,100,0.27,-10.67,0.00,5,55.415800 12.873300,-3,2026-05-29 09:16:33,-194,-998,-376,28,-430,1,50,0,322,0,0,-1,-1,-1,-1,-1,1,0,-1,-1,-1,1,26,496,-376,-69,26,0,0,0,0,0,0,0,297,0,0,0,0,0,0,0,0,0,0,0,0,0,0,0,0,0,0,0,0,0,0,0,0,0,0,0,0,0,0,0,0,0,0,0,0,0,0,0,0,0,0,0,0,0,0,0,0,0,0,0,
2026-05-29,09:16:35.870,8.27,100,100,0,-0.200,5.92,25,1.172,100,0,0.116,100,100,1.87,-11.13,0.00,5,55.415800 12.873300,-3,2026-05-29 09:16:33,-257,-1019,-218,45,-430,0,50,0,322,0,0,-1,-1,-1,-1,-1,1,0,-1,-1,-1,1,19,513,-218,-93,19,0,0,0,0,0,0,0,297,0,0,0,0,0,0,0,0,0,0,0,0,0,0,0,0,0,0,0,0,0,0,0,0,0,0,0,0,0,0,0,0,0,0,0,0,0,0,0,0,0,0,0,0,0,0,0,0,0,0,0,
2026-05-29,09:16:35.980,8.27,100,100,0,-0.176,5.91,25,1.225,100,0,0.034,100,100,1.34,-9.50,0.00,6,55.415800 12.873300,-3,2026-05-29 09:16:34,-306,-1023,-390,98,-430,0,50,0,321,0,0,-1,-1,-1,-1,-1,1,0,-1,-1,-1,1,0,516,-390,-112,0,0,0,0,0,0,0,0,297,0,0,0,0,0,0,0,0,0,0,0,0,0,0,0,0,0,0,0,0,0,0,0,0,0,0,0,0,0,0,0,0,0,0,0,0,0,0,0,0,0,0,0,0,0,0,0,0,0,0,0,
2026-05-29,09:16:36.100,8.27,100,100,0,-0.176,5.91,25,1.225,100,0,0.034,100,100,1.34,-9.50,0.00,6,55.415800 12.873300,-3,2026-05-29 09:16:34,-214,-974,-287,63,-429,0,50,0,322,0,0,-1,-1,-1,-1,-1,1,0,-1,-1,-1,1,12,477,-287,-76,12,0,0,0,0,0,0,0,298,0,0,0,0,0,0,0,0,0,0,0,0,0,0,0,0,0,0,0,0,0,0,0,0,0,0,0,0,0,0,0,0,0,0,0,0,0,0,0,0,0,0,0,0,0,0,0,0,0,0,0,
2026-05-29,09:16:36.220,8.27,100,100,0,-0.085,5.91,25,1.283,100,0,-0.099,100,100,-0.28,-9.39,0.00,6,55.415800 12.873300,-3,2026-05-29 09:16:34,-346,-1016,-293,52,-430,0,50,0,322,0,0,-1,-1,-1,-1,-1,1,0,-1,-1,-1,1,16,509,-294,-136,16,0,0,0,0,0,0,0,297,0,0,0,0,0,0,0,0,0,0,0,0,0,0,0,0,0,0,0,0,0,0,0,0,0,0,0,0,0,0,0,0,0,0,0,0,0,0,0,0,0,0,0,0,0,0,0,0,0,0,0,
2026-05-29,09:16:36.330,8.27,100,100,0,-0.057,5.91,25,1.547,100,0,0.030,100,100,1.22,-9.99,0.00,6,55.415800 12.873300,-3,2026-05-29 09:16:34,-361,-981,-303,0,-430,1,49,0,322,0,0,-1,-1,-1,-1,-1,1,0,-1,-1,-1,1,36,483,-303,-133,36,0,0,0,0,0,0,0,297,0,0,0,0,0,0,0,0,0,0,0,0,0,0,0,0,0,0,0,0,0,0,0,0,0,0,0,0,0,0,0,0,0,0,0,0,0,0,0,0,0,0,0,0,0,0,0,0,0,0,0,
2026-05-29,09:16:36.440,8.27,100,100,0,-0.057,5.93,25,1.547,100,0,0.030,100,100,1.22,-9.99,0.00,7,55.415800 12.873300,-3,2026-05-29 09:16:34,-380,-1021,-329,0,-430,2,49,0,322,0,0,-1,-1,-1,-1,-1,1,0,-1,-1,-1,1,36,514,-329,-141,36,0,0,0,0,0,0,0,297,0,0,0,0,0,0,0,0,0,0,0,0,0,0,0,0,0,0,0,0,0,0,0,0,0,0,0,0,0,0,0,0,0,0,0,0,0,0,0,0,0,0,0,0,0,0,0,0,0,0,0,
2026-05-29,09:16:36.560,8.27,100,100,0,-0.094,5.94,25,0.951,100,0,0.025,100,100,0.90,-10.74,0.00,7,55.415800 12.873300,-3,2026-05-29 09:16:34,-431,-1005,-325,33,-429,1,50,0,321,0,0,-1,-1,-1,-1,-1,1,0,-1,-1,-1,1,24,501,-324,-163,24,0,0,0,0,0,0,0,298,0,0,0,0,0,0,0,0,0,0,0,0,0,0,0,0,0,0,0,0,0,0,0,0,0,0,0,0,0,0,0,0,0,0,0,0,0,0,0,0,0,0,0,0,0,0,0,0,0,0,0,
2026-05-29,09:16:36.670,8.27,100,100,0,-0.134,5.96,25,1.085,100,0,-0.055,100,100,-0.27,-10.58,0.00,7,55.415800 12.873300,-3,2026-05-29 09:16:34,-458,-1022,-327,39,-430,0,49,0,322,0,0,-1,-1,-1,-1,-1,1,0,-1,-1,-1,1,22,515,-327,-174,22,0,0,0,0,0,0,0,297,0,0,0,0,0,0,0,0,0,0,0,0,0,0,0,0,0,0,0,0,0,0,0,0,0,0,0,0,0,0,0,0,0,0,0,0,0,0,0,0,0,0,0,0,0,0,0,0,0,0,0,
2026-05-29,09:16:36.790,8.27,100,100,0,-0.166,5.97,25,1.085,100,0,-0.055,100,100,-0.27,-10.58,0.00,7,55.415800 12.873300,-3,2026-05-29 09:16:34,-348,-921,-330,84,-430,0,50,0,322,0,0,-1,-1,-1,-1,-1,1,0,-1,-1,-1,1,5,439,-329,-127,5,0,0,0,0,0,0,0,298,0,0,0,0,0,0,0,0,0,0,0,0,0,0,0,0,0,0,0,0,0,0,0,0,0,0,0,0,0,0,0,0,0,0,0,0,0,0,0,0,0,0,0,0,0,0,0,0,0,0,0,
2026-05-29,09:16:36.900,8.27,100,100,0,-0.166,5.95,25,0.754,100,0,0.101,100,100,0.86,-10.29,0.00,7,55.415800 12.873300,-3,2026-05-29 09:16:34,-292,-1000,-297,53,-430,1,51,0,322,0,0,-1,-1,-1,-1,-1,1,0,-1,-1,-1,1,16,497,-297,-106,16,0,0,0,0,0,0,0,297,0,0,0,0,0,0,0,0,0,0,0,0,0,0,0,0,0,0,0,0,0,0,0,0,0,0,0,0,0,0,0,0,0,0,0,0,0,0,0,0,0,0,0,0,0,0,0,0,0,0,0,
2026-05-29,09:16:37.020,8.27,100,100,0,-0.170,5.94,25,0.507,100,0,-0.001,100,100,-0.25,-9.75,0.00,6,55.415800 12.873300,-3,2026-05-29 09:16:35,-265,-1024,-325,96,-430,0,49,0,322,0,0,-1,-1,-1,-1,-1,1,0,-1,-1,-1,1,1,516,-325,-96,1,0,0,0,0,0,0,0,297,0,0,0,0,0,0,0,0,0,0,0,0,0,0,0,0,0,0,0,0,0,0,0,0,0,0,0,0,0,0,0,0,0,0,0,0,0,0,0,0,0,0,0,0,0,0,0,0,0,0,0,
2026-05-29,09:16:37.130,8.27,100,100,0,-0.149,5.93,25,0.507,100,0,-0.001,100,100,-0.25,-9.75,0.00,6,55.415800 12.873300,-3,2026-05-29 09:16:35,0,-1023,-287,29,-430,0,49,0,321,0,0,-1,-1,-1,-1,-1,1,0,-1,-1,-1,1,25,516,-287,0,25,0,0,0,0,0,0,0,297,0,0,0,0,0,0,0,0,0,0,0,0,0,0,0,0,0,0,0,0,0,0,0,0,0,0,0,0,0,0,0,0,0,0,0,0,0,0,0,0,0,0,0,0,0,0,0,0,0,0,0,
2026-05-29,09:16:37.250,8.27,100,100,0,-0.149,5.91,25,0.964,100,0,0.117,100,100,0.61,-9.76,0.00,6,55.415800 12.873300,-3,2026-05-29 09:16:35,9,-1024,-240,33,-430,2,50,0,322,0,0,-1,-1,-1,-1,-1,1,0,-1,-1,-1,1,24,516,-240,3,24,0,0,0,0,0,0,0,297,0,0,0,0,0,0,0,0,0,0,0,0,0,0,0,0,0,0,0,0,0,0,0,0,0,0,0,0,0,0,0,0,0,0,0,0,0,0,0,0,0,0,0,0,0,0,0,0,0,0,0,
2026-05-29,09:16:37.370,8.27,100,100,0,-0.205,5.91,25,1.203,100,0,0.043,100,100,0.74,-9.07,0.00,6,55.415800 12.873300,-3,2026-05-29 09:16:35,290,-1024,-311,0,-430,0,49,0,322,0,0,-1,-1,-1,-1,-1,1,0,-1,-1,-1,1,36,516,-312,89,36,0,0,0,0,0,0,0,297,0,0,0,0,0,0,0,0,0,0,0,0,0,0,0,0,0,0,0,0,0,0,0,0,0,0,0,0,0,0,0,0,0,0,0,0,0,0,0,0,0,0,0,0,0,0,0,0,0,0,0,
2026-05-29,09:16:37.490,8.27,100,100,0,-0.179,5.91,25,0.670,100,0,0.015,100,100,-0.51,-8.81,0.00,6,55.415800 12.873300,-3,2026-05-29 09:16:35,331,-1024,-324,0,-429,0,49,0,322,0,0,-1,-1,-1,-1,-1,1,0,-1,-1,-1,1,36,516,-324,103,36,0,0,0,0,0,0,0,298,0,0,0,0,0,0,0,0,0,0,0,0,0,0,0,0,0,0,0,0,0,0,0,0,0,0,0,0,0,0,0,0,0,0,0,0,0,0,0,0,0,0,0,0,0,0,0,0,0,0,0,
2026-05-29,09:16:37.610,8.28,100,100,0,-0.179,5.93,25,0.670,100,0,0.015,100,100,-0.51,-8.81,0.00,6,55.415800 12.873300,-3,2026-05-29 09:16:35,322,-1024,-498,0,-430,0,50,0,321,0,0,-1,-1,-1,-1,-1,1,0,-1,-1,-1,1,36,516,-498,100,36,0,0,0,0,0,0,0,297,0,0,0,0,0,0,0,0,0,0,0,0,0,0,0,0,0,0,0,0,0,0,0,0,0,0,0,0,0,0,0,0,0,0,0,0,0,0,0,0,0,0,0,0,0,0,0,0,0,0,0,
2026-05-29,09:16:37.720,8.27,100,100,0,-0.116,5.92,25,1.298,100,0,0.117,100,100,0.29,-9.02,0.00,6,55.415800 12.873300,-3,2026-05-29 09:16:35,35,-1024,-214,0,-430,0,50,0,322,0,0,-1,-1,-1,-1,-1,1,0,-1,-1,-1,1,36,516,-214,11,36,0,0,0,0,0,0,0,297,0,0,0,0,0,0,0,0,0,0,0,0,0,0,0,0,0,0,0,0,0,0,0,0,0,0,0,0,0,0,0,0,0,0,0,0,0,0,0,0,0,0,0,0,0,0,0,0,0,0,0,
2026-05-29,09:16:37.840,8.27,100,100,0,-0.236,5.91,25,0.891,100,0,-0.006,100,100,-0.45,-8.73,0.00,6,55.415800 12.873300,-3,2026-05-29 09:16:35,71,-1023,-292,19,-430,1,50,0,322,0,0,-1,-1,-1,-1,-1,1,0,-1,-1,-1,1,29,516,-292,22,29,0,0,0,0,0,0,0,297,0,0,0,0,0,0,0,0,0,0,0,0,0,0,0,0,0,0,0,0,0,0,0,0,0,0,0,0,0,0,0,0,0,0,0,0,0,0,0,0,0,0,0,0,0,0,0,0,0,0,0,
2026-05-29,09:16:37.960,8.27,100,100,0,-0.236,5.91,25,0.891,100,0,-0.006,100,100,-0.45,-8.73,0.00,6,55.415800 12.873300,-3,2026-05-29 09:16:36,175,-1023,-294,0,-429,1,49,0,322,0,0,-1,-1,-1,-1,-1,1,0,-1,-1,-1,1,36,516,-294,53,36,0,0,0,0,0,0,0,298,0,0,0,0,0,0,0,0,0,0,0,0,0,0,0,0,0,0,0,0,0,0,0,0,0,0,0,0,0,0,0,0,0,0,0,0,0,0,0,0,0,0,0,0,0,0,0,0,0,0,0,
2026-05-29,09:16:38.070,8.27,100,100,0,-0.073,5.91,25,1.536,100,0,-0.211,100,100,-0.40,-9.21,0.00,6,55.415800 12.873300,-3,2026-05-29 09:16:36,134,-1024,-444,0,-429,0,49,0,322,0,0,-1,-1,-1,-1,-1,1,0,-1,-1,-1,1,36,516,-444,40,36,0,0,0,0,0,0,0,297,0,0,0,0,0,0,0,0,0,0,0,0,0,0,0,0,0,0,0,0,0,0,0,0,0,0,0,0,0,0,0,0,0,0,0,0,0,0,0,0,0,0,0,0,0,0,0,0,0,0,0,
2026-05-29,09:16:38.190,8.27,100,100,0,-0.140,5.91,25,0.771,99,0,0.080,100,100,1.28,-9.90,0.00,6,55.415800 12.873300,-3,2026-05-29 09:16:36,132,-1023,-391,0,-430,0,50,0,322,0,0,-1,-1,-1,-1,-1,1,0,-1,-1,-1,1,36,515,-390,40,36,0,0,0,0,0,0,0,297,0,0,0,0,0,0,0,0,0,0,0,0,0,0,0,0,0,0,0,0,0,0,0,0,0,0,0,0,0,0,0,0,0,0,0,0,0,0,0,0,0,0,0,0,0,0,0,0,0,0,0,
2026-05-29,09:16:38.300,8.27,100,100,0,-0.140,5.88,25,0.771,98,0,0.080,100,100,1.28,-9.90,0.00,6,55.415800 12.873300,-3,2026-05-29 09:16:36,60,-1021,-336,0,-429,0,51,0,322,0,0,-1,-1,-1,-1,-1,1,0,-1,-1,-1,1,36,514,-336,18,36,0,0,0,0,0,0,0,298,0,0,0,0,0,0,0,0,0,0,0,0,0,0,0,0,0,0,0,0,0,0,0,0,0,0,0,0,0,0,0,0,0,0,0,0,0,0,0,0,0,0,0,0,0,0,0,0,0,0,0,
2026-05-29,09:16:38.430,8.27,100,100,0,-0.129,5.90,25,0.420,98,0,0.002,100,100,2.18,-9.64,0.00,6,55.415800 12.873300,-3,2026-05-29 09:16:36,0,-1007,-335,0,-430,0,50,0,322,0,0,-1,-1,-1,-1,-1,1,0,-1,-1,-1,1,36,503,-335,0,36,0,0,0,0,0,0,0,297,0,0,0,0,0,0,0,0,0,0,0,0,0,0,0,0,0,0,0,0,0,0,0,0,0,0,0,0,0,0,0,0,0,0,0,0,0,0,0,0,0,0,0,0,0,0,0,0,0,0,0,
2026-05-29,09:16:38.550,8.27,100,100,0,-0.175,5.90,25,1.083,96,0,0.101,100,100,3.81,-9.24,0.00,6,55.415800 12.873300,-3,2026-05-29 09:16:36,0,-1023,-335,0,-430,0,50,0,322,0,0,-1,-1,-1,-1,-1,1,0,-1,-1,-1,1,36,516,-335,0,36,0,0,0,0,0,0,0,297,0,0,0,0,0,0,0,0,0,0,0,0,0,0,0,0,0,0,0,0,0,0,0,0,0,0,0,0,0,0,0,0,0,0,0,0,0,0,0,0,0,0,0,0,0,0,0,0,0,0,0,
2026-05-29,09:16:38.660,8.27,100,100,0,-0.118,5.90,25,0.827,95,0,-0.043,100,100,3.81,-9.24,0.00,6,55.415800 12.873300,-3,2026-05-29 09:16:36,0,-1024,-335,52,-429,0,49,0,321,0,0,-1,-1,-1,-1,-1,1,0,-1,-1,-1,1,16,516,-335,0,16,0,0,0,0,0,0,0,298,0,0,0,0,0,0,0,0,0,0,0,0,0,0,0,0,0,0,0,0,0,0,0,0,0,0,0,0,0,0,0,0,0,0,0,0,0,0,0,0,0,0,0,0,0,0,0,0,0,0,0,
2026-05-29,09:16:38.780,8.27,100,100,0,-0.118,5.90,25,0.827,94,0,-0.043,100,100,2.67,-8.69,0.00,6,55.415800 12.873300,-3,2026-05-29 09:16:36,0,-1024,-321,0,-430,1,50,0,322,0,0,-1,-1,-1,-1,-1,1,0,-1,-1,-1,1,36,516,-320,0,36,0,0,0,0,0,0,0,297,0,0,0,0,0,0,0,0,0,0,0,0,0,0,0,0,0,0,0,0,0,0,0,0,0,0,0,0,0,0,0,0,0,0,0,0,0,0,0,0,0,0,0,0,0,0,0,0,0,0,0,
2026-05-29,09:16:38.890,8.27,100,100,0,-0.078,5.90,25,1.398,95,0,-0.134,100,100,1.52,-8.34,0.00,6,55.415800 12.873300,-3,2026-05-29 09:16:36,25,-1024,-322,0,-429,0,49,0,322,0,0,-1,-1,-1,-1,-1,1,0,-1,-1,-1,1,36,516,-322,8,36,0,0,0,0,0,0,0,298,0,0,0,0,0,0,0,0,0,0,0,0,0,0,0,0,0,0,0,0,0,0,0,0,0,0,0,0,0,0,0,0,0,0,0,0,0,0,0,0,0,0,0,0,0,0,0,0,0,0,0,
2026-05-29,09:16:39.010,8.27,100,100,0,-0.123,5.90,25,1.578,95,0,-0.092,100,100,-0.08,-9.03,0.00,6,55.415800 12.873300,-2,2026-05-29 09:16:37,344,-1024,-320,0,-430,0,50,0,321,0,0,-1,-1,-1,-1,-1,1,0,-1,-1,-1,1,36,516,-320,107,36,0,0,0,0,0,0,0,297,0,0,0,0,0,0,0,0,0,0,0,0,0,0,0,0,0,0,0,0,0,0,0,0,0,0,0,0,0,0,0,0,0,0,0,0,0,0,0,0,0,0,0,0,0,0,0,0,0,0,0,
2026-05-29,09:16:39.120,8.27,100,100,0,-0.123,5.90,25,1.578,94,0,-0.092,100,100,-0.08,-9.03,0.00,6,55.415800 12.873300,-2,2026-05-29 09:16:37,321,-1024,-284,0,-430,1,49,0,322,0,0,-1,-1,-1,-1,-1,1,0,-1,-1,-1,1,36,516,-283,99,36,0,0,0,0,0,0,0,297,0,0,0,0,0,0,0,0,0,0,0,0,0,0,0,0,0,0,0,0,0,0,0,0,0,0,0,0,0,0,0,0,0,0,0,0,0,0,0,0,0,0,0,0,0,0,0,0,0,0,0,
2026-05-29,09:16:39.240,8.27,100,100,0,-0.187,5.90,25,0.648,93,0,0.036,100,100,-1.38,-8.83,0.00,6,55.415800 12.873300,-2,2026-05-29 09:16:37,36,-1024,-280,0,-430,0,50,0,322,0,0,-1,-1,-1,-1,-1,1,0,-1,-1,-1,1,36,516,-280,11,36,0,0,0,0,0,0,0,297,0,0,0,0,0,0,0,0,0,0,0,0,0,0,0,0,0,0,0,0,0,0,0,0,0,0,0,0,0,0,0,0,0,0,0,0,0,0,0,0,0,0,0,0,0,0,0,0,0,0,0,
2026-05-29,09:16:39.360,8.27,100,100,0,-0.202,5.90,25,0.869,93,0,0.026,100,100,-2.08,-8.90,0.00,6,55.415800 12.873300,-2,2026-05-29 09:16:37,0,-1022,-280,34,-430,0,50,0,322,0,0,-1,-1,-1,-1,-1,1,0,-1,-1,-1,1,24,515,-280,0,24,0,0,0,0,0,0,0,297,0,0,0,0,0,0,0,0,0,0,0,0,0,0,0,0,0,0,0,0,0,0,0,0,0,0,0,0,0,0,0,0,0,0,0,0,0,0,0,0,0,0,0,0,0,0,0,0,0,0,0,
2026-05-29,09:16:39.480,8.27,100,100,0,-0.202,5.90,25,0.869,94,0,0.026,100,100,-2.08,-8.90,0.00,6,55.415800 12.873300,-2,2026-05-29 09:16:37,0,-1023,-280,23,-429,0,50,0,322,0,0,-1,-1,-1,-1,-1,1,0,-1,-1,-1,1,27,516,-280,0,27,0,0,0,0,0,0,0,297,0,0,0,0,0,0,0,0,0,0,0,0,0,0,0,0,0,0,0,0,0,0,0,0,0,0,0,0,0,0,0,0,0,0,0,0,0,0,0,0,0,0,0,0,0,0,0,0,0,0,0,
2026-05-29,09:16:39.600,8.27,100,100,0,-0.154,5.90,25,1.311,94,0,-0.078,100,100,-1.62,-8.78,0.00,6,55.415800 12.873300,-2,2026-05-29 09:16:37,77,-1024,-279,0,-430,0,50,0,322,0,0,-1,-1,-1,-1,-1,1,0,-1,-1,-1,1,36,516,-279,23,36,0,0,0,0,0,0,0,297,0,0,0,0,0,0,0,0,0,0,0,0,0,0,0,0,0,0,0,0,0,0,0,0,0,0,0,0,0,0,0,0,0,0,0,0,0,0,0,0,0,0,0,0,0,0,0,0,0,0,0,
2026-05-29,09:16:39.710,8.27,100,100,0,-0.115,5.90,25,1.018,95,0,-0.071,100,100,-2.40,-7.99,0.00,6,55.415800 12.873300,-2,2026-05-29 09:16:37,206,-1024,-419,0,-429,0,49,0,322,0,0,-1,-1,-1,-1,-1,1,0,-1,-1,-1,1,36,516,-419,63,36,0,0,0,0,0,0,0,298,0,0,0,0,0,0,0,0,0,0,0,0,0,0,0,0,0,0,0,0,0,0,0,0,0,0,0,0,0,0,0,0,0,0,0,0,0,0,0,0,0,0,0,0,0,0,0,0,0,0,0,
2026-05-29,09:16:39.830,8.27,100,100,0,-0.115,5.93,25,1.018,97,0,-0.071,100,100,-2.40,-7.99,0.00,6,55.415800 12.873300,-2,2026-05-29 09:16:37,97,-1019,-300,0,-430,0,50,0,322,0,0,-1,-1,-1,-1,-1,1,0,-1,-1,-1,1,36,512,-300,29,36,0,0,0,0,0,0,0,297,0,0,0,0,0,0,0,0,0,0,0,0,0,0,0,0,0,0,0,0,0,0,0,0,0,0,0,0,0,0,0,0,0,0,0,0,0,0,0,0,0,0,0,0,0,0,0,0,0,0,0,
2026-05-29,09:16:39.950,8.27,100,100,0,-0.101,5.92,25,1.104,95,0,0.061,100,100,0.96,-8.09,0.00,6,55.415800 12.873400,-2,2026-05-29 09:16:37,3,-1017,-324,0,-430,0,49,0,322,0,0,-1,-1,-1,-1,-1,1,0,-1,-1,-1,1,36,510,-324,2,36,0,0,0,0,0,0,0,297,0,0,0,0,0,0,0,0,0,0,0,0,0,0,0,0,0,0,0,0,0,0,0,0,0,0,0,0,0,0,0,0,0,0,0,0,0,0,0,0,0,0,0,0,0,0,0,0,0,0,0,
2026-05-29,09:16:40.060,8.27,100,100,0,-0.162,5.92,25,1.380,96,0,-0.173,100,100,1.63,-9.60,0.00,6,55.415800 12.873400,-2,2026-05-29 09:16:38,0,-1001,-325,0,-429,1,50,0,322,0,0,-1,-1,-1,-1,-1,1,0,-1,-1,-1,1,36,498,-325,0,36,0,0,0,0,0,0,0,298,0,0,0,0,0,0,0,0,0,0,0,0,0,0,0,0,0,0,0,0,0,0,0,0,0,0,0,0,0,0,0,0,0,0,0,0,0,0,0,0,0,0,0,0,0,0,0,0,0,0,0,
2026-05-29,09:16:40.180,8.27,100,100,0,-0.161,5.94,25,0.601,97,0,0.130,100,100,1.63,-9.60,0.00,6,55.415800 12.873400,-2,2026-05-29 09:16:38,0,-1022,-323,0,-429,1,51,0,322,0,0,-1,-1,-1,-1,-1,1,0,-1,-1,-1,1,36,515,-323,0,36,0,0,0,0,0,0,0,298,0,0,0,0,0,0,0,0,0,0,0,0,0,0,0,0,0,0,0,0,0,0,0,0,0,0,0,0,0,0,0,0,0,0,0,0,0,0,0,0,0,0,0,0,0,0,0,0,0,0,0,
2026-05-29,09:16:40.290,8.27,100,100,0,-0.161,5.93,25,0.601,96,0,0.130,100,100,4.97,-10.08,0.00,6,55.415800 12.873400,-2,2026-05-29 09:16:38,0,-1024,-322,34,-429,0,50,0,322,0,0,-1,-1,-1,-1,-1,1,0,-1,-1,-1,1,24,516,-322,0,24,0,0,0,0,0,0,0,298,0,0,0,0,0,0,0,0,0,0,0,0,0,0,0,0,0,0,0,0,0,0,0,0,0,0,0,0,0,0,0,0,0,0,0,0,0,0,0,0,0,0,0,0,0,0,0,0,0,0,0,
2026-05-29,09:16:40.410,8.27,100,100,0,-0.105,5.91,25,0.561,95,0,0.031,100,100,5.58,-10.66,0.00,7,55.415800 12.873400,-2,2026-05-29 09:16:38,0,-1020,-322,5,-430,0,49,0,321,0,0,-1,-1,-1,-1,-1,1,0,-1,-1,-1,1,34,513,-322,0,34,0,0,0,0,0,0,0,297,0,0,0,0,0,0,0,0,0,0,0,0,0,0,0,0,0,0,0,0,0,0,0,0,0,0,0,0,0,0,0,0,0,0,0,0,0,0,0,0,0,0,0,0,0,0,0,0,0,0,0,
2026-05-29,09:16:40.550,8.27,100,100,0,-0.183,5.94,25,0.234,94,0,0.082,100,100,0.12,-9.99,0.00,7,55.415800 12.873400,-2,2026-05-29 09:16:38,-46,-1024,-322,0,-429,0,49,0,322,0,0,-1,-1,-1,-1,-1,1,0,-1,-1,-1,1,36,516,-322,-17,36,0,0,0,0,0,0,0,298,0,0,0,0,0,0,0,0,0,0,0,0,0,0,0,0,0,0,0,0,0,0,0,0,0,0,0,0,0,0,0,0,0,0,0,0,0,0,0,0,0,0,0,0,0,0,0,0,0,0,0,
2026-05-29,09:16:40.670,8.27,100,100,0,-0.183,5.93,25,0.234,95,0,0.082,100,100,0.12,-9.99,0.00,7,55.415800 12.873400,-2,2026-05-29 09:16:38,-84,-1024,-323,0,-430,0,50,0,321,0,0,-1,-1,-1,-1,-1,1,0,-1,-1,-1,1,36,516,-323,-30,36,0,0,0,0,0,0,0,297,0,0,0,0,0,0,0,0,0,0,0,0,0,0,0,0,0,0,0,0,0,0,0,0,0,0,0,0,0,0,0,0,0,0,0,0,0,0,0,0,0,0,0,0,0,0,0,0,0,0,0,
2026-05-29,09:16:40.780,8.27,100,100,0,-0.164,5.92,25,0.230,95,0,0.044,100,100,2.05,-10.42,0.00,7,55.415800 12.873400,-2,2026-05-29 09:16:38,0,-1024,-320,0,-430,0,50,0,322,0,0,-1,-1,-1,-1,-1,1,0,-1,-1,-1,1,36,516,-320,0,36,0,0,0,0,0,0,0,297,0,0,0,0,0,0,0,0,0,0,0,0,0,0,0,0,0,0,0,0,0,0,0,0,0,0,0,0,0,0,0,0,0,0,0,0,0,0,0,0,0,0,0,0,0,0,0,0,0,0,0,
2026-05-29,09:16:40.900,8.27,100,100,0,-0.094,5.88,25,0.956,95,0,0.062,100,100,0.74,-10.36,0.00,7,55.415800 12.873400,-2,2026-05-29 09:16:38,0,-1024,-320,0,-429,2,49,0,322,0,0,-1,-1,-1,-1,-1,1,0,-1,-1,-1,1,36,516,-320,0,36,0,0,0,0,0,0,0,298,0,0,0,0,0,0,0,0,0,0,0,0,0,0,0,0,0,0,0,0,0,0,0,0,0,0,0,0,0,0,0,0,0,0,0,0,0,0,0,0,0,0,0,0,0,0,0,0,0,0,0,
2026-05-29,09:16:41.040,8.27,100,100,0,-0.203,5.89,25,0.956,94,0,-0.229,100,100,-2.56,-9.66,0.00,6,55.415800 12.873400,-2,2026-05-29 09:16:39,0,-1024,-322,20,-430,0,50,0,322,0,0,-1,-1,-1,-1,-1,1,0,-1,-1,-1,1,29,516,-322,0,29,0,0,0,0,0,0,0,297,0,0,0,0,0,0,0,0,0,0,0,0,0,0,0,0,0,0,0,0,0,0,0,0,0,0,0,0,0,0,0,0,0,0,0,0,0,0,0,0,0,0,0,0,0,0,0,0,0,0,0,
2026-05-29,09:16:41.160,8.27,100,100,0,-0.203,5.89,25,1.305,94,0,-0.229,100,100,-2.56,-9.66,0.00,6,55.415800 12.873400,-2,2026-05-29 09:16:39,0,-1024,-321,62,-430,0,50,0,322,0,0,-1,-1,-1,-1,-1,1,0,-1,-1,-1,1,13,516,-321,0,13,0,0,0,0,0,0,0,297,0,0,0,0,0,0,0,0,0,0,0,0,0,0,0,0,0,0,0,0,0,0,0,0,0,0,0,0,0,0,0,0,0,0,0,0,0,0,0,0,0,0,0,0,0,0,0,0,0,0,0,
2026-05-29,09:16:41.270,8.27,100,100,0,0.159,5.89,25,1.988,94,0,0.332,100,100,1.49,-7.79,0.00,6,55.415800 12.873400,-2,2026-05-29 09:16:39,0,-1024,-320,17,-429,0,50,0,322,0,0,-1,-1,-1,-1,-1,1,0,-1,-1,-1,1,30,516,-320,0,30,0,0,0,0,0,0,0,298,0,0,0,0,0,0,0,0,0,0,0,0,0,0,0,0,0,0,0,0,0,0,0,0,0,0,0,0,0,0,0,0,0,0,0,0,0,0,0,0,0,0,0,0,0,0,0,0,0,0,0,
2026-05-29,09:16:41.390,8.27,100,100,0,-0.123,5.90,25,0.859,92,0,0.063,99,100,0.59,-8.15,0.00,6,55.415800 12.873400,-2,2026-05-29 09:16:39,0,-1023,-381,68,-430,0,49,0,322,0,0,-1,-1,-1,-1,-1,1,0,-1,-1,-1,1,11,516,-381,0,11,0,0,0,0,0,0,0,297,0,0,0,0,0,0,0,0,0,0,0,0,0,0,0,0,0,0,0,0,0,0,0,0,0,0,0,0,0,0,0,0,0,0,0,0,0,0,0,0,0,0,0,0,0,0,0,0,0,0,0,
2026-05-29,09:16:41.500,8.27,100,100,0,-0.123,5.90,25,0.859,92,0,0.063,99,100,0.59,-8.15,0.00,6,55.415800 12.873400,-2,2026-05-29 09:16:39,-175,-1023,-383,79,-429,1,49,0,322,0,0,-1,-1,-1,-1,-1,1,0,-1,-1,-1,1,7,516,-383,-62,7,0,0,0,0,0,0,0,298,0,0,0,0,0,0,0,0,0,0,0,0,0,0,0,0,0,0,0,0,0,0,0,0,0,0,0,0,0,0,0,0,0,0,0,0,0,0,0,0,0,0,0,0,0,0,0,0,0,0,0,
2026-05-29,09:16:41.620,8.27,100,100,0,-0.123,5.90,25,0.441,91,0,0.061,99,100,0.28,-8.61,0.00,6,55.415800 12.873400,-2,2026-05-29 09:16:39,-350,-1024,-383,81,-430,0,49,0,322,0,0,-1,-1,-1,-1,-1,1,0,-1,-1,-1,1,6,516,-383,-129,6,0,0,0,0,0,0,0,297,0,0,0,0,0,0,0,0,0,0,0,0,0,0,0,0,0,0,0,0,0,0,0,0,0,0,0,0,0,0,0,0,0,0,0,0,0,0,0,0,0,0,0,0,0,0,0,0,0,0,0,
2026-05-29,09:16:41.730,8.27,100,100,0,-0.059,5.90,25,0.806,91,0,0.005,99,100,0.27,-9.00,0.00,6,55.415800 12.873400,-2,2026-05-29 09:16:39,-373,-1023,-383,77,-429,0,49,0,322,0,0,-1,-1,-1,-1,-1,1,0,-1,-1,-1,1,8,516,-383,-138,8,0,0,0,0,0,0,0,298,0,0,0,0,0,0,0,0,0,0,0,0,0,0,0,0,0,0,0,0,0,0,0,0,0,0,0,0,0,0,0,0,0,0,0,0,0,0,0,0,0,0,0,0,0,0,0,0,0,0,0,
2026-05-29,09:16:41.850,8.27,100,100,0,-0.059,5.90,25,0.806,92,0,0.005,99,100,0.27,-9.00,0.00,6,55.415800 12.873400,-2,2026-05-29 09:16:39,-391,-1024,-383,75,-430,0,50,0,322,0,0,-1,-1,-1,-1,-1,1,0,-1,-1,-1,1,8,516,-383,-146,8,0,0,0,0,0,0,0,297,0,0,0,0,0,0,0,0,0,0,0,0,0,0,0,0,0,0,0,0,0,0,0,0,0,0,0,0,0,0,0,0,0,0,0,0,0,0,0,0,0,0,0,0,0,0,0,0,0,0,0,
2026-05-29,09:16:41.970,8.28,100,100,0,-0.137,5.90,25,1.108,93,0,0.009,99,100,0.83,-9.41,0.00,5,55.415800 12.873400,-2,2026-05-29 09:16:40,-483,-1023,-189,49,-429,2,49,0,322,0,0,-1,-1,-1,-1,-1,1,0,-1,-1,-1,1,17,516,-189,-186,17,0,0,0,0,0,0,0,298,0,0,0,0,0,0,0,0,0,0,0,0,0,0,0,0,0,0,0,0,0,0,0,0,0,0,0,0,0,0,0,0,0,0,0,0,0,0,0,0,0,0,0,0,0,0,0,0,0,0,0,
2026-05-29,09:16:42.080,8.27,100,100,0,-0.086,5.90,25,1.305,93,0,-0.014,99,100,0.65,-8.51,0.00,5,55.415800 12.873400,-2,2026-05-29 09:16:40,-499,-1024,-70,43,-430,1,49,0,322,0,0,-1,-1,-1,-1,-1,1,0,-1,-1,-1,1,19,516,-70,-193,19,0,0,0,0,0,0,0,297,0,0,0,0,0,0,0,0,0,0,0,0,0,0,0,0,0,0,0,0,0,0,0,0,0,0,0,0,0,0,0,0,0,0,0,0,0,0,0,0,0,0,0,0,0,0,0,0,0,0,0,
2026-05-29,09:16:42.200,8.28,100,100,0,-0.086,5.92,25,1.305,91,0,0.029,100,100,0.65,-8.51,0.00,5,55.415800 12.873400,-2,2026-05-29 09:16:40,-393,-1024,-318,143,-429,0,49,0,322,0,0,-1,-1,-1,-1,-1,1,0,-1,-1,-1,1,-17,516,-318,-147,-17,0,0,0,0,0,0,0,298,0,0,0,0,0,0,0,0,0,0,0,0,0,0,0,0,0,0,0,0,0,0,0,0,0,0,0,0,0,0,0,0,0,0,0,0,0,0,0,0,0,0,0,0,0,0,0,0,0,0,0,
2026-05-29,09:16:42.320,8.28,100,100,0,-0.412,5.92,25,0.767,92,0,0.029,100,100,0.51,-8.40,0.00,5,55.415800 12.873400,-2,2026-05-29 09:16:40,-379,-1024,-219,83,-430,0,49,0,322,0,0,-1,-1,-1,-1,-1,1,0,-1,-1,-1,1,5,516,-219,-141,5,0,0,0,0,0,0,0,297,0,0,0,0,0,0,0,0,0,0,0,0,0,0,0,0,0,0,0,0,0,0,0,0,0,0,0,0,0,0,0,0,0,0,0,0,0,0,0,0,0,0,0,0,0,0,0,0,0,0,0,
2026-05-29,09:16:42.430,8.27,100,100,0,-0.179,5.91,25,1.035,93,0,0.074,100,100,-0.88,-9.23,0.00,5,55.415800 12.873400,-2,2026-05-29 09:16:40,-397,-1024,-346,141,-430,1,50,0,322,0,0,-1,-1,-1,-1,-1,1,0,-1,-1,-1,1,-16,516,-346,-148,-16,0,0,0,0,0,0,0,297,0,0,0,0,0,0,0,0,0,0,0,0,0,0,0,0,0,0,0,0,0,0,0,0,0,0,0,0,0,0,0,0,0,0,0,0,0,0,0,0,0,0,0,0,0,0,0,0,0,0,0,
2026-05-29,09:16:42.540,8.28,100,100,0,-0.098,5.91,25,1.035,93,0,0.074,100,100,-0.88,-9.23,0.00,5,55.415800 12.873400,-2,2026-05-29 09:16:40,-133,-1023,-350,66,-429,0,49,0,321,0,0,-1,-1,-1,-1,-1,1,0,-1,-1,-1,1,11,516,-350,-47,11,0,0,0,0,0,0,0,298,0,0,0,0,0,0,0,0,0,0,0,0,0,0,0,0,0,0,0,0,0,0,0,0,0,0,0,0,0,0,0,0,0,0,0,0,0,0,0,0,0,0,0,0,0,0,0,0,0,0,0,
2026-05-29,09:16:42.660,8.27,100,100,0,-0.098,5.90,25,1.886,94,0,0.523,100,100,2.39,-9.49,0.00,5,55.415800 12.873400,-2,2026-05-29 09:16:40,-27,-1024,-352,106,-430,0,49,0,321,0,0,-1,-1,-1,-1,-1,1,0,-1,-1,-1,1,-3,516,-352,-10,-3,0,0,0,0,0,0,0,297,0,0,0,0,0,0,0,0,0,0,0,0,0,0,0,0,0,0,0,0,0,0,0,0,0,0,0,0,0,0,0,0,0,0,0,0,0,0,0,0,0,0,0,0,0,0,0,0,0,0,0,
2026-05-29,09:16:42.770,8.27,100,100,0,-0.124,5.90,25,0.757,95,0,-0.041,100,100,0.08,-9.33,0.00,5,55.415800 12.873400,-2,2026-05-29 09:16:40,-100,-1024,-353,102,-429,0,51,0,322,0,0,-1,-1,-1,-1,-1,1,0,-1,-1,-1,1,-1,516,-353,-35,-1,0,0,0,0,0,0,0,298,0,0,0,0,0,0,0,0,0,0,0,0,0,0,0,0,0,0,0,0,0,0,0,0,0,0,0,0,0,0,0,0,0,0,0,0,0,0,0,0,0,0,0,0,0,0,0,0,0,0,0,
2026-05-29,09:16:42.910,8.27,100,100,0,-0.028,5.90,25,1.412,96,0,-0.141,100,100,-1.81,-9.74,0.00,5,55.415800 12.873400,-2,2026-05-29 09:16:40,0,-1024,-353,73,-430,2,48,0,322,0,0,-1,-1,-1,-1,-1,1,0,-1,-1,-1,1,9,516,-353,0,9,0,0,0,0,0,0,0,297,0,0,0,0,0,0,0,0,0,0,0,0,0,0,0,0,0,0,0,0,0,0,0,0,0,0,0,0,0,0,0,0,0,0,0,0,0,0,0,0,0,0,0,0,0,0,0,0,0,0,0,
2026-05-29,09:16:43.030,8.27,100,100,0,-0.028,5.90,25,1.412,94,0,-0.141,100,100,-1.81,-9.74,0.00,6,55.415800 12.873400,-2,2026-05-29 09:16:41,0,-1024,-353,66,-429,0,50,0,322,0,0,-1,-1,-1,-1,-1,1,0,-1,-1,-1,1,11,516,-353,0,11,0,0,0,0,0,0,0,298,0,0,0,0,0,0,0,0,0,0,0,0,0,0,0,0,0,0,0,0,0,0,0,0,0,0,0,0,0,0,0,0,0,0,0,0,0,0,0,0,0,0,0,0,0,0,0,0,0,0,0,
2026-05-29,09:16:43.140,8.27,100,100,0,-0.029,5.90,25,1.264,94,0,-0.053,100,100,-0.76,-9.14,0.00,6,55.415800 12.873400,-2,2026-05-29 09:16:41,-244,-1024,-495,85,-429,0,49,0,321,0,0,-1,-1,-1,-1,-1,1,0,-1,-1,-1,1,4,516,-496,-88,4,0,0,0,0,0,0,0,298,0,0,0,0,0,0,0,0,0,0,0,0,0,0,0,0,0,0,0,0,0,0,0,0,0,0,0,0,0,0,0,0,0,0,0,0,0,0,0,0,0,0,0,0,0,0,0,0,0,0,0,
2026-05-29,09:16:43.260,8.27,100,100,0,-0.084,5.90,25,0.830,94,0,0.069,100,100,2.34,-8.81,0.00,6,55.415800 12.873400,-2,2026-05-29 09:16:41,-257,-1024,-610,140,-429,0,49,0,321,0,0,-1,-1,-1,-1,-1,1,0,-1,-1,-1,1,-15,516,-610,-92,-15,0,0,0,0,0,0,0,298,0,0,0,0,0,0,0,0,0,0,0,0,0,0,0,0,0,0,0,0,0,0,0,0,0,0,0,0,0,0,0,0,0,0,0,0,0,0,0,0,0,0,0,0,0,0,0,0,0,0,0,
2026-05-29,09:16:43.370,8.27,100,100,0,-0.084,5.90,25,0.830,94,0,0.069,100,100,2.34,-8.81,0.00,6,55.415800 12.873400,-2,2026-05-29 09:16:41,-461,-1024,-569,138,-429,0,49,0,321,0,0,-1,-1,-1,-1,-1,1,0,-1,-1,-1,1,-15,516,-569,-176,-15,0,0,0,0,0,0,0,298,0,0,0,0,0,0,0,0,0,0,0,0,0,0,0,0,0,0,0,0,0,0,0,0,0,0,0,0,0,0,0,0,0,0,0,0,0,0,0,0,0,0,0,0,0,0,0,0,0,0,0,
2026-05-29,09:16:43.490,8.27,100,100,0,-0.041,5.90,25,0.734,93,0,0.010,100,100,1.43,-8.42,0.00,5,55.415800 12.873400,-2,2026-05-29 09:16:41,-659,-1024,-511,164,-429,0,50,0,321,0,0,-1,-1,-1,-1,-1,1,0,-1,-1,-1,1,-24,516,-511,-272,-24,0,0,0,0,0,0,0,298,0,0,0,0,0,0,0,0,0,0,0,0,0,0,0,0,0,0,0,0,0,0,0,0,0,0,0,0,0,0,0,0,0,0,0,0,0,0,0,0,0,0,0,0,0,0,0,0,0,0,0,
2026-05-29,09:16:43.610,8.27,100,100,0,-0.062,5.93,25,1.237,94,0,-0.108,100,100,1.26,-8.33,0.00,5,55.415800 12.873400,-2,2026-05-29 09:16:41,-769,-1023,-483,123,-430,0,50,0,322,0,0,-1,-1,-1,-1,-1,1,0,-1,-1,-1,1,-10,516,-483,-335,-10,0,0,0,0,0,0,0,297,0,0,0,0,0,0,0,0,0,0,0,0,0,0,0,0,0,0,0,0,0,0,0,0,0,0,0,0,0,0,0,0,0,0,0,0,0,0,0,0,0,0,0,0,0,0,0,0,0,0,0,
2026-05-29,09:16:43.730,8.27,100,100,0,-0.026,5.92,25,1.069,94,0,0.200,100,100,1.26,-8.33,0.00,5,55.415800 12.873400,-2,2026-05-29 09:16:41,-868,-1024,-474,183,-430,1,50,0,321,0,0,-1,-1,-1,-1,-1,1,0,-1,-1,-1,1,-31,516,-473,-398,-31,0,0,0,0,0,0,0,297,0,0,0,0,0,0,0,0,0,0,0,0,0,0,0,0,0,0,0,0,0,0,0,0,0,0,0,0,0,0,0,0,0,0,0,0,0,0,0,0,0,0,0,0,0,0,0,0,0,0,0,
2026-05-29,09:16:43.840,8.28,100,100,0,-0.026,5.92,25,1.069,95,0,0.200,100,100,2.35,-7.31,0.00,5,55.415800 12.873400,-2,2026-05-29 09:16:41,-1024,-1023,-312,181,-430,3,50,0,322,0,0,-1,-1,-1,-1,-1,1,0,-1,-1,-1,1,-30,516,-312,-512,-30,0,0,0,0,0,0,0,297,0,0,0,0,0,0,0,0,0,0,0,0,0,0,0,0,0,0,0,0,0,0,0,0,0,0,0,0,0,0,0,0,0,0,0,0,0,0,0,0,0,0,0,0,0,0,0,0,0,0,0,
2026-05-29,09:16:43.960,8.27,100,100,0,-0.095,5.91,25,0.764,94,0,0.214,100,100,2.19,-6.73,0.00,3,55.415800 12.873400,-2,2026-05-29 09:16:41,-1024,-1024,-212,174,-430,1,50,0,322,0,0,-1,-1,-1,-1,-1,1,0,-1,-1,-1,1,-28,516,-212,-512,-28,0,0,0,0,0,0,0,297,0,0,0,0,0,0,0,0,0,0,0,0,0,0,0,0,0,0,0,0,0,0,0,0,0,0,0,0,0,0,0,0,0,0,0,0,0,0,0,0,0,0,0,0,0,0,0,0,0,0,0,
2026-05-29,09:16:44.090,8.27,100,100,0,-0.227,5.91,25,1.051,92,0,-0.025,100,100,2.19,-6.73,0.00,3,55.415800 12.873400,-2,2026-05-29 09:16:42,-1024,-1024,-317,209,-430,0,49,0,322,0,0,-1,-1,-1,-1,-1,1,0,-1,-1,-1,1,-42,516,-317,-512,-42,0,0,0,0,0,0,0,297,0,0,0,0,0,0,0,0,0,0,0,0,0,0,0,0,0,0,0,0,0,0,0,0,0,0,0,0,0,0,0,0,0,0,0,0,0,0,0,0,0,0,0,0,0,0,0,0,0,0,0,
2026-05-29,09:16:44.210,8.27,100,100,0,-0.227,5.90,25,1.051,90,0,-0.025,100,100,1.40,-6.78,0.00,3,55.415800 12.873400,-2,2026-05-29 09:16:42,-1005,-1023,-128,147,-429,0,50,0,322,0,0,-1,-1,-1,-1,-1,1,0,-1,-1,-1,1,-18,516,-128,-497,-18,0,0,0,0,0,0,0,298,0,0,0,0,0,0,0,0,0,0,0,0,0,0,0,0,0,0,0,0,0,0,0,0,0,0,0,0,0,0,0,0,0,0,0,0,0,0,0,0,0,0,0,0,0,0,0,0,0,0,0,
2026-05-29,09:16:44.330,8.27,100,100,0,-0.273,5.90,25,0.694,91,0,0.063,100,100,2.54,-7.06,0.00,3,55.415800 12.873400,-2,2026-05-29 09:16:42,-929,-1024,-133,201,-429,2,50,0,322,0,0,-1,-1,-1,-1,-1,1,0,-1,-1,-1,1,-39,516,-133,-440,-39,0,0,0,0,0,0,0,298,0,0,0,0,0,0,0,0,0,0,0,0,0,0,0,0,0,0,0,0,0,0,0,0,0,0,0,0,0,0,0,0,0,0,0,0,0,0,0,0,0,0,0,0,0,0,0,0,0,0,0,
2026-05-29,09:16:44.440,8.27,100,100,0,-0.248,5.90,25,1.073,93,0,0.203,100,100,2.73,-8.12,0.00,2,55.415800 12.873400,-2,2026-05-29 09:16:42,-882,-1023,-131,215,-430,1,49,0,322,0,0,-1,-1,-1,-1,-1,1,0,-1,-1,-1,1,-44,516,-131,-407,-44,0,0,0,0,0,0,0,297,0,0,0,0,0,0,0,0,0,0,0,0,0,0,0,0,0,0,0,0,0,0,0,0,0,0,0,0,0,0,0,0,0,0,0,0,0,0,0,0,0,0,0,0,0,0,0,0,0,0,0,
2026-05-29,09:16:44.570,8.27,100,100,0,-0.330,5.93,25,1.073,96,0,-0.012,100,100,2.73,-8.12,0.00,2,55.415800 12.873400,-2,2026-05-29 09:16:42,-830,-1024,-132,188,-429,2,50,0,321,0,0,-1,-1,-1,-1,-1,1,0,-1,-1,-1,1,-33,516,-132,-372,-33,0,0,0,0,0,0,0,298,0,0,0,0,0,0,0,0,0,0,0,0,0,0,0,0,0,0,0,0,0,0,0,0,0,0,0,0,0,0,0,0,0,0,0,0,0,0,0,0,0,0,0,0,0,0,0,0,0,0,0,
2026-05-29,09:16:44.690,8.27,100,100,0,-0.330,5.92,25,0.821,97,0,-0.012,100,100,1.73,-8.48,0.00,2,55.415800 12.873400,-2,2026-05-29 09:16:42,-759,-1024,-293,214,-430,0,51,0,322,0,0,-1,-1,-1,-1,-1,1,0,-1,-1,-1,1,-43,516,-292,-327,-43,0,0,0,0,0,0,0,297,0,0,0,0,0,0,0,0,0,0,0,0,0,0,0,0,0,0,0,0,0,0,0,0,0,0,0,0,0,0,0,0,0,0,0,0,0,0,0,0,0,0,0,0,0,0,0,0,0,0,0,
2026-05-29,09:16:44.800,8.27,100,100,0,-0.318,5.92,25,0.542,98,0,0.070,100,100,2.64,-9.04,0.00,2,55.415800 12.873400,-2,2026-05-29 09:16:42,-719,-1024,-132,243,-430,1,50,0,322,0,0,-1,-1,-1,-1,-1,1,0,-1,-1,-1,1,-55,516,-132,-305,-55,0,0,0,0,0,0,0,297,0,0,0,0,0,0,0,0,0,0,0,0,0,0,0,0,0,0,0,0,0,0,0,0,0,0,0,0,0,0,0,0,0,0,0,0,0,0,0,0,0,0,0,0,0,0,0,0,0,0,0,
2026-05-29,09:16:44.920,8.27,100,100,0,-0.263,5.91,25,0.690,98,0,0.084,100,100,2.64,-9.04,0.00,2,55.415800 12.873400,-2,2026-05-29 09:16:42,-694,-1024,-130,251,-430,0,50,0,321,0,0,-1,-1,-1,-1,-1,1,0,-1,-1,-1,1,-57,516,-130,-291,-57,0,0,0,0,0,0,0,297,0,0,0,0,0,0,0,0,0,0,0,0,0,0,0,0,0,0,0,0,0,0,0,0,0,0,0,0,0,0,0,0,0,0,0,0,0,0,0,0,0,0,0,0,0,0,0,0,0,0,0,
2026-05-29,09:16:45.040,8.27,100,100,0,-0.263,5.91,25,0.690,99,0,0.084,100,100,1.01,-9.46,0.00,5,55.415800 12.873400,-2,2026-05-29 09:16:43,-396,-1024,-130,193,-430,1,50,0,322,0,0,-1,-1,-1,-1,-1,1,0,-1,-1,-1,1,-35,516,-130,-147,-35,0,0,0,0,0,0,0,297,0,0,0,0,0,0,0,0,0,0,0,0,0,0,0,0,0,0,0,0,0,0,0,0,0,0,0,0,0,0,0,0,0,0,0,0,0,0,0,0,0,0,0,0,0,0,0,0,0,0,0,
2026-05-29,09:16:45.150,8.27,100,100,0,-0.337,5.90,25,1.319,99,0,0.097,100,100,1.40,-9.80,0.00,5,55.415800 12.873400,-2,2026-05-29 09:16:43,-63,-1024,-122,188,-429,1,50,0,321,0,0,-1,-1,-1,-1,-1,1,0,-1,-1,-1,1,-33,516,-122,-23,-33,0,0,0,0,0,0,0,298,0,0,0,0,0,0,0,0,0,0,0,0,0,0,0,0,0,0,0,0,0,0,0,0,0,0,0,0,0,0,0,0,0,0,0,0,0,0,0,0,0,0,0,0,0,0,0,0,0,0,0,
2026-05-29,09:16:45.270,8.27,100,100,0,-0.215,5.90,25,1.145,99,0,0.246,100,100,4.06,-10.46,0.00,5,55.415800 12.873400,-2,2026-05-29 09:16:43,0,-1024,-95,151,-430,3,50,0,322,0,0,-1,-1,-1,-1,-1,1,0,-1,-1,-1,1,-19,516,-95,0,-19,0,0,0,0,0,0,0,297,0,0,0,0,0,0,0,0,0,0,0,0,0,0,0,0,0,0,0,0,0,0,0,0,0,0,0,0,0,0,0,0,0,0,0,0,0,0,0,0,0,0,0,0,0,0,0,0,0,0,0,
2026-05-29,09:16:45.390,8.27,100,100,0,-0.215,5.90,25,1.145,100,0,0.246,100,100,4.06,-10.46,0.00,7,55.415800 12.873400,-2,2026-05-29 09:16:43,227,-1024,-426,172,-429,1,50,0,322,0,0,-1,-1,-1,-1,-1,1,0,-1,-1,-1,1,-27,516,-426,69,-27,0,0,0,0,0,0,0,298,0,0,0,0,0,0,0,0,0,0,0,0,0,0,0,0,0,0,0,0,0,0,0,0,0,0,0,0,0,0,0,0,0,0,0,0,0,0,0,0,0,0,0,0,0,0,0,0,0,0,0,
2026-05-29,09:16:45.500,8.27,100,100,0,-0.389,5.90,25,0.429,100,0,0.056,100,100,1.63,-11.27,0.00,7,55.415800 12.873400,-2,2026-05-29 09:16:43,546,-1024,-612,183,-430,0,50,0,321,0,0,-1,-1,-1,-1,-1,1,0,-1,-1,-1,1,-31,516,-612,183,-31,0,0,0,0,0,0,0,297,0,0,0,0,0,0,0,0,0,0,0,0,0,0,0,0,0,0,0,0,0,0,0,0,0,0,0,0,0,0,0,0,0,0,0,0,0,0,0,0,0,0,0,0,0,0,0,0,0,0,0,
2026-05-29,09:16:45.610,8.27,100,100,0,-0.107,5.93,25,0.977,100,0,0.016,100,100,0.51,-12.14,0.00,7,55.415800 12.873400,-2,2026-05-29 09:16:43,237,-1024,-409,155,-430,1,50,0,322,0,0,-1,-1,-1,-1,-1,1,0,-1,-1,-1,1,-21,516,-409,72,-21,0,0,0,0,0,0,0,297,0,0,0,0,0,0,0,0,0,0,0,0,0,0,0,0,0,0,0,0,0,0,0,0,0,0,0,0,0,0,0,0,0,0,0,0,0,0,0,0,0,0,0,0,0,0,0,0,0,0,0,
2026-05-29,09:16:45.720,8.27,100,100,0,-0.107,5.92,25,0.977,100,0,0.016,100,100,0.51,-12.14,0.00,7,55.415800 12.873400,-2,2026-05-29 09:16:43,-154,-1024,-422,135,-430,0,50,0,322,0,0,-1,-1,-1,-1,-1,1,0,-1,-1,-1,1,-14,516,-422,-55,-14,0,0,0,0,0,0,0,297,0,0,0,0,0,0,0,0,0,0,0,0,0,0,0,0,0,0,0,0,0,0,0,0,0,0,0,0,0,0,0,0,0,0,0,0,0,0,0,0,0,0,0,0,0,0,0,0,0,0,0,
2026-05-29,09:16:45.840,8.27,100,100,0,-0.072,5.92,25,1.172,100,0,-0.087,100,100,1.96,-11.32,0.00,7,55.415800 12.873400,-2,2026-05-29 09:16:43,-360,-1024,-577,147,-430,0,50,0,322,0,0,-1,-1,-1,-1,-1,1,0,-1,-1,-1,1,-18,516,-577,-133,-18,0,0,0,0,0,0,0,297,0,0,0,0,0,0,0,0,0,0,0,0,0,0,0,0,0,0,0,0,0,0,0,0,0,0,0,0,0,0,0,0,0,0,0,0,0,0,0,0,0,0,0,0,0,0,0,0,0,0,0,
2026-05-29,09:16:45.950,8.27,100,100,0,-0.048,5.94,25,0.633,99,0,-0.027,100,100,1.25,-11.58,0.00,9,55.415800 12.873500,-1,2026-05-29 09:16:43,-444,-1021,-504,169,-430,0,49,0,322,0,0,-1,-1,-1,-1,-1,1,0,-1,-1,-1,1,-26,514,-504,-168,-26,0,0,0,0,0,0,0,297,0,0,0,0,0,0,0,0,0,0,0,0,0,0,0,0,0,0,0,0,0,0,0,0,0,0,0,0,0,0,0,0,0,0,0,0,0,0,0,0,0,0,0,0,0,0,0,0,0,0,0,
2026-05-29,09:16:46.070,8.27,100,100,0,-0.048,5.93,25,0.633,99,0,-0.027,100,100,1.25,-11.58,0.00,9,55.415800 12.873500,-1,2026-05-29 09:16:44,-396,-1018,-503,162,-430,0,51,0,322,0,0,-1,-1,-1,-1,-1,1,0,-1,-1,-1,1,-24,511,-503,-148,-24,0,0,0,0,0,0,0,297,0,0,0,0,0,0,0,0,0,0,0,0,0,0,0,0,0,0,0,0,0,0,0,0,0,0,0,0,0,0,0,0,0,0,0,0,0,0,0,0,0,0,0,0,0,0,0,0,0,0,0,
2026-05-29,09:16:46.190,8.27,100,100,0,-0.001,5.92,25,0.589,99,0,-0.015,100,100,1.20,-11.10,0.00,9,55.415800 12.873500,-1,2026-05-29 09:16:44,0,-1023,-500,136,-430,0,49,0,322,0,0,-1,-1,-1,-1,-1,1,0,-1,-1,-1,1,-14,516,-500,0,-14,0,0,0,0,0,0,0,297,0,0,0,0,0,0,0,0,0,0,0,0,0,0,0,0,0,0,0,0,0,0,0,0,0,0,0,0,0,0,0,0,0,0,0,0,0,0,0,0,0,0,0,0,0,0,0,0,0,0,0,
2026-05-29,09:16:46.300,8.27,100,100,0,0.047,5.93,25,0.839,98,0,0.002,100,100,-0.38,-10.49,0.00,9,55.415800 12.873500,-1,2026-05-29 09:16:44,-23,-1024,-484,157,-430,0,49,0,321,0,0,-1,-1,-1,-1,-1,1,0,-1,-1,-1,1,-22,516,-484,-9,-22,0,0,0,0,0,0,0,297,0,0,0,0,0,0,0,0,0,0,0,0,0,0,0,0,0,0,0,0,0,0,0,0,0,0,0,0,0,0,0,0,0,0,0,0,0,0,0,0,0,0,0,0,0,0,0,0,0,0,0,
2026-05-29,09:16:46.440,8.27,100,100,0,-0.007,5.92,25,0.713,96,0,0.034,100,100,-0.38,-10.49,0.00,9,55.415800 12.873500,-1,2026-05-29 09:16:44,-4,-1024,-327,146,-429,0,50,0,322,0,0,-1,-1,-1,-1,-1,1,0,-1,-1,-1,1,-18,516,-327,-2,-18,0,0,0,0,0,0,0,298,0,0,0,0,0,0,0,0,0,0,0,0,0,0,0,0,0,0,0,0,0,0,0,0,0,0,0,0,0,0,0,0,0,0,0,0,0,0,0,0,0,0,0,0,0,0,0,0,0,0,0,
2026-05-29,09:16:46.560,8.27,100,100,0,-0.007,5.94,25,0.713,96,0,0.034,100,100,0.25,-10.72,0.00,9,55.415800 12.873500,-1,2026-05-29 09:16:44,0,-1023,-375,164,-429,3,50,0,322,0,0,-1,-1,-1,-1,-1,1,0,-1,-1,-1,1,-25,516,-376,0,-25,0,0,0,0,0,0,0,297,0,0,0,0,0,0,0,0,0,0,0,0,0,0,0,0,0,0,0,0,0,0,0,0,0,0,0,0,0,0,0,0,0,0,0,0,0,0,0,0,0,0,0,0,0,0,0,0,0,0,0,
2026-05-29,09:16:46.680,8.27,100,100,0,-0.191,5.96,25,1.417,96,0,0.031,100,100,0.04,-10.43,0.00,9,55.415800 12.873500,-1,2026-05-29 09:16:44,0,-1024,-384,194,-429,1,50,0,321,0,0,-1,-1,-1,-1,-1,1,0,-1,-1,-1,1,-35,516,-384,0,-35,0,0,0,0,0,0,0,297,0,0,0,0,0,0,0,0,0,0,0,0,0,0,0,0,0,0,0,0,0,0,0,0,0,0,0,0,0,0,0,0,0,0,0,0,0,0,0,0,0,0,0,0,0,0,0,0,0,0,0,
2026-05-29,09:16:46.800,8.27,100,100,0,-0.075,5.93,25,1.165,96,0,0.032,100,100,1.06,-10.48,0.00,9,55.415800 12.873500,-1,2026-05-29 09:16:44,0,-1024,-379,168,-430,0,50,0,322,0,0,-1,-1,-1,-1,-1,1,0,-1,-1,-1,1,-26,516,-379,0,-26,0,0,0,0,0,0,0,297,0,0,0,0,0,0,0,0,0,0,0,0,0,0,0,0,0,0,0,0,0,0,0,0,0,0,0,0,0,0,0,0,0,0,0,0,0,0,0,0,0,0,0,0,0,0,0,0,0,0,0,
2026-05-29,09:16:46.910,8.27,100,100,0,-0.075,5.92,25,1.165,97,0,0.032,100,100,1.06,-10.48,0.00,9,55.415800 12.873500,-1,2026-05-29 09:16:44,-55,-1024,-389,228,-429,0,49,0,322,0,0,-1,-1,-1,-1,-1,1,0,-1,-1,-1,1,-49,516,-389,-20,-49,0,0,0,0,0,0,0,298,0,0,0,0,0,0,0,0,0,0,0,0,0,0,0,0,0,0,0,0,0,0,0,0,0,0,0,0,0,0,0,0,0,0,0,0,0,0,0,0,0,0,0,0,0,0,0,0,0,0,0,
2026-05-29,09:16:47.030,8.27,100,100,0,-0.078,5.92,25,1.207,98,0,-0.073,100,100,0.77,-9.84,0.00,6,55.415800 12.873500,-1,2026-05-29 09:16:45,0,-1022,-215,152,-429,2,50,0,322,0,0,-1,-1,-1,-1,-1,1,0,-1,-1,-1,1,-20,515,-215,0,-20,0,0,0,0,0,0,0,298,0,0,0,0,0,0,0,0,0,0,0,0,0,0,0,0,0,0,0,0,0,0,0,0,0,0,0,0,0,0,0,0,0,0,0,0,0,0,0,0,0,0,0,0,0,0,0,0,0,0,0,
2026-05-29,09:16:47.140,8.27,100,100,0,-0.224,5.91,25,1.196,97,0,-0.013,100,100,0.57,-9.77,0.00,6,55.415800 12.873500,-1,2026-05-29 09:16:45,0,-1023,-217,201,-430,0,49,0,321,0,0,-1,-1,-1,-1,-1,1,0,-1,-1,-1,1,-39,516,-217,0,-39,0,0,0,0,0,0,0,297,0,0,0,0,0,0,0,0,0,0,0,0,0,0,0,0,0,0,0,0,0,0,0,0,0,0,0,0,0,0,0,0,0,0,0,0,0,0,0,0,0,0,0,0,0,0,0,0,0,0,0,
2026-05-29,09:16:47.260,8.27,100,100,0,-0.224,5.91,25,1.196,97,0,-0.013,100,100,0.57,-9.77,0.00,6,55.415800 12.873500,-1,2026-05-29 09:16:45,0,-1023,-217,185,-430,0,49,0,321,0,0,-1,-1,-1,-1,-1,1,0,-1,-1,-1,1,-32,516,-217,0,-32,0,0,0,0,0,0,0,297,0,0,0,0,0,0,0,0,0,0,0,0,0,0,0,0,0,0,0,0,0,0,0,0,0,0,0,0,0,0,0,0,0,0,0,0,0,0,0,0,0,0,0,0,0,0,0,0,0,0,0,
2026-05-29,09:16:47.370,8.27,100,100,0,-0.223,5.91,25,1.010,97,0,0.049,100,100,-0.19,-9.52,0.00,6,55.415800 12.873500,-1,2026-05-29 09:16:45,0,-1024,-212,147,-429,1,50,0,321,0,0,-1,-1,-1,-1,-1,1,0,-1,-1,-1,1,-18,516,-212,0,-18,0,0,0,0,0,0,0,298,0,0,0,0,0,0,0,0,0,0,0,0,0,0,0,0,0,0,0,0,0,0,0,0,0,0,0,0,0,0,0,0,0,0,0,0,0,0,0,0,0,0,0,0,0,0,0,0,0,0,0,
2026-05-29,09:16:47.490,8.27,100,100,0,-0.309,5.93,25,0.401,97,0,-0.005,100,100,-0.18,-10.15,0.00,6,55.415800 12.873500,-1,2026-05-29 09:16:45,0,-1024,-320,147,-430,0,50,0,322,0,0,-1,-1,-1,-1,-1,1,0,-1,-1,-1,1,-18,516,-320,0,-18,0,0,0,0,0,0,0,297,0,0,0,0,0,0,0,0,0,0,0,0,0,0,0,0,0,0,0,0,0,0,0,0,0,0,0,0,0,0,0,0,0,0,0,0,0,0,0,0,0,0,0,0,0,0,0,0,0,0,0,
2026-05-29,09:16:47.620,8.27,100,100,0,-0.202,5.92,25,0.816,95,0,-0.060,100,100,0.31,-10.07,0.00,6,55.415800 12.873500,-1,2026-05-29 09:16:45,0,-1024,-78,84,-430,1,50,0,322,0,0,-1,-1,-1,-1,-1,1,0,-1,-1,-1,1,5,516,-78,0,5,0,0,0,0,0,0,0,297,0,0,0,0,0,0,0,0,0,0,0,0,0,0,0,0,0,0,0,0,0,0,0,0,0,0,0,0,0,0,0,0,0,0,0,0,0,0,0,0,0,0,0,0,0,0,0,0,0,0,0,
2026-05-29,09:16:47.730,8.27,100,100,0,-0.202,5.92,25,0.816,94,0,-0.060,100,100,0.31,-10.07,0.00,6,55.415800 12.873500,-1,2026-05-29 09:16:45,0,-1024,-112,111,-429,0,50,0,322,0,0,-1,-1,-1,-1,-1,1,0,-1,-1,-1,1,-4,516,-112,0,-4,0,0,0,0,0,0,0,298,0,0,0,0,0,0,0,0,0,0,0,0,0,0,0,0,0,0,0,0,0,0,0,0,0,0,0,0,0,0,0,0,0,0,0,0,0,0,0,0,0,0,0,0,0,0,0,0,0,0,0,
2026-05-29,09:16:47.850,8.27,100,100,0,-0.453,5.91,25,0.740,93,0,0.083,100,100,2.21,-10.72,0.00,6,55.415800 12.873500,-1,2026-05-29 09:16:45,325,-1024,-127,97,-430,0,50,0,322,0,0,-1,-1,-1,-1,-1,1,0,-1,-1,-1,1,1,516,-127,101,1,0,0,0,0,0,0,0,297,0,0,0,0,0,0,0,0,0,0,0,0,0,0,0,0,0,0,0,0,0,0,0,0,0,0,0,0,0,0,0,0,0,0,0,0,0,0,0,0,0,0,0,0,0,0,0,0,0,0,0,
2026-05-29,09:16:47.970,8.27,100,100,0,-0.352,5.91,25,0.965,94,0,0.089,100,100,2.21,-10.72,0.00,7,55.415800 12.873500,-1,2026-05-29 09:16:46,451,-1024,-131,79,-430,0,50,0,322,0,0,-1,-1,-1,-1,-1,1,0,-1,-1,-1,1,7,516,-132,154,7,0,0,0,0,0,0,0,297,0,0,0,0,0,0,0,0,0,0,0,0,0,0,0,0,0,0,0,0,0,0,0,0,0,0,0,0,0,0,0,0,0,0,0,0,0,0,0,0,0,0,0,0,0,0,0,0,0,0,0,
2026-05-29,09:16:48.080,8.27,100,100,0,-0.352,5.90,25,0.965,95,0,0.089,100,100,2.03,-10.89,0.00,7,55.415800 12.873500,-1,2026-05-29 09:16:46,1023,-1024,-1018,91,-430,0,50,0,322,0,0,-1,-1,-1,-1,-1,1,0,-1,-1,-1,0,2,516,-1018,435,2,0,0,0,0,0,0,0,297,0,0,0,0,0,0,0,0,0,0,0,0,0,0,0,0,0,0,0,0,0,0,0,0,0,0,0,0,0,0,0,0,0,0,0,0,0,0,0,0,0,0,0,0,0,0,0,0,0,0,0,
2026-05-29,09:16:48.200,8.27,100,100,0,-0.227,5.90,25,1.358,94,0,-0.058,100,100,1.03,-11.74,0.00,7,55.415800 12.873500,-1,2026-05-29 09:16:46,1024,-1024,-615,0,-430,1,50,0,322,0,0,-1,-1,-1,-1,-1,1,0,-1,-1,-1,1,36,516,-615,435,36,0,0,0,0,0,0,0,297,0,0,0,0,0,0,0,0,0,0,0,0,0,0,0,0,0,0,0,0,0,0,0,0,0,0,0,0,0,0,0,0,0,0,0,0,0,0,0,0,0,0,0,0,0,0,0,0,0,0,0,
2026-05-29,09:16:48.320,8.27,100,100,0,-0.186,5.90,25,1.104,94,0,-0.145,100,100,1.85,-12.03,0.00,7,55.415800 12.873500,-1,2026-05-29 09:16:46,1024,-1024,-753,39,-430,2,50,0,322,0,0,-1,-1,-1,-1,-1,1,0,-1,-1,-1,1,22,516,-753,435,22,0,0,0,0,0,0,0,297,0,0,0,0,0,0,0,0,0,0,0,0,0,0,0,0,0,0,0,0,0,0,0,0,0,0,0,0,0,0,0,0,0,0,0,0,0,0,0,0,0,0,0,0,0,0,0,0,0,0,0,
2026-05-29,09:16:48.430,8.27,100,100,0,-0.186,5.90,25,1.104,96,0,-0.145,100,100,1.85,-12.03,0.00,9,55.415800 12.873500,-1,2026-05-29 09:16:46,1024,-1024,-952,0,-429,0,49,0,322,0,0,-1,-1,-1,-1,-1,1,0,-1,-1,-1,0,36,516,-952,435,36,0,0,0,0,0,0,0,298,0,0,0,0,0,0,0,0,0,0,0,0,0,0,0,0,0,0,0,0,0,0,0,0,0,0,0,0,0,0,0,0,0,0,0,0,0,0,0,0,0,0,0,0,0,0,0,0,0,0,0,
2026-05-29,09:16:48.550,8.27,100,100,0,-0.038,5.90,25,0.841,96,0,-0.113,100,100,1.62,-11.63,0.00,9,55.415800 12.873500,-1,2026-05-29 09:16:46,1024,-1024,-936,0,-429,0,49,0,322,0,0,-1,-1,-1,-1,-1,1,0,-1,-1,-1,0,36,516,-936,435,36,0,0,0,0,0,0,0,298,0,0,0,0,0,0,0,0,0,0,0,0,0,0,0,0,0,0,0,0,0,0,0,0,0,0,0,0,0,0,0,0,0,0,0,0,0,0,0,0,0,0,0,0,0,0,0,0,0,0,0,
2026-05-29,09:16:48.660,8.27,100,100,0,-0.021,5.92,25,1.335,96,0,-0.341,100,100,1.87,-11.19,0.00,9,55.415800 12.873500,-1,2026-05-29 09:16:46,1024,-1024,-1005,0,-429,1,49,0,321,0,0,-1,-1,-1,-1,-1,1,0,-1,-1,-1,0,36,516,-1005,435,36,0,0,0,0,0,0,0,298,0,0,0,0,0,0,0,0,0,0,0,0,0,0,0,0,0,0,0,0,0,0,0,0,0,0,0,0,0,0,0,0,0,0,0,0,0,0,0,0,0,0,0,0,0,0,0,0,0,0,0,
2026-05-29,09:16:48.770,8.27,100,100,0,-0.021,5.94,25,1.335,96,0,-0.341,100,100,1.87,-11.19,0.00,9,55.415800 12.873500,-1,2026-05-29 09:16:46,1024,-1024,-781,-40,-430,0,50,0,322,0,0,-1,-1,-1,-1,-1,1,0,-1,-1,-1,1,50,516,-781,435,50,0,0,0,0,0,0,0,297,0,0,0,0,0,0,0,0,0,0,0,0,0,0,0,0,0,0,0,0,0,0,0,0,0,0,0,0,0,0,0,0,0,0,0,0,0,0,0,0,0,0,0,0,0,0,0,0,0,0,0,
2026-05-29,09:16:48.890,8.27,100,100,0,0.026,5.93,25,0.994,95,0,-0.117,100,100,1.00,-10.91,0.00,9,55.415800 12.873500,-1,2026-05-29 09:16:46,1024,-1024,-937,0,-430,0,50,0,322,0,0,-1,-1,-1,-1,-1,1,0,-1,-1,-1,0,36,516,-938,435,36,0,0,0,0,0,0,0,297,0,0,0,0,0,0,0,0,0,0,0,0,0,0,0,0,0,0,0,0,0,0,0,0,0,0,0,0,0,0,0,0,0,0,0,0,0,0,0,0,0,0,0,0,0,0,0,0,0,0,0,
2026-05-29,09:16:49.010,8.27,100,100,0,0.026,5.95,25,1.727,94,0,-0.241,100,100,1.40,-10.24,0.00,6,55.415800 12.873600,-1,2026-05-29 09:16:47,1024,-1024,-937,0,-429,1,49,0,321,0,0,-1,-1,-1,-1,-1,1,0,-1,-1,-1,0,36,516,-937,435,36,0,0,0,0,0,0,0,298,0,0,0,0,0,0,0,0,0,0,0,0,0,0,0,0,0,0,0,0,0,0,0,0,0,0,0,0,0,0,0,0,0,0,0,0,0,0,0,0,0,0,0,0,0,0,0,0,0,0,0,
2026-05-29,09:16:49.120,8.27,100,100,0,0.026,5.94,25,1.727,92,0,-0.241,100,100,1.40,-10.24,0.00,6,55.415800 12.873600,-1,2026-05-29 09:16:47,1024,-1024,-898,0,-429,0,49,0,322,0,0,-1,-1,-1,-1,-1,1,0,-1,-1,-1,1,36,516,-897,435,36,0,0,0,0,0,0,0,298,0,0,0,0,0,0,0,0,0,0,0,0,0,0,0,0,0,0,0,0,0,0,0,0,0,0,0,0,0,0,0,0,0,0,0,0,0,0,0,0,0,0,0,0,0,0,0,0,0,0,0,
2026-05-29,09:16:49.240,8.27,100,100,0,0.006,5.95,25,0.960,91,0,-0.120,100,100,0.34,-9.39,0.00,6,55.415800 12.873600,-1,2026-05-29 09:16:47,1024,-1024,-895,0,-429,1,50,0,321,0,0,-1,-1,-1,-1,-1,1,0,-1,-1,-1,1,36,516,-894,435,36,0,0,0,0,0,0,0,297,0,0,0,0,0,0,0,0,0,0,0,0,0,0,0,0,0,0,0,0,0,0,0,0,0,0,0,0,0,0,0,0,0,0,0,0,0,0,0,0,0,0,0,0,0,0,0,0,0,0,0,
2026-05-29,09:16:49.360,8.27,100,100,0,0.012,5.95,25,0.634,91,0,-0.068,100,100,-1.49,-7.94,0.00,6,55.415800 12.873600,-1,2026-05-29 09:16:47,1024,-1024,-542,2,-430,0,50,0,322,0,0,-1,-1,-1,-1,-1,1,0,-1,-1,-1,1,35,516,-542,435,35,0,0,0,0,0,0,0,297,0,0,0,0,0,0,0,0,0,0,0,0,0,0,0,0,0,0,0,0,0,0,0,0,0,0,0,0,0,0,0,0,0,0,0,0,0,0,0,0,0,0,0,0,0,0,0,0,0,0,0,
2026-05-29,09:16:49.470,8.27,100,100,0,0.035,5.94,25,0.634,90,0,-0.068,100,100,-1.49,-7.94,0.00,4,55.415800 12.873600,-1,2026-05-29 09:16:47,1023,-1024,-270,20,-429,1,49,0,322,0,0,-1,-1,-1,-1,-1,1,0,-1,-1,-1,1,29,516,-270,435,29,0,0,0,0,0,0,0,297,0,0,0,0,0,0,0,0,0,0,0,0,0,0,0,0,0,0,0,0,0,0,0,0,0,0,0,0,0,0,0,0,0,0,0,0,0,0,0,0,0,0,0,0,0,0,0,0,0,0,0,
2026-05-29,09:16:49.590,8.27,100,100,0,0.035,5.93,25,0.634,87,0,-0.061,100,100,-3.20,-7.49,0.00,4,55.415800 12.873600,-1,2026-05-29 09:16:47,1023,-1024,-242,0,-429,0,50,0,321,0,0,-1,-1,-1,-1,-1,1,0,-1,-1,-1,1,36,516,-242,435,36,0,0,0,0,0,0,0,298,0,0,0,0,0,0,0,0,0,0,0,0,0,0,0,0,0,0,0,0,0,0,0,0,0,0,0,0,0,0,0,0,0,0,0,0,0,0,0,0,0,0,0,0,0,0,0,0,0,0,0,
2026-05-29,09:16:49.710,8.27,100,100,0,-0.112,5.95,25,1.030,86,0,-0.133,100,100,-2.85,-6.88,0.00,4,55.415800 12.873600,-1,2026-05-29 09:16:47,1024,-1024,-99,0,-429,1,49,0,322,0,0,-1,-1,-1,-1,-1,1,0,-1,-1,-1,1,36,516,-99,435,36,0,0,0,0,0,0,0,298,0,0,0,0,0,0,0,0,0,0,0,0,0,0,0,0,0,0,0,0,0,0,0,0,0,0,0,0,0,0,0,0,0,0,0,0,0,0,0,0,0,0,0,0,0,0,0,0,0,0,0,
2026-05-29,09:16:49.830,8.27,100,100,0,-0.015,5.96,25,1.005,85,0,-0.005,100,100,-2.63,-6.44,0.00,4,55.415800 12.873600,-1,2026-05-29 09:16:47,1024,-1024,-22,0,-429,0,49,0,321,0,0,-1,-1,-1,-1,-1,1,0,-1,-1,-1,1,36,516,-22,435,36,0,0,0,0,0,0,0,298,0,0,0,0,0,0,0,0,0,0,0,0,0,0,0,0,0,0,0,0,0,0,0,0,0,0,0,0,0,0,0,0,0,0,0,0,0,0,0,0,0,0,0,0,0,0,0,0,0,0,0,
2026-05-29,09:16:49.940,8.27,100,100,0,-0.015,5.97,25,1.005,85,0,-0.005,100,100,-2.63,-6.44,0.00,1,55.415800 12.873600,-1,2026-05-29 09:16:47,1021,-1024,122,0,-430,1,49,0,322,0,0,-1,-1,-1,-1,-1,1,0,-1,-1,-1,1,36,516,122,434,36,0,0,0,0,0,0,0,297,0,0,0,0,0,0,0,0,0,0,0,0,0,0,0,0,0,0,0,0,0,0,0,0,0,0,0,0,0,0,0,0,0,0,0,0,0,0,0,0,0,0,0,0,0,0,0,0,0,0,0,
2026-05-29,09:16:50.080,8.27,100,100,0,-0.370,5.97,25,0.982,83,0,-0.024,100,100,-2.71,-6.24,0.00,1,55.415800 12.873600,-1,2026-05-29 09:16:48,1024,-1023,-70,44,-430,0,51,0,322,0,0,-1,-1,-1,-1,-1,1,0,-1,-1,-1,1,19,516,-70,435,19,0,0,0,0,0,0,0,297,0,0,0,0,0,0,0,0,0,0,0,0,0,0,0,0,0,0,0,0,0,0,0,0,0,0,0,0,0,0,0,0,0,0,0,0,0,0,0,0,0,0,0,0,0,0,0,0,0,0,0,
2026-05-29,09:16:50.200,8.27,100,100,0,-0.491,5.95,25,1.036,84,0,0.067,100,100,-2.52,-7.10,0.00,1,55.415800 12.873600,-1,2026-05-29 09:16:48,1023,-1024,-102,0,-430,0,50,0,322,0,0,-1,-1,-1,-1,-1,1,0,-1,-1,-1,1,36,516,-102,435,36,0,0,0,0,0,0,0,297,0,0,0,0,0,0,0,0,0,0,0,0,0,0,0,0,0,0,0,0,0,0,0,0,0,0,0,0,0,0,0,0,0,0,0,0,0,0,0,0,0,0,0,0,0,0,0,0,0,0,0,
2026-05-29,09:16:50.310,8.27,100,100,0,-0.183,5.94,25,1.036,84,0,0.067,100,100,-2.52,-7.10,0.00,1,55.415800 12.873600,-1,2026-05-29 09:16:48,1024,-1024,-579,0,-430,1,49,0,322,0,0,-1,-1,-1,-1,-1,1,0,-1,-1,-1,1,36,516,-579,435,36,0,0,0,0,0,0,0,297,0,0,0,0,0,0,0,0,0,0,0,0,0,0,0,0,0,0,0,0,0,0,0,0,0,0,0,0,0,0,0,0,0,0,0,0,0,0,0,0,0,0,0,0,0,0,0,0,0,0,0,
2026-05-29,09:16:50.430,8.27,100,100,0,-0.183,5.93,25,1.296,85,0,-0.159,100,100,-4.07,-8.16,0.00,1,55.415800 12.873600,-1,2026-05-29 09:16:48,625,-1024,-1024,0,-430,0,50,0,322,0,0,-1,-1,-1,-1,-1,1,0,-1,-1,-1,0,36,516,-1024,216,36,0,0,0,0,0,0,0,297,0,0,0,0,0,0,0,0,0,0,0,0,0,0,0,0,0,0,0,0,0,0,0,0,0,0,0,0,0,0,0,0,0,0,0,0,0,0,0,0,0,0,0,0,0,0,0,0,0,0,0,
2026-05-29,09:16:50.550,8.27,100,99,0,-0.194,5.91,25,1.232,85,0,0.109,100,100,-1.58,-8.53,0.00,1,55.415800 12.873600,-1,2026-05-29 09:16:48,430,-1024,-1024,39,-430,0,50,0,322,0,0,-1,-1,-1,-1,-1,1,0,-1,-1,-1,0,22,516,-1024,138,22,0,0,0,0,0,0,0,297,0,0,0,0,0,0,0,0,0,0,0,0,0,0,0,0,0,0,0,0,0,0,0,0,0,0,0,0,0,0,0,0,0,0,0,0,0,0,0,0,0,0,0,0,0,0,0,0,0,0,0,
2026-05-29,09:16:50.670,8.27,100,99,0,-0.075,5.91,25,0.926,86,0,-0.164,100,100,-3.16,-7.81,0.00,1,55.415800 12.873600,-1,2026-05-29 09:16:48,178,-992,-1024,17,-430,1,50,0,321,0,0,-1,-1,-1,-1,-1,1,0,-1,-1,-1,0,30,491,-1024,54,30,0,0,0,0,0,0,0,297,0,0,0,0,0,0,0,0,0,0,0,0,0,0,0,0,0,0,0,0,0,0,0,0,0,0,0,0,0,0,0,0,0,0,0,0,0,0,0,0,0,0,0,0,0,0,0,0,0,0,0,
2026-05-29,09:16:50.780,8.27,100,99,0,-0.075,5.93,25,0.926,86,0,-0.164,100,100,-3.16,-7.81,0.00,1,55.415800 12.873600,-1,2026-05-29 09:16:48,0,-697,-1024,9,-430,3,50,0,322,0,0,-1,-1,-1,-1,-1,1,0,-1,-1,-1,0,32,298,-1024,0,32,0,0,0,0,0,0,0,297,0,0,0,0,0,0,0,0,0,0,0,0,0,0,0,0,0,0,0,0,0,0,0,0,0,0,0,0,0,0,0,0,0,0,0,0,0,0,0,0,0,0,0,0,0,0,0,0,0,0,0,
2026-05-29,09:16:50.900,8.27,100,99,0,0.166,5.93,25,1.586,85,0,0.066,100,100,-3.07,-8.10,0.00,1,55.415700 12.873600,-1,2026-05-29 09:16:48,0,-461,-1024,0,-429,1,49,0,321,0,0,-1,-1,-1,-1,-1,1,0,-1,-1,-1,0,36,183,-1024,0,36,0,0,0,0,0,0,0,298,0,0,0,0,0,0,0,0,0,0,0,0,0,0,0,0,0,0,0,0,0,0,0,0,0,0,0,0,0,0,0,0,0,0,0,0,0,0,0,0,0,0,0,0,0,0,0,0,0,0,0,
2026-05-29,09:16:51.020,8.27,100,99,0,0.152,5.94,25,1.392,85,0,-0.481,100,100,-5.00,-8.00,0.00,4,55.415700 12.873600,-1,2026-05-29 09:16:49,0,0,-1024,0,-430,0,50,0,321,0,0,-1,-1,-1,-1,-1,1,0,-1,-1,-1,0,36,8,-1024,0,36,0,0,0,0,0,0,0,297,0,0,0,0,0,0,0,0,0,0,0,0,0,0,0,0,0,0,0,0,0,0,0,0,0,0,0,0,0,0,0,0,0,0,0,0,0,0,0,0,0,0,0,0,0,0,0,0,0,0,0,
2026-05-29,09:16:51.130,8.27,100,99,0,0.152,5.93,25,1.392,86,0,-0.481,100,100,-5.00,-8.00,0.00,4,55.415700 12.873600,-1,2026-05-29 09:16:49,0,0,-1024,0,-429,1,49,0,322,0,0,-1,-1,-1,-1,-1,1,0,-1,-1,-1,0,36,8,-1024,0,36,0,0,0,0,0,0,0,298,0,0,0,0,0,0,0,0,0,0,0,0,0,0,0,0,0,0,0,0,0,0,0,0,0,0,0,0,0,0,0,0,0,0,0,0,0,0,0,0,0,0,0,0,0,0,0,0,0,0,0,
2026-05-29,09:16:51.250,8.27,100,99,0,0.049,5.92,25,0.928,88,0,0.121,100,100,-2.00,-7.60,0.00,4,55.415700 12.873600,-1,2026-05-29 09:16:49,0,0,-1024,0,-430,1,50,0,322,0,0,-1,-1,-1,-1,-1,1,0,-1,-1,-1,0,36,8,-1024,0,36,0,0,0,0,0,0,0,297,0,0,0,0,0,0,0,0,0,0,0,0,0,0,0,0,0,0,0,0,0,0,0,0,0,0,0,0,0,0,0,0,0,0,0,0,0,0,0,0,0,0,0,0,0,0,0,0,0,0,0,
2026-05-29,09:16:51.370,8.27,100,99,0,0.042,5.94,25,0.987,88,0,-0.060,100,100,-2.85,-6.83,0.00,4,55.415700 12.873600,-1,2026-05-29 09:16:49,0,0,-1024,0,-430,1,50,0,322,0,0,-1,-1,-1,-1,-1,1,0,-1,-1,-1,0,36,8,-1024,0,36,0,0,0,0,0,0,0,297,0,0,0,0,0,0,0,0,0,0,0,0,0,0,0,0,0,0,0,0,0,0,0,0,0,0,0,0,0,0,0,0,0,0,0,0,0,0,0,0,0,0,0,0,0,0,0,0,0,0,0,
2026-05-29,09:16:51.480,8.27,100,100,0,0.042,5.95,25,0.987,88,0,-0.060,100,100,-2.85,-6.83,0.00,3,55.415700 12.873600,-1,2026-05-29 09:16:49,0,0,-1024,0,-430,0,50,0,322,0,0,-1,-1,-1,-1,-1,1,0,-1,-1,-1,0,36,8,-1024,0,36,0,0,0,0,0,0,0,297,0,0,0,0,0,0,0,0,0,0,0,0,0,0,0,0,0,0,0,0,0,0,0,0,0,0,0,0,0,0,0,0,0,0,0,0,0,0,0,0,0,0,0,0,0,0,0,0,0,0,0,
2026-05-29,09:16:51.600,8.27,100,100,0,-0.136,5.97,25,0.992,89,0,-0.011,100,100,-2.91,-6.15,0.00,3,55.415700 12.873600,-1,2026-05-29 09:16:49,0,0,-1024,0,-430,0,50,0,322,0,0,-1,-1,-1,-1,-1,1,0,-1,-1,-1,0,36,8,-1024,0,36,0,0,0,0,0,0,0,297,0,0,0,0,0,0,0,0,0,0,0,0,0,0,0,0,0,0,0,0,0,0,0,0,0,0,0,0,0,0,0,0,0,0,0,0,0,0,0,0,0,0,0,0,0,0,0,0,0,0,0,
2026-05-29,09:16:51.720,8.27,100,100,0,-0.120,5.98,25,1.013,89,0,-0.023,100,100,-2.88,-6.07,0.00,3,55.415700 12.873600,-1,2026-05-29 09:16:49,0,0,-1024,0,-430,1,50,0,322,0,0,-1,-1,-1,-1,-1,1,0,-1,-1,-1,0,36,8,-1024,0,36,0,0,0,0,0,0,0,297,0,0,0,0,0,0,0,0,0,0,0,0,0,0,0,0,0,0,0,0,0,0,0,0,0,0,0,0,0,0,0,0,0,0,0,0,0,0,0,0,0,0,0,0,0,0,0,0,0,0,0,
2026-05-29,09:16:51.830,8.27,100,100,0,-0.130,5.99,25,1.013,90,0,-0.023,100,100,-2.88,-6.07,0.00,3,55.415700 12.873600,-1,2026-05-29 09:16:49,0,0,-1024,0,-430,0,49,0,321,0,0,-1,-1,-1,-1,-1,1,0,-1,-1,-1,0,36,8,-1024,0,36,0,0,0,0,0,0,0,297,0,0,0,0,0,0,0,0,0,0,0,0,0,0,0,0,0,0,0,0,0,0,0,0,0,0,0,0,0,0,0,0,0,0,0,0,0,0,0,0,0,0,0,0,0,0,0,0,0,0,0,
2026-05-29,09:16:51.950,8.27,100,100,0,-0.130,5.99,25,0.992,91,0,-0.031,100,100,-2.81,-6.19,0.00,3,55.415700 12.873600,-1,2026-05-29 09:16:49,0,0,-1024,0,-430,4,48,0,322,0,0,-1,-1,-1,-1,-1,1,0,-1,-1,-1,0,36,8,-1024,0,36,0,0,0,0,0,0,0,297,0,0,0,0,0,0,0,0,0,0,0,0,0,0,0,0,0,0,0,0,0,0,0,0,0,0,0,0,0,0,0,0,0,0,0,0,0,0,0,0,0,0,0,0,0,0,0,0,0,0,0,
2026-05-29,09:16:52.070,8.27,100,100,0,-0.133,5.99,25,0.994,92,0,-0.031,100,100,-2.75,-6.32,0.00,1,55.415700 12.873600,-1,2026-05-29 09:16:50,0,0,-1024,0,-430,1,50,0,322,0,0,-1,-1,-1,-1,-1,1,0,-1,-1,-1,0,36,8,-1024,0,36,0,0,0,0,0,0,0,297,0,0,0,0,0,0,0,0,0,0,0,0,0,0,0,0,0,0,0,0,0,0,0,0,0,0,0,0,0,0,0,0,0,0,0,0,0,0,0,0,0,0,0,0,0,0,0,0,0,0,0,
2026-05-29,09:16:52.180,8.27,100,100,0,-0.134,5.99,25,0.992,93,0,-0.032,100,100,-2.75,-6.32,0.00,1,55.415700 12.873600,-1,2026-05-29 09:16:50,0,0,-1024,0,-430,0,50,0,321,0,0,-1,-1,-1,-1,-1,1,0,-1,-1,-1,0,36,8,-1024,0,36,0,0,0,0,0,0,0,297,0,0,0,0,0,0,0,0,0,0,0,0,0,0,0,0,0,0,0,0,0,0,0,0,0,0,0,0,0,0,0,0,0,0,0,0,0,0,0,0,0,0,0,0,0,0,0,0,0,0,0,
2026-05-29,09:16:52.300,8.27,100,100,0,-0.134,5.97,25,0.992,94,0,-0.032,100,100,-2.70,-6.44,0.00,1,55.415700 12.873600,-1,2026-05-29 09:16:50,0,0,-1024,0,-429,0,50,0,322,0,0,-1,-1,-1,-1,-1,1,0,-1,-1,-1,0,36,8,-1024,0,36,0,0,0,0,0,0,0,298,0,0,0,0,0,0,0,0,0,0,0,0,0,0,0,0,0,0,0,0,0,0,0,0,0,0,0,0,0,0,0,0,0,0,0,0,0,0,0,0,0,0,0,0,0,0,0,0,0,0,0,
2026-05-29,09:16:52.440,8.27,100,100,0,-0.134,5.96,25,0.993,95,0,-0.032,100,100,-2.65,-6.55,0.00,0,55.415700 12.873600,-1,2026-05-29 09:16:50,0,0,-1024,0,-430,1,50,0,322,0,0,-1,-1,-1,-1,-1,1,0,-1,-1,-1,0,36,8,-1024,0,36,0,0,0,0,0,0,0,297,0,0,0,0,0,0,0,0,0,0,0,0,0,0,0,0,0,0,0,0,0,0,0,0,0,0,0,0,0,0,0,0,0,0,0,0,0,0,0,0,0,0,0,0,0,0,0,0,0,0,0,
2026-05-29,09:16:52.550,8.27,100,100,0,-0.134,5.97,25,0.997,96,0,-0.031,100,100,-2.60,-6.65,0.00,0,55.415700 12.873600,-1,2026-05-29 09:16:50,0,0,-1024,0,-430,0,50,0,322,0,0,-1,-1,-1,-1,-1,1,0,-1,-1,-1,0,36,8,-1024,0,36,0,0,0,0,0,0,0,297,0,0,0,0,0,0,0,0,0,0,0,0,0,0,0,0,0,0,0,0,0,0,0,0,0,0,0,0,0,0,0,0,0,0,0,0,0,0,0,0,0,0,0,0,0,0,0,0,0,0,0,
2026-05-29,09:16:52.670,8.27,100,100,0,-0.134,5.98,25,0.997,95,0,-0.031,100,100,-2.60,-6.65,0.00,0,55.415700 12.873600,-1,2026-05-29 09:16:50,0,0,-1024,0,-429,0,49,0,322,0,0,-1,-1,-1,-1,-1,1,0,-1,-1,-1,0,36,8,-1024,0,36,0,0,0,0,0,0,0,298,0,0,0,0,0,0,0,0,0,0,0,0,0,0,0,0,0,0,0,0,0,0,0,0,0,0,0,0,0,0,0,0,0,0,0,0,0,0,0,0,0,0,0,0,0,0,0,0,0,0,0,
2026-05-29,09:16:52.790,8.27,100,100,0,-0.133,5.98,25,1.001,96,0,-0.031,100,100,-2.55,-6.74,0.00,0,55.415700 12.873600,-1,2026-05-29 09:16:50,0,0,-1024,0,-429,0,49,0,322,0,0,-1,-1,-1,-1,-1,1,0,-1,-1,-1,0,36,8,-1024,0,36,0,0,0,0,0,0,0,298,0,0,0,0,0,0,0,0,0,0,0,0,0,0,0,0,0,0,0,0,0,0,0,0,0,0,0,0,0,0,0,0,0,0,0,0,0,0,0,0,0,0,0,0,0,0,0,0,0,0,0,
2026-05-29,09:16:52.910,8.27,100,100,0,-0.133,5.99,25,0.988,97,0,-0.032,100,100,-2.50,-6.83,0.00,0,55.415700 12.873600,-1,2026-05-29 09:16:50,0,0,-1024,0,-430,0,49,0,322,0,0,-1,-1,-1,-1,-1,1,0,-1,-1,-1,0,36,8,-1024,0,36,0,0,0,0,0,0,0,297,0,0,0,0,0,0,0,0,0,0,0,0,0,0,0,0,0,0,0,0,0,0,0,0,0,0,0,0,0,0,0,0,0,0,0,0,0,0,0,0,0,0,0,0,0,0,0,0,0,0,0,
2026-05-29,09:16:53.030,8.27,100,100,0,-0.134,5.97,25,0.992,98,0,-0.031,100,100,-2.46,-6.90,0.00,0,55.415700 12.873600,-1,2026-05-29 09:16:51,0,0,-1024,0,-429,0,49,0,322,0,0,-1,-1,-1,-1,-1,1,0,-1,-1,-1,0,36,8,-1024,0,36,0,0,0,0,0,0,0,298,0,0,0,0,0,0,0,0,0,0,0,0,0,0,0,0,0,0,0,0,0,0,0,0,0,0,0,0,0,0,0,0,0,0,0,0,0,0,0,0,0,0,0,0,0,0,0,0,0,0,0,
2026-05-29,09:16:53.140,8.27,100,100,0,-0.134,5.95,25,0.992,98,0,-0.031,100,100,-2.46,-6.90,0.00,0,55.415700 12.873600,-1,2026-05-29 09:16:51,0,0,-1024,0,-429,1,49,0,322,0,0,-1,-1,-1,-1,-1,1,0,-1,-1,-1,0,36,8,-1024,0,36,0,0,0,0,0,0,0,297,0,0,0,0,0,0,0,0,0,0,0,0,0,0,0,0,0,0,0,0,0,0,0,0,0,0,0,0,0,0,0,0,0,0,0,0,0,0,0,0,0,0,0,0,0,0,0,0,0,0,0,
2026-05-29,09:16:53.260,8.27,100,100,0,-0.134,5.94,25,0.994,98,0,-0.030,100,100,-2.43,-6.98,0.00,0,55.415700 12.873600,-1,2026-05-29 09:16:51,0,0,-1024,0,-430,0,50,0,321,0,0,-1,-1,-1,-1,-1,1,0,-1,-1,-1,0,36,8,-1024,0,36,0,0,0,0,0,0,0,298,0,0,0,0,0,0,0,0,0,0,0,0,0,0,0,0,0,0,0,0,0,0,0,0,0,0,0,0,0,0,0,0,0,0,0,0,0,0,0,0,0,0,0,0,0,0,0,0,0,0,0,
2026-05-29,09:16:53.370,8.27,100,100,0,-0.133,5.95,25,0.993,98,0,-0.030,100,100,-2.43,-6.98,0.00,0,55.415700 12.873600,-1,2026-05-29 09:16:51,0,0,-1024,0,-430,1,50,0,322,0,0,-1,-1,-1,-1,-1,1,0,-1,-1,-1,0,36,8,-1024,0,36,0,0,0,0,0,0,0,298,0,0,0,0,0,0,0,0,0,0,0,0,0,0,0,0,0,0,0,0,0,0,0,0,0,0,0,0,0,0,0,0,0,0,0,0,0,0,0,0,0,0,0,0,0,0,0,0,0,0,0,
2026-05-29,09:16:53.490,8.27,100,100,0,-0.133,5.97,25,0.993,98,0,-0.030,100,100,-2.40,-7.04,0.00,0,55.415700 12.873600,-1,2026-05-29 09:16:51,0,0,-1024,0,-429,0,50,0,322,0,0,-1,-1,-1,-1,-1,1,0,-1,-1,-1,0,36,8,-1024,0,36,0,0,0,0,0,0,0,297,0,0,0,0,0,0,0,0,0,0,0,0,0,0,0,0,0,0,0,0,0,0,0,0,0,0,0,0,0,0,0,0,0,0,0,0,0,0,0,0,0,0,0,0,0,0,0,0,0,0,0,
2026-05-29,09:16:53.600,8.27,100,100,0,-0.133,5.98,25,0.994,98,0,-0.031,100,100,-2.37,-7.11,0.00,0,55.415700 12.873600,-1,2026-05-29 09:16:51,0,0,-1024,0,-429,0,50,0,322,0,0,-1,-1,-1,-1,-1,1,0,-1,-1,-1,0,36,8,-1024,0,36,0,0,0,0,0,0,0,298,0,0,0,0,0,0,0,0,0,0,0,0,0,0,0,0,0,0,0,0,0,0,0,0,0,0,0,0,0,0,0,0,0,0,0,0,0,0,0,0,0,0,0,0,0,0,0,0,0,0,0,
2026-05-29,09:16:53.710,8.27,100,100,0,-0.135,5.99,25,0.989,99,0,-0.030,100,100,-2.34,-7.16,0.00,0,55.415700 12.873600,-1,2026-05-29 09:16:51,0,0,-1024,0,-429,5,48,0,322,0,0,-1,-1,-1,-1,-1,-1,0,-1,-1,-1,0,36,8,-1024,0,36,0,0,0,0,0,0,0,298,0,0,0,0,0,0,0,0,0,0,0,0,0,0,0,0,0,0,0,0,0,0,0,0,0,0,0,0,0,0,0,0,0,0,0,0,0,0,0,0,0,0,0,0,0,0,0,0,0,0,0,
2026-05-29,09:16:53.830,8.27,100,100,0,-0.135,5.99,25,0.989,99,0,-0.030,100,100,-2.34,-7.16,0.00,0,55.415700 12.873600,-1,2026-05-29 09:16:51,0,0,-1024,0,-429,0,49,0,322,0,0,-1,-1,-1,-1,-1,-1,0,-1,-1,-1,0,36,8,-1024,0,36,0,0,0,0,0,0,0,298,0,0,0,0,0,0,0,0,0,0,0,0,0,0,0,0,0,0,0,0,0,0,0,0,0,0,0,0,0,0,0,0,0,0,0,0,0,0,0,0,0,0,0,0,0,0,0,0,0,0,0,
2026-05-29,09:16:53.940,8.27,100,100,0,-0.133,5.99,25,0.992,99,0,-0.032,100,100,-2.32,-7.21,0.00,0,55.415700 12.873600,-1,2026-05-29 09:16:51,0,0,-1024,0,-429,0,50,0,321,0,0,-1,-1,-1,-1,-1,-1,0,-1,-1,-1,0,36,8,-1024,0,36,0,0,0,0,0,0,0,298,0,0,0,0,0,0,0,0,0,0,0,0,0,0,0,0,0,0,0,0,0,0,0,0,0,0,0,0,0,0,0,0,0,0,0,0,0,0,0,0,0,0,0,0,0,0,0,0,0,0,0,
2026-05-29,09:16:54.060,8.27,100,100,0,-0.134,5.99,25,0.997,99,0,-0.029,100,100,-2.29,-7.26,0.00,0,55.415700 12.873600,-1,2026-05-29 09:16:52,0,0,-1024,0,-429,0,49,0,322,0,0,-1,-1,-1,-1,-1,-1,0,-1,-1,-1,0,36,8,-1024,0,36,0,0,0,0,0,0,0,298,0,0,0,0,0,0,0,0,0,0,0,0,0,0,0,0,0,0,0,0,0,0,0,0,0,0,0,0,0,0,0,0,0,0,0,0,0,0,0,0,0,0,0,0,0,0,0,0,0,0,0,
2026-05-29,09:16:54.170,8.28,100,100,0,-0.134,6.00,25,0.997,100,0,-0.029,100,100,-2.29,-7.26,0.00,0,55.415700 12.873600,-1,2026-05-29 09:16:52,0,0,-1024,0,-430,0,49,0,322,0,0,-1,-1,-1,-1,-1,-1,0,-1,-1,-1,0,36,8,-1024,0,36,0,0,0,0,0,0,0,297,0,0,0,0,0,0,0,0,0,0,0,0,0,0,0,0,0,0,0,0,0,0,0,0,0,0,0,0,0,0,0,0,0,0,0,0,0,0,0,0,0,0,0,0,0,0,0,0,0,0,0,
2026-05-29,09:16:54.290,8.27,100,100,0,-0.133,6.00,25,0.996,100,0,-0.030,100,100,-2.26,-7.30,0.00,0,55.415700 12.873600,-1,2026-05-29 09:16:52,0,0,-1024,0,-430,1,49,0,322,0,0,-1,-1,-1,-1,-1,-1,0,-1,-1,-1,0,36,8,-1024,0,36,0,0,0,0,0,0,0,297,0,0,0,0,0,0,0,0,0,0,0,0,0,0,0,0,0,0,0,0,0,0,0,0,0,0,0,0,0,0,0,0,0,0,0,0,0,0,0,0,0,0,0,0,0,0,0,0,0,0,0,
2026-05-29,09:16:54.430,8.27,100,100,0,-0.134,6.00,25,0.993,96,0,-0.031,100,100,-2.25,-7.34,0.00,0,55.415700 12.873600,-1,2026-05-29 09:16:52,0,0,-1024,0,-429,0,50,0,322,0,0,-1,-1,-1,-1,-1,-1,0,-1,-1,-1,0,36,8,-1024,0,36,0,0,0,0,0,0,0,298,0,0,0,0,0,0,0,0,0,0,0,0,0,0,0,0,0,0,0,0,0,0,0,0,0,0,0,0,0,0,0,0,0,0,0,0,0,0,0,0,0,0,0,0,0,0,0,0,0,0,0,
2026-05-29,09:16:54.550,8.27,100,100,0,-0.133,6.00,25,0.991,97,0,-0.031,100,100,-2.25,-7.34,0.00,0,55.415700 12.873600,-1,2026-05-29 09:16:52,0,0,-1024,0,-429,0,49,0,322,0,0,-1,-1,-1,-1,-1,-1,0,-1,-1,-1,0,36,8,-1024,0,36,0,0,0,0,0,0,0,298,0,0,0,0,0,0,0,0,0,0,0,0,0,0,0,0,0,0,0,0,0,0,0,0,0,0,0,0,0,0,0,0,0,0,0,0,0,0,0,0,0,0,0,0,0,0,0,0,0,0,0,
2026-05-29,09:16:54.660,8.27,100,100,0,-0.133,5.97,25,0.991,97,0,-0.031,100,100,-2.23,-7.38,0.00,0,55.415700 12.873600,-1,2026-05-29 09:16:52,0,0,-1024,0,-430,0,50,0,321,0,0,-1,-1,-1,-1,-1,-1,0,-1,-1,-1,0,36,8,-1024,0,36,0,0,0,0,0,0,0,297,0,0,0,0,0,0,0,0,0,0,0,0,0,0,0,0,0,0,0,0,0,0,0,0,0,0,0,0,0,0,0,0,0,0,0,0,0,0,0,0,0,0,0,0,0,0,0,0,0,0,0,
2026-05-29,09:16:54.770,8.27,100,100,0,-0.134,5.96,25,0.989,98,0,-0.030,100,100,-2.22,-7.41,0.00,0,55.415700 12.873600,-1,2026-05-29 09:16:52,0,0,-1024,0,-430,0,49,0,322,0,0,-1,-1,-1,-1,-1,-1,0,-1,-1,-1,0,36,8,-1024,0,36,0,0,0,0,0,0,0,297,0,0,0,0,0,0,0,0,0,0,0,0,0,0,0,0,0,0,0,0,0,0,0,0,0,0,0,0,0,0,0,0,0,0,0,0,0,0,0,0,0,0,0,0,0,0,0,0,0,0,0,
2026-05-29,09:16:54.880,8.27,100,100,0,-0.133,5.97,25,0.989,99,0,-0.030,100,100,-2.22,-7.41,0.00,0,55.415700 12.873600,-1,2026-05-29 09:16:52,0,0,-1024,0,-429,2,49,0,322,0,0,-1,-1,-1,-1,-1,-1,0,-1,-1,-1,0,36,8,-1024,0,36,0,0,0,0,0,0,0,298,0,0,0,0,0,0,0,0,0,0,0,0,0,0,0,0,0,0,0,0,0,0,0,0,0,0,0,0,0,0,0,0,0,0,0,0,0,0,0,0,0,0,0,0,0,0,0,0,0,0,0,
2026-05-29,09:16:55.000,8.27,100,100,0,-0.133,5.95,25,0.992,99,0,-0.030,100,100,-2.20,-7.44,0.00,1,55.415700 12.873600,-2,2026-05-29 09:16:53,0,0,-1024,0,-430,3,51,0,321,0,0,-1,-1,-1,-1,-1,-1,0,-1,-1,-1,0,36,8,-1024,0,36,0,0,0,0,0,0,0,298,0,0,0,0,0,0,0,0,0,0,0,0,0,0,0,0,0,0,0,0,0,0,0,0,0,0,0,0,0,0,0,0,0,0,0,0,0,0,0,0,0,0,0,0,0,0,0,0,0,0,0,
2026-05-29,09:16:55.120,8.27,100,100,0,-0.133,5.96,25,0.994,99,0,-0.029,100,100,-2.18,-7.47,0.00,1,55.415700 12.873600,-2,2026-05-29 09:16:53,0,0,-1024,0,-429,0,50,0,322,0,0,-1,-1,-1,-1,-1,-1,0,-1,-1,-1,0,36,8,-1024,0,36,0,0,0,0,0,0,0,298,0,0,0,0,0,0,0,0,0,0,0,0,0,0,0,0,0,0,0,0,0,0,0,0,0,0,0,0,0,0,0,0,0,0,0,0,0,0,0,0,0,0,0,0,0,0,0,0,0,0,0,
2026-05-29,09:16:55.240,8.27,100,100,0,-0.133,5.95,25,0.990,99,0,-0.030,100,100,-2.16,-7.49,0.00,1,55.415700 12.873600,-2,2026-05-29 09:16:53,0,0,-1024,0,-430,1,50,0,322,0,0,-1,-1,-1,-1,-1,-1,0,-1,-1,-1,0,36,8,-1024,0,36,0,0,0,0,0,0,0,298,0,0,0,0,0,0,0,0,0,0,0,0,0,0,0,0,0,0,0,0,0,0,0,0,0,0,0,0,0,0,0,0,0,0,0,0,0,0,0,0,0,0,0,0,0,0,0,0,0,0,0,
2026-05-29,09:16:55.350,8.27,100,100,0,-0.133,5.96,25,0.990,100,0,-0.030,100,100,-2.16,-7.49,0.00,1,55.415700 12.873600,-2,2026-05-29 09:16:53,0,0,-1024,0,-429,0,50,0,322,0,0,-1,-1,-1,-1,-1,-1,0,-1,-1,-1,0,36,8,-1024,0,36,0,0,0,0,0,0,0,298,0,0,0,0,0,0,0,0,0,0,0,0,0,0,0,0,0,0,0,0,0,0,0,0,0,0,0,0,0,0,0,0,0,0,0,0,0,0,0,0,0,0,0,0,0,0,0,0,0,0,0,
2026-05-29,09:16:55.470,8.27,100,100,0,-0.133,5.95,25,0.992,100,0,-0.032,100,100,-2.15,-7.52,0.00,0,55.415700 12.873600,-2,2026-05-29 09:16:53,0,0,-1024,0,-429,1,50,0,322,0,0,-1,-1,-1,-1,-1,-1,0,-1,-1,-1,0,36,8,-1024,0,36,0,0,0,0,0,0,0,298,0,0,0,0,0,0,0,0,0,0,0,0,0,0,0,0,0,0,0,0,0,0,0,0,0,0,0,0,0,0,0,0,0,0,0,0,0,0,0,0,0,0,0,0,0,0,0,0,0,0,0,
2026-05-29,09:16:55.590,8.27,100,100,0,-0.134,5.97,25,0.995,100,0,-0.030,100,100,-2.14,-7.54,0.00,0,55.415700 12.873600,-2,2026-05-29 09:16:53,0,0,-1024,0,-430,0,49,0,321,0,0,-1,-1,-1,-1,-1,-1,0,-1,-1,-1,0,36,8,-1024,0,36,0,0,0,0,0,0,0,297,0,0,0,0,0,0,0,0,0,0,0,0,0,0,0,0,0,0,0,0,0,0,0,0,0,0,0,0,0,0,0,0,0,0,0,0,0,0,0,0,0,0,0,0,0,0,0,0,0,0,0,
2026-05-29,09:16:55.700,8.27,100,100,0,-0.134,5.97,25,0.995,100,0,-0.030,100,100,-2.14,-7.54,0.00,0,55.415700 12.873600,-2,2026-05-29 09:16:53,0,0,-1024,0,-430,0,50,0,322,0,0,-1,-1,-1,-1,-1,-1,0,-1,-1,-1,0,36,8,-1024,0,36,0,0,0,0,0,0,0,298,0,0,0,0,0,0,0,0,0,0,0,0,0,0,0,0,0,0,0,0,0,0,0,0,0,0,0,0,0,0,0,0,0,0,0,0,0,0,0,0,0,0,0,0,0,0,0,0,0,0,0,
2026-05-29,09:16:55.810,8.27,100,100,0,-0.133,5.98,25,0.989,99,0,-0.030,100,100,-2.13,-7.56,0.00,0,55.415700 12.873600,-2,2026-05-29 09:16:53,0,0,-1024,0,-430,0,51,0,322,0,0,-1,-1,-1,-1,-1,-1,0,-1,-1,-1,0,36,8,-1024,0,36,0,0,0,0,0,0,0,297,0,0,0,0,0,0,0,0,0,0,0,0,0,0,0,0,0,0,0,0,0,0,0,0,0,0,0,0,0,0,0,0,0,0,0,0,0,0,0,0,0,0,0,0,0,0,0,0,0,0,0,
2026-05-29,09:16:55.920,8.27,100,100,0,-0.134,5.99,25,0.997,99,0,-0.030,100,100,-2.12,-7.58,0.00,0,55.415700 12.873600,-2,2026-05-29 09:16:53,0,0,-1024,0,-430,1,49,0,321,0,0,-1,-1,-1,-1,-1,-1,0,-1,-1,-1,0,36,8,-1024,0,36,0,0,0,0,0,0,0,297,0,0,0,0,0,0,0,0,0,0,0,0,0,0,0,0,0,0,0,0,0,0,0,0,0,0,0,0,0,0,0,0,0,0,0,0,0,0,0,0,0,0,0,0,0,0,0,0,0,0,0,
2026-05-29,09:16:56.040,8.27,100,100,0,-0.134,5.96,25,0.997,99,0,-0.030,100,100,-2.12,-7.58,0.00,0,55.415700 12.873600,-2,2026-05-29 09:16:54,0,0,-1024,0,-430,0,49,0,322,0,0,-1,-1,-1,-1,-1,-1,0,-1,-1,-1,0,36,8,-1024,0,36,0,0,0,0,0,0,0,297,0,0,0,0,0,0,0,0,0,0,0,0,0,0,0,0,0,0,0,0,0,0,0,0,0,0,0,0,0,0,0,0,0,0,0,0,0,0,0,0,0,0,0,0,0,0,0,0,0,0,0,
2026-05-29,09:16:56.160,8.27,100,100,0,-0.137,5.98,25,0.996,98,0,-0.031,100,100,-2.12,-7.59,0.00,0,55.415700 12.873600,-2,2026-05-29 09:16:54,0,0,-1024,0,-429,0,49,0,322,0,0,-1,-1,-1,-1,-1,-1,0,-1,-1,-1,0,36,8,-1024,0,36,0,0,0,0,0,0,0,298,0,0,0,0,0,0,0,0,0,0,0,0,0,0,0,0,0,0,0,0,0,0,0,0,0,0,0,0,0,0,0,0,0,0,0,0,0,0,0,0,0,0,0,0,0,0,0,0,0,0,0,
2026-05-29,09:16:56.270,8.27,100,100,0,-0.133,5.99,25,0.993,98,0,-0.031,100,100,-2.11,-7.61,0.00,0,55.415700 12.873600,-2,2026-05-29 09:16:54,0,0,-1024,0,-429,0,50,0,322,0,0,-1,-1,-1,-1,-1,-1,0,-1,-1,-1,0,36,8,-1024,0,36,0,0,0,0,0,0,0,298,0,0,0,0,0,0,0,0,0,0,0,0,0,0,0,0,0,0,0,0,0,0,0,0,0,0,0,0,0,0,0,0,0,0,0,0,0,0,0,0,0,0,0,0,0,0,0,0,0,0,0,
2026-05-29,09:16:56.390,8.27,100,100,0,-0.133,5.99,25,0.993,98,0,-0.031,100,100,-2.11,-7.61,0.00,1,55.415700 12.873600,-2,2026-05-29 09:16:54,0,0,-1024,0,-430,3,50,0,322,0,0,-1,-1,-1,-1,-1,-1,0,-1,-1,-1,0,36,8,-1024,0,36,0,0,0,0,0,0,0,297,0,0,0,0,0,0,0,0,0,0,0,0,0,0,0,0,0,0,0,0,0,0,0,0,0,0,0,0,0,0,0,0,0,0,0,0,0,0,0,0,0,0,0,0,0,0,0,0,0,0,0,
2026-05-29,09:16:56.510,8.27,100,100,0,-0.133,5.99,25,0.998,99,0,-0.031,100,100,-2.10,-7.62,0.00,1,55.415700 12.873600,-2,2026-05-29 09:16:54,0,0,-1024,0,-430,2,49,0,321,0,0,-1,-1,-1,-1,-1,-1,0,-1,-1,-1,0,36,8,-1024,0,36,0,0,0,0,0,0,0,297,0,0,0,0,0,0,0,0,0,0,0,0,0,0,0,0,0,0,0,0,0,0,0,0,0,0,0,0,0,0,0,0,0,0,0,0,0,0,0,0,0,0,0,0,0,0,0,0,0,0,0,
2026-05-29,09:16:56.620,8.27,100,100,0,-0.173,5.99,25,0.990,99,0,-0.025,100,100,-2.10,-7.64,0.00,1,55.415700 12.873600,-2,2026-05-29 09:16:54,0,0,-1024,0,-430,2,50,0,322,0,0,-1,-1,-1,-1,-1,-1,0,-1,-1,-1,0,36,8,-1024,0,36,0,0,0,0,0,0,0,297,0,0,0,0,0,0,0,0,0,0,0,0,0,0,0,0,0,0,0,0,0,0,0,0,0,0,0,0,0,0,0,0,0,0,0,0,0,0,0,0,0,0,0,0,0,0,0,0,0,0,0,
2026-05-29,09:16:56.740,8.27,100,100,0,-0.183,5.98,25,0.986,99,0,-0.046,100,100,-2.10,-7.64,0.00,1,55.415700 12.873600,-2,2026-05-29 09:16:54,0,0,-1024,0,-430,0,49,0,322,0,0,-1,-1,-1,-1,-1,-1,0,-1,-1,-1,0,36,8,-1024,0,36,0,0,0,0,0,0,0,297,0,0,0,0,0,0,0,0,0,0,0,0,0,0,0,0,0,0,0,0,0,0,0,0,0,0,0,0,0,0,0,0,0,0,0,0,0,0,0,0,0,0,0,0,0,0,0,0,0,0,0,
2026-05-29,09:16:56.850,8.27,100,100,0,-0.183,5.98,25,0.986,100,0,-0.046,100,100,-2.03,-7.47,0.00,1,55.415700 12.873600,-2,2026-05-29 09:16:54,0,0,-1024,0,-429,1,50,0,322,0,0,-1,-1,-1,-1,-1,-1,0,-1,-1,-1,0,36,8,-1024,0,36,0,0,0,0,0,0,0,297,0,0,0,0,0,0,0,0,0,0,0,0,0,0,0,0,0,0,0,0,0,0,0,0,0,0,0,0,0,0,0,0,0,0,0,0,0,0,0,0,0,0,0,0,0,0,0,0,0,0,0,
2026-05-29,09:16:56.960,8.27,100,100,0,-0.114,5.99,25,0.991,99,0,-0.026,100,100,-1.97,-7.28,0.00,0,55.415700 12.873600,-2,2026-05-29 09:16:54,0,0,-1024,0,-430,0,49,0,322,0,0,-1,-1,-1,-1,-1,-1,0,-1,-1,-1,0,36,8,-1024,0,36,0,0,0,0,0,0,0,297,0,0,0,0,0,0,0,0,0,0,0,0,0,0,0,0,0,0,0,0,0,0,0,0,0,0,0,0,0,0,0,0,0,0,0,0,0,0,0,0,0,0,0,0,0,0,0,0,0,0,0,
2026-05-29,09:16:57.080,8.27,100,100,0,0.008,5.97,25,0.991,98,0,0.057,100,100,-1.97,-7.28,0.00,0,55.415700 12.873600,-2,2026-05-29 09:16:55,0,0,-1024,0,-429,1,49,0,322,0,0,-1,-1,-1,-1,-1,-1,0,-1,-1,-1,0,36,8,-1024,0,36,0,0,0,0,0,0,0,298,0,0,0,0,0,0,0,0,0,0,0,0,0,0,0,0,0,0,0,0,0,0,0,0,0,0,0,0,0,0,0,0,0,0,0,0,0,0,0,0,0,0,0,0,0,0,0,0,0,0,0,
2026-05-29,09:16:57.200,8.27,100,100,0,0.008,5.95,25,0.973,98,0,0.057,100,100,-1.77,-6.54,0.00,0,55.415700 12.873600,-2,2026-05-29 09:16:55,0,0,-1024,0,-430,0,49,0,322,0,0,-1,-1,-1,-1,-1,-1,0,-1,-1,-1,0,36,8,-1024,0,36,0,0,0,0,0,0,0,297,0,0,0,0,0,0,0,0,0,0,0,0,0,0,0,0,0,0,0,0,0,0,0,0,0,0,0,0,0,0,0,0,0,0,0,0,0,0,0,0,0,0,0,0,0,0,0,0,0,0,0,
2026-05-29,09:16:57.310,8.27,100,100,0,-0.218,5.96,25,1.147,98,0,-0.126,100,100,-1.04,-6.38,0.00,0,55.415700 12.873600,-2,2026-05-29 09:16:55,0,0,-1024,0,-430,0,49,0,322,0,0,-1,-1,-1,-1,-1,-1,0,-1,-1,-1,0,36,8,-1024,0,36,0,0,0,0,0,0,0,297,0,0,0,0,0,0,0,0,0,0,0,0,0,0,0,0,0,0,0,0,0,0,0,0,0,0,0,0,0,0,0,0,0,0,0,0,0,0,0,0,0,0,0,0,0,0,0,0,0,0,0,
2026-05-29,09:16:57.430,8.27,100,100,0,-0.231,5.93,25,1.025,98,0,-0.010,100,100,-1.60,-6.62,0.00,1,55.415700 12.873600,-2,2026-05-29 09:16:55,0,0,-1024,0,-430,0,50,0,321,0,0,-1,-1,-1,-1,-1,-1,0,-1,-1,-1,0,36,8,-1024,0,36,0,0,0,0,0,0,0,297,0,0,0,0,0,0,0,0,0,0,0,0,0,0,0,0,0,0,0,0,0,0,0,0,0,0,0,0,0,0,0,0,0,0,0,0,0,0,0,0,0,0,0,0,0,0,0,0,0,0,0,
2026-05-29,09:16:57.570,8.27,100,100,0,-0.231,5.95,25,1.025,96,0,-0.010,100,100,-1.60,-6.62,0.00,1,55.415700 12.873600,-2,2026-05-29 09:16:55,0,0,-1024,0,-430,0,50,0,322,0,0,-1,-1,-1,-1,-1,-1,0,-1,-1,-1,0,36,8,-1024,0,36,0,0,0,0,0,0,0,297,0,0,0,0,0,0,0,0,0,0,0,0,0,0,0,0,0,0,0,0,0,0,0,0,0,0,0,0,0,0,0,0,0,0,0,0,0,0,0,0,0,0,0,0,0,0,0,0,0,0,0,
2026-05-29,09:16:57.680,8.27,100,100,0,-0.110,5.96,25,0.998,96,0,-0.023,100,100,-1.96,-6.82,0.00,1,55.415700 12.873600,-2,2026-05-29 09:16:55,0,0,-1024,0,-429,0,49,0,321,0,0,-1,-1,-1,-1,-1,-1,0,-1,-1,-1,0,36,8,-1024,0,36,0,0,0,0,0,0,0,298,0,0,0,0,0,0,0,0,0,0,0,0,0,0,0,0,0,0,0,0,0,0,0,0,0,0,0,0,0,0,0,0,0,0,0,0,0,0,0,0,0,0,0,0,0,0,0,0,0,0,0,
2026-05-29,09:16:57.800,8.27,100,100,0,-0.132,5.97,25,0.977,96,0,-0.030,100,100,-1.71,-6.35,0.00,1,55.415700 12.873600,-2,2026-05-29 09:16:55,0,0,-1024,0,-429,0,50,0,322,0,0,-1,-1,-1,-1,-1,-1,0,-1,-1,-1,0,36,8,-1024,0,36,0,0,0,0,0,0,0,298,0,0,0,0,0,0,0,0,0,0,0,0,0,0,0,0,0,0,0,0,0,0,0,0,0,0,0,0,0,0,0,0,0,0,0,0,0,0,0,0,0,0,0,0,0,0,0,0,0,0,0,
2026-05-29,09:16:57.910,8.27,100,100,0,-0.422,5.96,25,0.977,95,0,-0.030,100,100,-1.71,-6.35,0.00,1,55.415700 12.873600,-2,2026-05-29 09:16:55,0,0,-1024,0,-430,0,50,0,322,0,0,-1,-1,-1,-1,-1,-1,0,-1,-1,-1,0,36,8,-1024,0,36,0,0,0,0,0,0,0,297,0,0,0,0,0,0,0,0,0,0,0,0,0,0,0,0,0,0,0,0,0,0,0,0,0,0,0,0,0,0,0,0,0,0,0,0,0,0,0,0,0,0,0,0,0,0,0,0,0,0,0,
2026-05-29,09:16:58.020,8.27,100,100,0,-0.422,5.97,25,0.883,94,0,-0.044,100,100,-2.27,-6.83,0.00,2,55.415700 12.873600,-2,2026-05-29 09:16:56,0,0,-1024,0,-430,0,50,0,322,0,0,-1,-1,-1,-1,-1,-1,0,-1,-1,-1,0,36,8,-1024,0,36,0,0,0,0,0,0,0,297,0,0,0,0,0,0,0,0,0,0,0,0,0,0,0,0,0,0,0,0,0,0,0,0,0,0,0,0,0,0,0,0,0,0,0,0,0,0,0,0,0,0,0,0,0,0,0,0,0,0,0,
2026-05-29,09:16:58.160,8.27,100,100,0,0.098,5.98,25,1.050,96,0,-0.010,100,100,-2.55,-7.35,0.00,2,55.415700 12.873600,-2,2026-05-29 09:16:56,0,0,-1024,0,-429,1,50,0,322,0,0,-1,-1,-1,-1,-1,-1,0,-1,-1,-1,0,36,8,-1024,0,36,0,0,0,0,0,0,0,298,0,0,0,0,0,0,0,0,0,0,0,0,0,0,0,0,0,0,0,0,0,0,0,0,0,0,0,0,0,0,0,0,0,0,0,0,0,0,0,0,0,0,0,0,0,0,0,0,0,0,0,
2026-05-29,09:16:58.280,8.27,100,100,0,0.007,5.99,25,0.953,97,0,-0.071,100,100,-2.69,-6.98,0.00,2,55.415700 12.873600,-2,2026-05-29 09:16:56,0,0,-1024,0,-429,2,49,0,322,0,0,-1,-1,-1,-1,-1,-1,0,-1,-1,-1,0,36,8,-1024,0,36,0,0,0,0,0,0,0,298,0,0,0,0,0,0,0,0,0,0,0,0,0,0,0,0,0,0,0,0,0,0,0,0,0,0,0,0,0,0,0,0,0,0,0,0,0,0,0,0,0,0,0,0,0,0,0,0,0,0,0,
2026-05-29,09:16:58.390,8.27,100,100,0,0.007,5.96,25,0.953,97,0,-0.071,100,100,-2.69,-6.98,0.00,1,55.415700 12.873600,-2,2026-05-29 09:16:56,0,0,-1024,0,-430,4,50,0,321,0,0,-1,-1,-1,-1,-1,-1,0,-1,-1,-1,0,36,8,-1024,0,36,0,0,0,0,0,0,0,297,0,0,0,0,0,0,0,0,0,0,0,0,0,0,0,0,0,0,0,0,0,0,0,0,0,0,0,0,0,0,0,0,0,0,0,0,0,0,0,0,0,0,0,0,0,0,0,0,0,0,0,
2026-05-29,09:16:58.510,8.27,100,100,0,0.008,5.96,25,1.047,97,0,0.177,100,100,-1.76,-5.81,0.00,1,55.415700 12.873600,-2,2026-05-29 09:16:56,0,0,-1024,0,-429,1,49,0,322,0,0,-1,-1,-1,-1,-1,-1,0,-1,-1,-1,0,36,8,-1024,0,36,0,0,0,0,0,0,0,298,0,0,0,0,0,0,0,0,0,0,0,0,0,0,0,0,0,0,0,0,0,0,0,0,0,0,0,0,0,0,0,0,0,0,0,0,0,0,0,0,0,0,0,0,0,0,0,0,0,0,0,
2026-05-29,09:16:58.630,8.27,100,100,0,-0.156,5.94,25,0.947,97,0,-0.342,100,100,-1.48,-4.77,0.00,1,55.415700 12.873600,-2,2026-05-29 09:16:56,0,0,-1024,0,-429,0,49,0,322,0,0,-1,-1,-1,-1,-1,-1,0,-1,-1,-1,0,36,8,-1024,0,36,0,0,0,0,0,0,0,298,0,0,0,0,0,0,0,0,0,0,0,0,0,0,0,0,0,0,0,0,0,0,0,0,0,0,0,0,0,0,0,0,0,0,0,0,0,0,0,0,0,0,0,0,0,0,0,0,0,0,0,
2026-05-29,09:16:58.760,8.27,100,100,0,-0.156,5.93,25,0.947,98,0,-0.342,100,100,-1.48,-4.77,0.00,1,55.415700 12.873600,-2,2026-05-29 09:16:56,0,0,-1024,0,-430,0,50,0,321,0,0,-1,-1,-1,-1,-1,-1,0,-1,-1,-1,0,36,8,-1024,0,36,0,0,0,0,0,0,0,297,0,0,0,0,0,0,0,0,0,0,0,0,0,0,0,0,0,0,0,0,0,0,0,0,0,0,0,0,0,0,0,0,0,0,0,0,0,0,0,0,0,0,0,0,0,0,0,0,0,0,0,
2026-05-29,09:16:58.870,8.27,100,100,0,-0.218,5.92,25,0.990,99,0,-0.060,100,100,-0.95,-5.83,0.00,1,55.415800 12.873600,-2,2026-05-29 09:16:56,0,0,-1024,0,-429,0,49,0,322,0,0,-1,-1,-1,-1,-1,-1,0,-1,-1,-1,0,36,8,-1024,0,36,0,0,0,0,0,0,0,298,0,0,0,0,0,0,0,0,0,0,0,0,0,0,0,0,0,0,0,0,0,0,0,0,0,0,0,0,0,0,0,0,0,0,0,0,0,0,0,0,0,0,0,0,0,0,0,0,0,0,0,
2026-05-29,09:16:58.990,8.27,100,100,0,-0.001,5.92,25,0.980,99,0,0.061,100,100,-1.16,-6.19,0.00,2,55.415800 12.873600,-2,2026-05-29 09:16:57,0,0,-1024,0,-430,1,50,0,322,0,0,-1,-1,-1,-1,-1,-1,0,-1,-1,-1,0,36,8,-1024,0,36,0,0,0,0,0,0,0,297,0,0,0,0,0,0,0,0,0,0,0,0,0,0,0,0,0,0,0,0,0,0,0,0,0,0,0,0,0,0,0,0,0,0,0,0,0,0,0,0,0,0,0,0,0,0,0,0,0,0,0,
2026-05-29,09:16:59.100,8.27,100,100,0,-0.075,5.94,25,0.980,99,0,0.061,100,100,-1.16,-6.19,0.00,2,55.415800 12.873600,-2,2026-05-29 09:16:57,0,0,-1024,0,-430,3,50,0,322,0,0,-1,-1,-1,-1,-1,-1,0,-1,-1,-1,0,36,8,-1024,0,36,0,0,0,0,0,0,0,297,0,0,0,0,0,0,0,0,0,0,0,0,0,0,0,0,0,0,0,0,0,0,0,0,0,0,0,0,0,0,0,0,0,0,0,0,0,0,0,0,0,0,0,0,0,0,0,0,0,0,0,
2026-05-29,09:16:59.220,8.27,100,100,0,-0.075,5.95,25,0.968,98,0,0.083,100,100,-1.28,-5.61,0.00,2,55.415800 12.873600,-2,2026-05-29 09:16:57,0,0,-1024,0,-429,1,50,0,321,0,0,-1,-1,-1,-1,-1,-1,0,-1,-1,-1,0,36,8,-1024,0,36,0,0,0,0,0,0,0,298,0,0,0,0,0,0,0,0,0,0,0,0,0,0,0,0,0,0,0,0,0,0,0,0,0,0,0,0,0,0,0,0,0,0,0,0,0,0,0,0,0,0,0,0,0,0,0,0,0,0,0,
2026-05-29,09:16:59.340,8.27,100,100,0,-0.023,5.94,25,0.921,97,0,0.012,100,100,-1.89,-5.60,0.00,2,55.415800 12.873600,-2,2026-05-29 09:16:57,0,0,-1024,0,-429,0,49,0,321,0,0,-1,-1,-1,-1,-1,-1,0,-1,-1,-1,0,36,8,-1024,0,36,0,0,0,0,0,0,0,298,0,0,0,0,0,0,0,0,0,0,0,0,0,0,0,0,0,0,0,0,0,0,0,0,0,0,0,0,0,0,0,0,0,0,0,0,0,0,0,0,0,0,0,0,0,0,0,0,0,0,0,
2026-05-29,09:16:59.450,8.27,100,100,0,-0.193,5.95,25,0.900,98,0,0.087,100,100,-1.89,-5.60,0.00,3,55.415800 12.873600,-2,2026-05-29 09:16:57,0,0,-1024,0,-429,0,49,0,322,0,0,-1,-1,-1,-1,-1,-1,0,-1,-1,-1,0,36,8,-1024,0,36,0,0,0,0,0,0,0,298,0,0,0,0,0,0,0,0,0,0,0,0,0,0,0,0,0,0,0,0,0,0,0,0,0,0,0,0,0,0,0,0,0,0,0,0,0,0,0,0,0,0,0,0,0,0,0,0,0,0,0,
2026-05-29,09:16:59.570,8.27,100,100,0,-0.193,5.97,25,0.900,98,0,0.087,100,100,-1.53,-5.46,0.00,3,55.415800 12.873600,-2,2026-05-29 09:16:57,0,0,-1024,0,-430,0,49,0,322,0,0,-1,-1,-1,-1,-1,-1,0,-1,-1,-1,0,36,8,-1024,0,36,0,0,0,0,0,0,0,298,0,0,0,0,0,0,0,0,0,0,0,0,0,0,0,0,0,0,0,0,0,0,0,0,0,0,0,0,0,0,0,0,0,0,0,0,0,0,0,0,0,0,0,0,0,0,0,0,0,0,0,
2026-05-29,09:16:59.690,8.26,100,100,0,-0.239,5.96,25,1.134,99,0,-0.036,100,100,-0.98,-6.24,0.00,3,55.415800 12.873600,-2,2026-05-29 09:16:57,0,0,-1024,0,-429,0,50,0,322,0,0,-1,-1,-1,-1,-1,-1,0,-1,-1,-1,0,36,8,-1024,0,36,0,0,0,0,0,0,0,298,0,0,0,0,0,0,0,0,0,0,0,0,0,0,0,0,0,0,0,0,0,0,0,0,0,0,0,0,0,0,0,0,0,0,0,0,0,0,0,0,0,0,0,0,0,0,0,0,0,0,0,
2026-05-29,09:16:59.800,8.27,100,100,0,0.113,5.97,25,0.820,99,0,0.009,100,100,-1.44,-6.10,0.00,3,55.415800 12.873600,-2,2026-05-29 09:16:57,0,0,-1024,0,-429,1,51,0,322,0,0,-1,-1,-1,-1,-1,-1,0,-1,-1,-1,0,36,8,-1024,0,36,0,0,0,0,0,0,0,298,0,0,0,0,0,0,0,0,0,0,0,0,0,0,0,0,0,0,0,0,0,0,0,0,0,0,0,0,0,0,0,0,0,0,0,0,0,0,0,0,0,0,0,0,0,0,0,0,0,0,0,
2026-05-29,09:16:59.910,8.26,100,100,0,0.113,5.95,25,0.820,98,0,0.009,100,100,-1.44,-6.10,0.00,3,55.415800 12.873600,-2,2026-05-29 09:16:57,0,0,-1024,0,-429,0,50,0,322,0,0,-1,-1,-1,-1,-1,-1,0,-1,-1,-1,0,36,8,-1024,0,36,0,0,0,0,0,0,0,298,0,0,0,0,0,0,0,0,0,0,0,0,0,0,0,0,0,0,0,0,0,0,0,0,0,0,0,0,0,0,0,0,0,0,0,0,0,0,0,0,0,0,0,0,0,0,0,0,0,0,0,
2026-05-29,09:17:00.030,8.26,100,100,0,0.024,5.94,25,0.907,99,0,-0.001,100,100,-1.81,-6.05,0.00,3,55.415800 12.873600,-2,2026-05-29 09:16:58,0,0,-1024,0,-429,0,50,0,321,0,0,-1,-1,-1,-1,-1,-1,0,-1,-1,-1,0,36,8,-1024,0,36,0,0,0,0,0,0,0,298,0,0,0,0,0,0,0,0,0,0,0,0,0,0,0,0,0,0,0,0,0,0,0,0,0,0,0,0,0,0,0,0,0,0,0,0,0,0,0,0,0,0,0,0,0,0,0,0,0,0,0,
2026-05-29,09:17:00.150,8.27,100,100,0,-0.025,5.93,25,0.928,97,0,-0.214,100,100,-2.46,-4.14,0.00,3,55.415800 12.873600,-2,2026-05-29 09:16:58,0,0,-1024,0,-430,0,50,0,322,0,0,-1,-1,-1,-1,-1,-1,0,-1,-1,-1,0,36,8,-1024,0,36,0,0,0,0,0,0,0,298,0,0,0,0,0,0,0,0,0,0,0,0,0,0,0,0,0,0,0,0,0,0,0,0,0,0,0,0,0,0,0,0,0,0,0,0,0,0,0,0,0,0,0,0,0,0,0,0,0,0,0,
2026-05-29,09:17:00.260,8.27,100,100,0,-0.025,5.92,25,0.928,97,0,-0.214,100,100,-2.46,-4.14,0.00,3,55.415800 12.873600,-2,2026-05-29 09:16:58,0,0,-1024,0,-430,0,50,0,322,0,0,-1,-1,-1,-1,-1,-1,0,-1,-1,-1,0,36,8,-1024,0,36,0,0,0,0,0,0,0,297,0,0,0,0,0,0,0,0,0,0,0,0,0,0,0,0,0,0,0,0,0,0,0,0,0,0,0,0,0,0,0,0,0,0,0,0,0,0,0,0,0,0,0,0,0,0,0,0,0,0,0,
2026-05-29,09:17:00.380,8.26,100,100,0,-0.177,5.96,25,0.803,98,0,0.100,100,100,-2.39,-2.34,0.00,3,55.415800 12.873600,-2,2026-05-29 09:16:58,0,0,-1024,0,-429,0,50,0,322,0,0,-1,-1,-1,-1,-1,-1,0,-1,-1,-1,0,36,8,-1024,0,36,0,0,0,0,0,0,0,298,0,0,0,0,0,0,0,0,0,0,0,0,0,0,0,0,0,0,0,0,0,0,0,0,0,0,0,0,0,0,0,0,0,0,0,0,0,0,0,0,0,0,0,0,0,0,0,0,0,0,0,
2026-05-29,09:17:00.490,8.27,100,100,0,-0.316,5.94,25,1.050,98,0,0.240,100,100,-3.13,-5.40,0.00,3,55.415800 12.873600,-2,2026-05-29 09:16:58,0,0,-1024,0,-430,1,50,0,322,0,0,-1,-1,-1,-1,-1,-1,0,-1,-1,-1,0,36,8,-1024,0,36,0,0,0,0,0,0,0,297,0,0,0,0,0,0,0,0,0,0,0,0,0,0,0,0,0,0,0,0,0,0,0,0,0,0,0,0,0,0,0,0,0,0,0,0,0,0,0,0,0,0,0,0,0,0,0,0,0,0,0,
2026-05-29,09:17:00.610,8.26,100,100,0,-0.316,5.93,25,1.050,98,0,0.240,100,100,-3.13,-5.40,0.00,3,55.415800 12.873600,-2,2026-05-29 09:16:58,0,0,-1024,0,-429,0,50,0,322,0,0,-1,-1,-1,-1,-1,-1,0,-1,-1,-1,0,36,8,-1024,0,36,0,0,0,0,0,0,0,298,0,0,0,0,0,0,0,0,0,0,0,0,0,0,0,0,0,0,0,0,0,0,0,0,0,0,0,0,0,0,0,0,0,0,0,0,0,0,0,0,0,0,0,0,0,0,0,0,0,0,0,
2026-05-29,09:17:00.730,8.27,100,100,0,-0.077,5.93,25,1.119,98,0,0.040,100,100,-2.95,-6.23,0.00,3,55.415800 12.873600,-2,2026-05-29 09:16:58,0,0,-1024,0,-430,0,50,0,322,0,0,-1,-1,-1,-1,-1,-1,0,-1,-1,-1,0,36,8,-1024,0,36,0,0,0,0,0,0,0,297,0,0,0,0,0,0,0,0,0,0,0,0,0,0,0,0,0,0,0,0,0,0,0,0,0,0,0,0,0,0,0,0,0,0,0,0,0,0,0,0,0,0,0,0,0,0,0,0,0,0,0,
2026-05-29,09:17:00.840,8.27,100,100,0,-0.196,5.94,25,0.978,98,0,-0.013,100,100,-1.72,-5.85,0.00,3,55.415800 12.873600,-2,2026-05-29 09:16:58,0,0,-1024,0,-429,0,49,0,322,0,0,-1,-1,-1,-1,-1,-1,0,-1,-1,-1,0,36,8,-1024,0,36,0,0,0,0,0,0,0,298,0,0,0,0,0,0,0,0,0,0,0,0,0,0,0,0,0,0,0,0,0,0,0,0,0,0,0,0,0,0,0,0,0,0,0,0,0,0,0,0,0,0,0,0,0,0,0,0,0,0,0,
2026-05-29,09:17:00.950,8.26,100,100,0,-0.196,5.93,25,0.978,99,0,-0.013,100,100,-1.72,-5.85,0.00,3,55.415800 12.873600,-2,2026-05-29 09:16:58,0,0,-1024,0,-430,1,50,0,321,0,0,-1,-1,-1,-1,-1,-1,0,-1,-1,-1,0,36,8,-1024,0,36,0,0,0,0,0,0,0,297,0,0,0,0,0,0,0,0,0,0,0,0,0,0,0,0,0,0,0,0,0,0,0,0,0,0,0,0,0,0,0,0,0,0,0,0,0,0,0,0,0,0,0,0,0,0,0,0,0,0,0,
2026-05-29,09:17:01.070,8.26,100,100,0,-0.179,5.94,25,1.009,99,0,-0.093,100,100,-2.16,-6.31,0.00,3,55.415800 12.873600,-2,2026-05-29 09:16:59,0,0,-1024,0,-429,0,49,0,322,0,0,-1,-1,-1,-1,-1,-1,0,-1,-1,-1,0,36,8,-1024,0,36,0,0,0,0,0,0,0,298,0,0,0,0,0,0,0,0,0,0,0,0,0,0,0,0,0,0,0,0,0,0,0,0,0,0,0,0,0,0,0,0,0,0,0,0,0,0,0,0,0,0,0,0,0,0,0,0,0,0,0,
2026-05-29,09:17:01.180,8.27,100,100,0,-0.095,5.93,25,0.774,99,0,0.084,100,100,-2.20,-7.27,0.00,3,55.415800 12.873600,-2,2026-05-29 09:16:59,0,0,-1024,0,-430,0,50,0,321,0,0,-1,-1,-1,-1,-1,-1,0,-1,-1,-1,0,36,8,-1024,0,36,0,0,0,0,0,0,0,298,0,0,0,0,0,0,0,0,0,0,0,0,0,0,0,0,0,0,0,0,0,0,0,0,0,0,0,0,0,0,0,0,0,0,0,0,0,0,0,0,0,0,0,0,0,0,0,0,0,0,0,
2026-05-29,09:17:01.300,8.27,100,99,0,-0.095,5.93,25,0.774,99,0,-0.165,100,100,-2.20,-7.27,0.00,3,55.415800 12.873600,-2,2026-05-29 09:16:59,0,0,-1024,0,-430,1,50,0,322,0,0,-1,-1,-1,-1,-1,-1,0,-1,-1,-1,0,36,8,-1024,0,36,0,0,0,0,0,0,0,297,0,0,0,0,0,0,0,0,0,0,0,0,0,0,0,0,0,0,0,0,0,0,0,0,0,0,0,0,0,0,0,0,0,0,0,0,0,0,0,0,0,0,0,0,0,0,0,0,0,0,0,
2026-05-29,09:17:01.420,8.27,100,99,0,-0.223,5.94,25,0.977,99,0,-0.165,100,100,-1.19,-8.41,0.00,2,55.415800 12.873600,-2,2026-05-29 09:16:59,0,0,-1024,0,-429,0,50,0,322,0,0,-1,-1,-1,-1,-1,-1,0,-1,-1,-1,0,36,8,-1024,0,36,0,0,0,0,0,0,0,298,0,0,0,0,0,0,0,0,0,0,0,0,0,0,0,0,0,0,0,0,0,0,0,0,0,0,0,0,0,0,0,0,0,0,0,0,0,0,0,0,0,0,0,0,0,0,0,0,0,0,0,
2026-05-29,09:17:01.530,8.27,100,100,0,-0.117,5.96,25,1.029,100,0,0.023,100,100,-1.22,-8.49,0.00,2,55.415800 12.873600,-2,2026-05-29 09:16:59,0,0,-1024,0,-430,0,50,0,322,0,0,-1,-1,-1,-1,-1,-1,0,-1,-1,-1,0,36,8,-1024,0,36,0,0,0,0,0,0,0,297,0,0,0,0,0,0,0,0,0,0,0,0,0,0,0,0,0,0,0,0,0,0,0,0,0,0,0,0,0,0,0,0,0,0,0,0,0,0,0,0,0,0,0,0,0,0,0,0,0,0,0,
2026-05-29,09:17:01.650,8.27,100,100,0,-0.021,5.94,25,0.902,100,0,-0.164,100,100,-1.22,-8.49,0.00,2,55.415800 12.873600,-2,2026-05-29 09:16:59,0,0,-1024,0,-430,0,50,0,322,0,0,-1,-1,-1,-1,-1,-1,0,-1,-1,-1,0,36,8,-1024,0,36,0,0,0,0,0,0,0,297,0,0,0,0,0,0,0,0,0,0,0,0,0,0,0,0,0,0,0,0,0,0,0,0,0,0,0,0,0,0,0,0,0,0,0,0,0,0,0,0,0,0,0,0,0,0,0,0,0,0,0,
2026-05-29,09:17:01.770,8.27,100,100,0,-0.021,5.95,25,0.902,99,0,-0.164,100,100,-1.25,-8.17,0.00,2,55.415800 12.873600,-2,2026-05-29 09:16:59,0,0,-1024,0,-430,2,51,0,322,0,0,-1,-1,-1,-1,-1,-1,0,-1,-1,-1,0,36,8,-1024,0,36,0,0,0,0,0,0,0,297,0,0,0,0,0,0,0,0,0,0,0,0,0,0,0,0,0,0,0,0,0,0,0,0,0,0,0,0,0,0,0,0,0,0,0,0,0,0,0,0,0,0,0,0,0,0,0,0,0,0,0,
2026-05-29,09:17:01.900,8.27,100,100,0,-0.152,5.96,25,1.022,98,0,-0.119,100,100,-0.49,-7.99,0.00,2,55.415800 12.873600,-2,2026-05-29 09:16:59,0,0,-1024,0,-430,0,50,0,322,0,0,-1,-1,-1,-1,-1,-1,0,-1,-1,-1,0,36,8,-1024,0,36,0,0,0,0,0,0,0,297,0,0,0,0,0,0,0,0,0,0,0,0,0,0,0,0,0,0,0,0,0,0,0,0,0,0,0,0,0,0,0,0,0,0,0,0,0,0,0,0,0,0,0,0,0,0,0,0,0,0,0,
2026-05-29,09:17:02.010,8.27,100,100,0,-0.178,5.95,25,1.078,97,0,0.061,100,100,1.16,-8.02,0.00,2,55.415800 12.873600,-2,2026-05-29 09:17:00,0,0,-1024,0,-430,0,50,0,322,0,0,-1,-1,-1,-1,-1,-1,0,-1,-1,-1,0,36,8,-1024,0,36,0,0,0,0,0,0,0,297,0,0,0,0,0,0,0,0,0,0,0,0,0,0,0,0,0,0,0,0,0,0,0,0,0,0,0,0,0,0,0,0,0,0,0,0,0,0,0,0,0,0,0,0,0,0,0,0,0,0,0,
2026-05-29,09:17:02.130,8.27,100,100,0,-0.178,5.94,25,1.078,98,0,0.061,100,100,1.16,-8.02,0.00,2,55.415800 12.873600,-2,2026-05-29 09:17:00,0,0,-1024,0,-429,0,50,0,322,0,0,-1,-1,-1,-1,-1,-1,0,-1,-1,-1,0,36,8,-1024,0,36,0,0,0,0,0,0,0,298,0,0,0,0,0,0,0,0,0,0,0,0,0,0,0,0,0,0,0,0,0,0,0,0,0,0,0,0,0,0,0,0,0,0,0,0,0,0,0,0,0,0,0,0,0,0,0,0,0,0,0,
2026-05-29,09:17:02.240,8.27,100,100,0,-0.297,5.93,25,1.144,97,0,0.041,100,100,2.56,-8.18,0.00,2,55.415800 12.873600,-2,2026-05-29 09:17:00,0,0,-1024,0,-429,1,50,0,322,0,0,-1,-1,-1,-1,-1,-1,0,-1,-1,-1,0,36,8,-1024,0,36,0,0,0,0,0,0,0,298,0,0,0,0,0,0,0,0,0,0,0,0,0,0,0,0,0,0,0,0,0,0,0,0,0,0,0,0,0,0,0,0,0,0,0,0,0,0,0,0,0,0,0,0,0,0,0,0,0,0,0,
2026-05-29,09:17:02.360,8.27,100,100,0,-0.298,5.91,25,0.956,96,0,0.143,100,100,4.87,-8.91,0.00,2,55.415800 12.873600,-2,2026-05-29 09:17:00,0,0,-1024,0,-430,1,49,0,322,0,0,-1,-1,-1,-1,-1,-1,0,-1,-1,-1,0,36,8,-1024,0,36,0,0,0,0,0,0,0,297,0,0,0,0,0,0,0,0,0,0,0,0,0,0,0,0,0,0,0,0,0,0,0,0,0,0,0,0,0,0,0,0,0,0,0,0,0,0,0,0,0,0,0,0,0,0,0,0,0,0,0,
2026-05-29,09:17:02.500,8.27,100,100,0,-0.228,5.91,25,0.908,98,0,0.268,100,100,4.87,-8.91,0.00,1,55.415800 12.873600,-2,2026-05-29 09:17:00,0,0,-1024,0,-430,3,50,0,322,0,0,-1,-1,-1,-1,-1,-1,0,-1,-1,-1,0,36,8,-1024,0,36,0,0,0,0,0,0,0,297,0,0,0,0,0,0,0,0,0,0,0,0,0,0,0,0,0,0,0,0,0,0,0,0,0,0,0,0,0,0,0,0,0,0,0,0,0,0,0,0,0,0,0,0,0,0,0,0,0,0,0,
2026-05-29,09:17:02.620,8.27,100,100,0,-0.228,5.91,25,0.908,96,0,0.268,100,100,5.76,-9.69,0.00,1,55.415800 12.873600,-2,2026-05-29 09:17:00,0,0,-1024,0,-430,1,50,0,322,0,0,-1,-1,-1,-1,-1,-1,0,-1,-1,-1,0,36,8,-1024,0,36,0,0,0,0,0,0,0,297,0,0,0,0,0,0,0,0,0,0,0,0,0,0,0,0,0,0,0,0,0,0,0,0,0,0,0,0,0,0,0,0,0,0,0,0,0,0,0,0,0,0,0,0,0,0,0,0,0,0,0,
2026-05-29,09:17:02.730,8.27,100,100,0,-0.048,5.91,25,0.840,97,0,0.015,100,100,1.30,-9.31,0.00,1,55.415800 12.873600,-2,2026-05-29 09:17:00,0,0,-1024,0,-430,1,49,0,322,0,0,-1,-1,-1,-1,-1,-1,0,-1,-1,-1,0,36,8,-1024,0,36,0,0,0,0,0,0,0,297,0,0,0,0,0,0,0,0,0,0,0,0,0,0,0,0,0,0,0,0,0,0,0,0,0,0,0,0,0,0,0,0,0,0,0,0,0,0,0,0,0,0,0,0,0,0,0,0,0,0,0,
2026-05-29,09:17:02.850,8.27,100,100,0,-0.133,5.93,25,0.912,97,0,0.032,100,100,1.82,-9.10,0.00,1,55.415800 12.873600,-2,2026-05-29 09:17:00,0,0,-1024,0,-430,1,50,0,322,0,0,-1,-1,-1,-1,-1,-1,0,-1,-1,-1,0,36,8,-1024,0,36,0,0,0,0,0,0,0,297,0,0,0,0,0,0,0,0,0,0,0,0,0,0,0,0,0,0,0,0,0,0,0,0,0,0,0,0,0,0,0,0,0,0,0,0,0,0,0,0,0,0,0,0,0,0,0,0,0,0,0,
2026-05-29,09:17:02.960,8.27,100,100,0,-0.133,5.95,25,0.912,97,0,0.032,100,100,1.82,-9.10,0.00,0,55.415800 12.873600,-2,2026-05-29 09:17:00,0,0,-1024,0,-429,1,49,0,321,0,0,-1,-1,-1,-1,-1,-1,0,-1,-1,-1,0,36,8,-1024,0,36,0,0,0,0,0,0,0,298,0,0,0,0,0,0,0,0,0,0,0,0,0,0,0,0,0,0,0,0,0,0,0,0,0,0,0,0,0,0,0,0,0,0,0,0,0,0,0,0,0,0,0,0,0,0,0,0,0,0,0,
2026-05-29,09:17:03.070,8.27,100,100,0,-0.149,5.93,25,0.971,98,0,0.057,100,100,1.83,-9.01,0.00,0,55.415800 12.873600,-2,2026-05-29 09:17:01,0,0,-1024,0,-429,0,49,0,321,0,0,-1,-1,-1,-1,-1,-1,0,-1,-1,-1,0,36,8,-1024,0,36,0,0,0,0,0,0,0,298,0,0,0,0,0,0,0,0,0,0,0,0,0,0,0,0,0,0,0,0,0,0,0,0,0,0,0,0,0,0,0,0,0,0,0,0,0,0,0,0,0,0,0,0,0,0,0,0,0,0,0,
2026-05-29,09:17:03.190,8.27,100,100,0,-0.138,5.95,25,0.989,99,0,0.017,100,100,1.89,-8.91,0.00,0,55.415800 12.873600,-2,2026-05-29 09:17:01,0,0,-1024,0,-430,0,49,0,322,0,0,-1,-1,-1,-1,-1,-1,0,-1,-1,-1,0,36,8,-1024,0,36,0,0,0,0,0,0,0,297,0,0,0,0,0,0,0,0,0,0,0,0,0,0,0,0,0,0,0,0,0,0,0,0,0,0,0,0,0,0,0,0,0,0,0,0,0,0,0,0,0,0,0,0,0,0,0,0,0,0,0,
2026-05-29,09:17:03.300,8.27,100,100,0,-0.138,5.96,25,0.989,98,0,0.017,100,100,1.89,-8.91,0.00,0,55.415800 12.873600,-2,2026-05-29 09:17:01,0,0,-1024,0,-429,1,50,0,322,0,0,-1,-1,-1,-1,-1,-1,0,-1,-1,-1,0,36,8,-1024,0,36,0,0,0,0,0,0,0,298,0,0,0,0,0,0,0,0,0,0,0,0,0,0,0,0,0,0,0,0,0,0,0,0,0,0,0,0,0,0,0,0,0,0,0,0,0,0,0,0,0,0,0,0,0,0,0,0,0,0,0,
2026-05-29,09:17:03.420,8.27,100,100,0,-0.130,5.97,25,1.002,99,0,0.031,100,100,1.91,-8.82,0.00,0,55.415800 12.873600,-2,2026-05-29 09:17:01,0,0,-1024,0,-429,0,50,0,322,0,0,-1,-1,-1,-1,-1,-1,0,-1,-1,-1,0,36,8,-1024,0,36,0,0,0,0,0,0,0,298,0,0,0,0,0,0,0,0,0,0,0,0,0,0,0,0,0,0,0,0,0,0,0,0,0,0,0,0,0,0,0,0,0,0,0,0,0,0,0,0,0,0,0,0,0,0,0,0,0,0,0,
2026-05-29,09:17:03.540,8.27,100,100,0,-0.136,5.99,25,0.987,98,0,0.031,100,100,1.91,-8.74,0.00,0,55.415800 12.873600,-2,2026-05-29 09:17:01,0,0,-1024,0,-430,0,50,0,322,0,0,-1,-1,-1,-1,-1,-1,0,-1,-1,-1,0,36,8,-1024,0,36,0,0,0,0,0,0,0,297,0,0,0,0,0,0,0,0,0,0,0,0,0,0,0,0,0,0,0,0,0,0,0,0,0,0,0,0,0,0,0,0,0,0,0,0,0,0,0,0,0,0,0,0,0,0,0,0,0,0,0,
2026-05-29,09:17:03.650,8.27,100,100,0,-0.136,5.99,25,0.987,99,0,0.031,100,100,1.91,-8.74,0.00,0,55.415800 12.873600,-2,2026-05-29 09:17:01,0,0,-1024,0,-429,1,50,0,321,0,0,-1,-1,-1,-1,-1,-1,0,-1,-1,-1,0,36,8,-1024,0,36,0,0,0,0,0,0,0,297,0,0,0,0,0,0,0,0,0,0,0,0,0,0,0,0,0,0,0,0,0,0,0,0,0,0,0,0,0,0,0,0,0,0,0,0,0,0,0,0,0,0,0,0,0,0,0,0,0,0,0,
2026-05-29,09:17:03.770,8.27,100,100,0,-0.142,5.99,25,0.994,99,0,0.055,100,100,1.90,-8.65,0.00,0,55.415800 12.873600,-2,2026-05-29 09:17:01,0,0,-1024,0,-430,0,49,0,322,0,0,-1,-1,-1,-1,-1,-1,0,-1,-1,-1,0,36,8,-1024,0,36,0,0,0,0,0,0,0,297,0,0,0,0,0,0,0,0,0,0,0,0,0,0,0,0,0,0,0,0,0,0,0,0,0,0,0,0,0,0,0,0,0,0,0,0,0,0,0,0,0,0,0,0,0,0,0,0,0,0,0,
2026-05-29,09:17:03.890,8.27,100,100,0,-0.138,5.99,25,0.999,99,0,0.029,100,100,1.87,-8.57,0.00,0,55.415800 12.873600,-2,2026-05-29 09:17:01,0,0,-1024,0,-430,2,50,0,322,0,0,-1,-1,-1,-1,-1,-1,0,-1,-1,-1,0,36,8,-1024,0,36,0,0,0,0,0,0,0,297,0,0,0,0,0,0,0,0,0,0,0,0,0,0,0,0,0,0,0,0,0,0,0,0,0,0,0,0,0,0,0,0,0,0,0,0,0,0,0,0,0,0,0,0,0,0,0,0,0,0,0,
2026-05-29,09:17:04.010,8.27,100,100,0,-0.134,5.97,25,0.999,97,0,0.039,100,100,1.87,-8.57,0.00,0,55.415800 12.873600,-2,2026-05-29 09:17:02,0,0,-1024,0,-430,0,50,0,322,0,0,-1,-1,-1,-1,-1,-1,0,-1,-1,-1,0,36,8,-1024,0,36,0,0,0,0,0,0,0,297,0,0,0,0,0,0,0,0,0,0,0,0,0,0,0,0,0,0,0,0,0,0,0,0,0,0,0,0,0,0,0,0,0,0,0,0,0,0,0,0,0,0,0,0,0,0,0,0,0,0,0,
2026-05-29,09:17:04.130,8.27,100,100,0,-0.134,5.98,25,0.996,95,0,0.039,100,100,1.92,-8.52,0.00,0,55.415800 12.873600,-2,2026-05-29 09:17:02,0,0,-1024,0,-430,0,51,0,322,0,0,-1,-1,-1,-1,-1,-1,0,-1,-1,-1,0,36,8,-1024,0,36,0,0,0,0,0,0,0,297,0,0,0,0,0,0,0,0,0,0,0,0,0,0,0,0,0,0,0,0,0,0,0,0,0,0,0,0,0,0,0,0,0,0,0,0,0,0,0,0,0,0,0,0,0,0,0,0,0,0,0,
2026-05-29,09:17:04.250,8.27,100,100,0,-0.139,5.96,25,0.992,95,0,0.039,100,100,2.00,-8.47,0.00,0,55.415800 12.873600,-2,2026-05-29 09:17:02,0,0,-1024,0,-430,0,50,0,322,0,0,-1,-1,-1,-1,-1,-1,0,-1,-1,-1,0,36,8,-1024,0,36,0,0,0,0,0,0,0,297,0,0,0,0,0,0,0,0,0,0,0,0,0,0,0,0,0,0,0,0,0,0,0,0,0,0,0,0,0,0,0,0,0,0,0,0,0,0,0,0,0,0,0,0,0,0,0,0,0,0,0,
2026-05-29,09:17:04.360,8.27,100,100,0,-0.128,5.97,25,0.999,94,0,-0.012,100,100,1.80,-8.49,0.00,0,55.415800 12.873600,-2,2026-05-29 09:17:02,0,0,-1024,0,-430,0,50,0,322,0,0,-1,-1,-1,-1,-1,-1,0,-1,-1,-1,0,36,8,-1024,0,36,0,0,0,0,0,0,0,297,0,0,0,0,0,0,0,0,0,0,0,0,0,0,0,0,0,0,0,0,0,0,0,0,0,0,0,0,0,0,0,0,0,0,0,0,0,0,0,0,0,0,0,0,0,0,0,0,0,0,0,
2026-05-29,09:17:04.480,8.27,100,100,0,-0.128,5.98,25,0.999,95,0,-0.012,100,100,1.80,-8.49,0.00,0,55.415800 12.873600,-2,2026-05-29 09:17:02,0,0,-1024,0,-430,3,51,0,321,0,0,-1,-1,-1,-1,-1,-1,0,-1,-1,-1,0,36,8,-1024,0,36,0,0,0,0,0,0,0,297,0,0,0,0,0,0,0,0,0,0,0,0,0,0,0,0,0,0,0,0,0,0,0,0,0,0,0,0,0,0,0,0,0,0,0,0,0,0,0,0,0,0,0,0,0,0,0,0,0,0,0,
2026-05-29,09:17:04.600,8.27,100,100,0,-0.143,5.96,25,0.991,95,0,0.000,100,100,2.34,-8.81,0.00,0,55.415800 12.873600,-2,2026-05-29 09:17:02,0,0,-1024,0,-430,0,50,0,322,0,0,-1,-1,-1,-1,-1,-1,0,-1,-1,-1,0,36,8,-1024,0,36,0,0,0,0,0,0,0,297,0,0,0,0,0,0,0,0,0,0,0,0,0,0,0,0,0,0,0,0,0,0,0,0,0,0,0,0,0,0,0,0,0,0,0,0,0,0,0,0,0,0,0,0,0,0,0,0,0,0,0,
2026-05-29,09:17:04.710,8.27,100,100,0,-0.148,5.97,25,1.002,95,0,0.018,100,100,2.09,-9.22,0.00,0,55.415800 12.873600,-2,2026-05-29 09:17:02,0,0,-1024,0,-430,0,51,0,322,0,0,-1,-1,-1,-1,-1,-1,0,-1,-1,-1,0,36,8,-1024,0,36,0,0,0,0,0,0,0,297,0,0,0,0,0,0,0,0,0,0,0,0,0,0,0,0,0,0,0,0,0,0,0,0,0,0,0,0,0,0,0,0,0,0,0,0,0,0,0,0,0,0,0,0,0,0,0,0,0,0,0,
2026-05-29,09:17:04.830,8.27,100,100,0,-0.148,5.94,25,1.002,96,0,0.018,100,100,2.09,-9.22,0.00,0,55.415800 12.873600,-2,2026-05-29 09:17:02,0,0,-1024,0,-430,0,50,0,322,0,0,-1,-1,-1,-1,-1,-1,0,-1,-1,-1,0,36,8,-1024,0,36,0,0,0,0,0,0,0,297,0,0,0,0,0,0,0,0,0,0,0,0,0,0,0,0,0,0,0,0,0,0,0,0,0,0,0,0,0,0,0,0,0,0,0,0,0,0,0,0,0,0,0,0,0,0,0,0,0,0,0,
2026-05-29,09:17:04.950,8.27,100,100,0,-0.139,5.96,25,0.977,97,0,-0.070,100,100,-0.33,-9.66,0.00,1,55.415800 12.873600,-2,2026-05-29 09:17:03,0,0,-1024,0,-430,0,51,0,322,0,0,-1,-1,-1,-1,-1,-1,0,-1,-1,-1,0,36,8,-1024,0,36,0,0,0,0,0,0,0,297,0,0,0,0,0,0,0,0,0,0,0,0,0,0,0,0,0,0,0,0,0,0,0,0,0,0,0,0,0,0,0,0,0,0,0,0,0,0,0,0,0,0,0,0,0,0,0,0,0,0,0,
2026-05-29,09:17:05.070,8.27,100,100,0,-0.143,5.94,25,0.961,98,0,0.027,100,100,-3.31,-9.85,0.00,1,55.415800 12.873600,-2,2026-05-29 09:17:03,0,0,-1024,0,-429,2,51,0,322,0,0,-1,-1,-1,-1,-1,-1,0,-1,-1,-1,0,36,8,-1024,0,36,0,0,0,0,0,0,0,298,0,0,0,0,0,0,0,0,0,0,0,0,0,0,0,0,0,0,0,0,0,0,0,0,0,0,0,0,0,0,0,0,0,0,0,0,0,0,0,0,0,0,0,0,0,0,0,0,0,0,0,
2026-05-29,09:17:05.190,8.27,100,100,0,-0.190,5.96,25,0.961,98,0,0.062,100,100,-3.31,-9.85,0.00,1,55.415800 12.873600,-2,2026-05-29 09:17:03,0,0,-1024,0,-430,1,51,0,322,0,0,-1,-1,-1,-1,-1,-1,0,-1,-1,-1,0,36,8,-1024,0,36,0,0,0,0,0,0,0,298,0,0,0,0,0,0,0,0,0,0,0,0,0,0,0,0,0,0,0,0,0,0,0,0,0,0,0,0,0,0,0,0,0,0,0,0,0,0,0,0,0,0,0,0,0,0,0,0,0,0,0,
2026-05-29,09:17:05.310,8.27,100,100,0,-0.190,5.93,25,0.982,99,0,0.062,100,100,-4.03,-9.31,0.00,1,55.415800 12.873600,-2,2026-05-29 09:17:03,0,0,-1024,0,-430,0,50,0,322,0,0,-1,-1,-1,-1,-1,-1,0,-1,-1,-1,0,36,8,-1024,0,36,0,0,0,0,0,0,0,298,0,0,0,0,0,0,0,0,0,0,0,0,0,0,0,0,0,0,0,0,0,0,0,0,0,0,0,0,0,0,0,0,0,0,0,0,0,0,0,0,0,0,0,0,0,0,0,0,0,0,0,
2026-05-29,09:17:05.420,8.27,100,100,0,-0.144,5.92,25,1.060,99,0,-0.014,100,100,-1.31,-8.41,0.00,1,55.415800 12.873600,-2,2026-05-29 09:17:03,0,0,-1024,0,-430,0,50,0,322,0,0,-1,-1,-1,-1,-1,-1,0,-1,-1,-1,0,36,8,-1024,0,36,0,0,0,0,0,0,0,298,0,0,0,0,0,0,0,0,0,0,0,0,0,0,0,0,0,0,0,0,0,0,0,0,0,0,0,0,0,0,0,0,0,0,0,0,0,0,0,0,0,0,0,0,0,0,0,0,0,0,0,
2026-05-29,09:17:05.540,8.27,100,100,0,-0.062,5.94,25,1.108,99,0,-0.077,100,100,-1.31,-8.41,0.00,1,55.415800 12.873600,-2,2026-05-29 09:17:03,0,0,-1024,0,-429,0,50,0,322,0,0,-1,-1,-1,-1,-1,-1,0,-1,-1,-1,0,36,8,-1024,0,36,0,0,0,0,0,0,0,298,0,0,0,0,0,0,0,0,0,0,0,0,0,0,0,0,0,0,0,0,0,0,0,0,0,0,0,0,0,0,0,0,0,0,0,0,0,0,0,0,0,0,0,0,0,0,0,0,0,0,0,
2026-05-29,09:17:05.660,8.27,100,100,0,-0.062,5.96,25,1.108,99,0,-0.077,100,100,-1.01,-8.11,0.00,1,55.415800 12.873600,-2,2026-05-29 09:17:03,0,0,-1024,0,-430,0,49,0,322,0,0,-1,-1,-1,-1,-1,-1,0,-1,-1,-1,0,36,8,-1024,0,36,0,0,0,0,0,0,0,297,0,0,0,0,0,0,0,0,0,0,0,0,0,0,0,0,0,0,0,0,0,0,0,0,0,0,0,0,0,0,0,0,0,0,0,0,0,0,0,0,0,0,0,0,0,0,0,0,0,0,0,
2026-05-29,09:17:05.770,8.27,100,100,0,-0.132,5.97,25,1.011,100,0,-0.038,100,100,-0.64,-7.85,0.00,1,55.415800 12.873600,-2,2026-05-29 09:17:03,0,0,-1024,0,-430,0,50,0,322,0,0,-1,-1,-1,-1,-1,-1,0,-1,-1,-1,0,36,8,-1024,0,36,0,0,0,0,0,0,0,297,0,0,0,0,0,0,0,0,0,0,0,0,0,0,0,0,0,0,0,0,0,0,0,0,0,0,0,0,0,0,0,0,0,0,0,0,0,0,0,0,0,0,0,0,0,0,0,0,0,0,0,
2026-05-29,09:17:05.890,8.27,100,100,0,-0.121,5.98,25,0.990,100,0,-0.009,100,100,-0.62,-7.80,0.00,1,55.415800 12.873600,-2,2026-05-29 09:17:03,0,0,-1024,0,-430,0,51,0,321,0,0,-1,-1,-1,-1,-1,-1,0,-1,-1,-1,0,36,8,-1024,0,36,0,0,0,0,0,0,0,297,0,0,0,0,0,0,0,0,0,0,0,0,0,0,0,0,0,0,0,0,0,0,0,0,0,0,0,0,0,0,0,0,0,0,0,0,0,0,0,0,0,0,0,0,0,0,0,0,0,0,0,
2026-05-29,09:17:06.000,8.27,100,100,0,-0.121,5.97,25,0.990,100,0,-0.009,100,100,-0.62,-7.80,0.00,0,55.415800 12.873600,-2,2026-05-29 09:17:04,0,0,-1024,0,-429,2,51,0,322,0,0,-1,-1,-1,-1,-1,-1,0,-1,-1,-1,0,36,8,-1024,0,36,0,0,0,0,0,0,0,298,0,0,0,0,0,0,0,0,0,0,0,0,0,0,0,0,0,0,0,0,0,0,0,0,0,0,0,0,0,0,0,0,0,0,0,0,0,0,0,0,0,0,0,0,0,0,0,0,0,0,0,
2026-05-29,09:17:06.110,8.27,100,100,0,-0.122,5.97,25,0.999,99,0,0.000,100,100,-0.67,-7.76,0.00,0,55.415800 12.873600,-2,2026-05-29 09:17:04,0,0,-1024,0,-430,0,50,0,322,0,0,-1,-1,-1,-1,-1,-1,0,-1,-1,-1,0,36,8,-1024,0,36,0,0,0,0,0,0,0,297,0,0,0,0,0,0,0,0,0,0,0,0,0,0,0,0,0,0,0,0,0,0,0,0,0,0,0,0,0,0,0,0,0,0,0,0,0,0,0,0,0,0,0,0,0,0,0,0,0,0,0,
2026-05-29,09:17:06.230,8.27,100,100,0,-0.128,5.98,25,0.994,100,0,-0.003,100,100,-0.72,-7.74,0.00,0,55.415800 12.873600,-2,2026-05-29 09:17:04,0,0,-1024,0,-430,0,50,0,321,0,0,-1,-1,-1,-1,-1,-1,0,-1,-1,-1,0,36,8,-1024,0,36,0,0,0,0,0,0,0,297,0,0,0,0,0,0,0,0,0,0,0,0,0,0,0,0,0,0,0,0,0,0,0,0,0,0,0,0,0,0,0,0,0,0,0,0,0,0,0,0,0,0,0,0,0,0,0,0,0,0,0,
2026-05-29,09:17:06.350,8.28,100,100,0,-0.128,5.99,25,0.994,100,0,-0.003,100,100,-0.72,-7.74,0.00,0,55.415800 12.873600,-2,2026-05-29 09:17:04,0,0,-1024,0,-429,0,50,0,321,0,0,-1,-1,-1,-1,-1,-1,0,-1,-1,-1,0,36,8,-1024,0,36,0,0,0,0,0,0,0,298,0,0,0,0,0,0,0,0,0,0,0,0,0,0,0,0,0,0,0,0,0,0,0,0,0,0,0,0,0,0,0,0,0,0,0,0,0,0,0,0,0,0,0,0,0,0,0,0,0,0,0,
2026-05-29,09:17:06.460,8.28,100,100,0,-0.131,5.99,25,0.997,100,0,-0.007,100,100,-0.75,-7.72,0.00,0,55.415800 12.873600,-2,2026-05-29 09:17:04,0,0,-1024,0,-430,0,50,0,322,0,0,-1,-1,-1,-1,-1,-1,0,-1,-1,-1,0,36,8,-1024,0,36,0,0,0,0,0,0,0,297,0,0,0,0,0,0,0,0,0,0,0,0,0,0,0,0,0,0,0,0,0,0,0,0,0,0,0,0,0,0,0,0,0,0,0,0,0,0,0,0,0,0,0,0,0,0,0,0,0,0,0,
2026-05-29,09:17:06.580,8.28,100,100,0,-0.131,5.97,25,0.991,99,0,-0.008,100,100,-0.78,-7.70,0.00,0,55.415800 12.873600,-2,2026-05-29 09:17:04,0,0,-1024,0,-429,0,50,0,322,0,0,-1,-1,-1,-1,-1,-1,0,-1,-1,-1,0,36,8,-1024,0,36,0,0,0,0,0,0,0,298,0,0,0,0,0,0,0,0,0,0,0,0,0,0,0,0,0,0,0,0,0,0,0,0,0,0,0,0,0,0,0,0,0,0,0,0,0,0,0,0,0,0,0,0,0,0,0,0,0,0,0,
2026-05-29,09:17:06.700,8.28,100,100,0,-0.131,5.94,25,0.991,96,0,-0.008,100,100,-0.78,-7.70,0.00,0,55.415800 12.873600,-2,2026-05-29 09:17:04,0,0,-1024,0,-430,0,50,0,322,0,0,-1,-1,-1,-1,-1,-1,0,-1,-1,-1,0,36,8,-1024,0,36,0,0,0,0,0,0,0,297,0,0,0,0,0,0,0,0,0,0,0,0,0,0,0,0,0,0,0,0,0,0,0,0,0,0,0,0,0,0,0,0,0,0,0,0,0,0,0,0,0,0,0,0,0,0,0,0,0,0,0,
2026-05-29,09:17:06.830,8.28,100,100,0,-0.128,5.95,25,1.000,94,0,-0.010,100,100,-0.80,-7.69,0.00,0,55.415800 12.873600,-2,2026-05-29 09:17:04,0,0,-1024,0,-430,0,50,0,322,0,0,-1,-1,-1,-1,-1,-1,0,-1,-1,-1,0,36,8,-1024,0,36,0,0,0,0,0,0,0,297,0,0,0,0,0,0,0,0,0,0,0,0,0,0,0,0,0,0,0,0,0,0,0,0,0,0,0,0,0,0,0,0,0,0,0,0,0,0,0,0,0,0,0,0,0,0,0,0,0,0,0,
2026-05-29,09:17:06.950,8.27,100,100,0,-0.130,5.94,25,0.997,94,0,-0.013,100,100,-0.82,-7.67,0.00,0,55.415800 12.873600,-1,2026-05-29 09:17:04,0,0,-1024,0,-429,1,50,0,321,0,0,-1,-1,-1,-1,-1,-1,0,-1,-1,-1,0,36,8,-1024,0,36,0,0,0,0,0,0,0,298,0,0,0,0,0,0,0,0,0,0,0,0,0,0,0,0,0,0,0,0,0,0,0,0,0,0,0,0,0,0,0,0,0,0,0,0,0,0,0,0,0,0,0,0,0,0,0,0,0,0,0,
2026-05-29,09:17:07.070,8.27,100,100,0,-0.130,5.95,25,0.991,93,0,-0.014,100,100,-0.82,-7.67,0.00,0,55.415800 12.873600,-1,2026-05-29 09:17:05,0,0,-1024,0,-430,1,50,0,322,0,0,-1,-1,-1,-1,-1,-1,0,-1,-1,-1,0,36,8,-1024,0,36,0,0,0,0,0,0,0,297,0,0,0,0,0,0,0,0,0,0,0,0,0,0,0,0,0,0,0,0,0,0,0,0,0,0,0,0,0,0,0,0,0,0,0,0,0,0,0,0,0,0,0,0,0,0,0,0,0,0,0,
2026-05-29,09:17:07.190,8.27,100,100,0,-0.130,5.95,25,0.991,94,0,-0.014,100,100,-0.84,-7.66,0.00,0,55.415800 12.873600,-1,2026-05-29 09:17:05,0,0,-1024,0,-430,0,50,0,322,0,0,-1,-1,-1,-1,-1,-1,0,-1,-1,-1,0,36,8,-1024,0,36,0,0,0,0,0,0,0,297,0,0,0,0,0,0,0,0,0,0,0,0,0,0,0,0,0,0,0,0,0,0,0,0,0,0,0,0,0,0,0,0,0,0,0,0,0,0,0,0,0,0,0,0,0,0,0,0,0,0,0,
2026-05-29,09:17:07.310,8.27,100,100,0,-0.130,5.94,25,0.989,92,0,-0.014,100,100,-0.85,-7.65,0.00,0,55.415800 12.873600,-1,2026-05-29 09:17:05,0,0,-1024,0,-430,0,49,0,322,0,0,-1,-1,-1,-1,-1,-1,0,-1,-1,-1,0,36,8,-1024,0,36,0,0,0,0,0,0,0,297,0,0,0,0,0,0,0,0,0,0,0,0,0,0,0,0,0,0,0,0,0,0,0,0,0,0,0,0,0,0,0,0,0,0,0,0,0,0,0,0,0,0,0,0,0,0,0,0,0,0,0,
2026-05-29,09:17:07.430,8.27,100,100,0,-0.130,5.93,25,0.996,90,0,-0.014,100,100,-0.86,-7.63,0.00,0,55.415800 12.873600,-1,2026-05-29 09:17:05,0,0,-1024,0,-429,1,50,0,322,0,0,-1,-1,-1,-1,-1,-1,0,-1,-1,-1,0,36,8,-1024,0,36,0,0,0,0,0,0,0,298,0,0,0,0,0,0,0,0,0,0,0,0,0,0,0,0,0,0,0,0,0,0,0,0,0,0,0,0,0,0,0,0,0,0,0,0,0,0,0,0,0,0,0,0,0,0,0,0,0,0,0,
2026-05-29,09:17:07.540,8.27,100,100,0,-0.130,5.94,25,0.996,91,0,-0.014,100,100,-0.86,-7.63,0.00,0,55.415800 12.873600,-1,2026-05-29 09:17:05,0,0,-1024,0,-429,0,49,0,322,0,0,-1,-1,-1,-1,-1,-1,0,-1,-1,-1,0,36,8,-1024,0,36,0,0,0,0,0,0,0,298,0,0,0,0,0,0,0,0,0,0,0,0,0,0,0,0,0,0,0,0,0,0,0,0,0,0,0,0,0,0,0,0,0,0,0,0,0,0,0,0,0,0,0,0,0,0,0,0,0,0,0,
2026-05-29,09:17:07.660,8.27,100,100,0,-0.130,5.96,25,0.989,93,0,-0.014,100,100,-0.87,-7.62,0.00,0,55.415800 12.873600,-1,2026-05-29 09:17:05,0,0,-1024,0,-430,0,50,0,322,0,0,-1,-1,-1,-1,-1,-1,0,-1,-1,-1,0,36,8,-1024,0,36,0,0,0,0,0,0,0,298,0,0,0,0,0,0,0,0,0,0,0,0,0,0,0,0,0,0,0,0,0,0,0,0,0,0,0,0,0,0,0,0,0,0,0,0,0,0,0,0,0,0,0,0,0,0,0,0,0,0,0,
2026-05-29,09:17:07.780,8.27,100,100,0,-0.129,5.98,25,0.990,96,0,-0.013,100,100,-0.88,-7.61,0.00,0,55.415800 12.873600,-1,2026-05-29 09:17:05,0,0,-1024,0,-430,1,50,0,322,0,0,-1,-1,-1,-1,-1,-1,0,-1,-1,-1,0,36,8,-1024,0,36,0,0,0,0,0,0,0,297,0,0,0,0,0,0,0,0,0,0,0,0,0,0,0,0,0,0,0,0,0,0,0,0,0,0,0,0,0,0,0,0,0,0,0,0,0,0,0,0,0,0,0,0,0,0,0,0,0,0,0,
2026-05-29,09:17:07.900,8.27,100,100,0,-0.129,5.98,25,0.990,97,0,-0.014,100,100,-0.89,-7.60,0.00,0,55.415800 12.873600,-1,2026-05-29 09:17:05,0,0,-1024,0,-430,2,50,0,322,0,0,-1,-1,-1,-1,-1,-1,0,-1,-1,-1,0,36,8,-1024,0,36,0,0,0,0,0,0,0,297,0,0,0,0,0,0,0,0,0,0,0,0,0,0,0,0,0,0,0,0,0,0,0,0,0,0,0,0,0,0,0,0,0,0,0,0,0,0,0,0,0,0,0,0,0,0,0,0,0,0,0,
2026-05-29,09:17:08.010,8.27,100,100,0,-0.129,5.99,25,0.998,98,0,-0.014,100,100,-0.89,-7.60,0.00,0,55.415800 12.873600,-1,2026-05-29 09:17:06,0,0,-1024,0,-430,1,49,0,322,0,0,-1,-1,-1,-1,-1,-1,0,-1,-1,-1,0,36,8,-1024,0,36,0,0,0,0,0,0,0,297,0,0,0,0,0,0,0,0,0,0,0,0,0,0,0,0,0,0,0,0,0,0,0,0,0,0,0,0,0,0,0,0,0,0,0,0,0,0,0,0,0,0,0,0,0,0,0,0,0,0,0,
2026-05-29,09:17:08.120,8.27,100,100,0,-0.128,5.99,25,0.992,98,0,-0.012,100,100,-0.89,-7.59,0.00,0,55.415800 12.873600,-1,2026-05-29 09:17:06,0,0,-1024,0,-429,0,50,0,321,0,0,-1,-1,-1,-1,-1,-1,0,-1,-1,-1,0,36,8,-1024,0,36,0,0,0,0,0,0,0,298,0,0,0,0,0,0,0,0,0,0,0,0,0,0,0,0,0,0,0,0,0,0,0,0,0,0,0,0,0,0,0,0,0,0,0,0,0,0,0,0,0,0,0,0,0,0,0,0,0,0,0,
2026-05-29,09:17:08.230,8.27,100,100,0,-0.130,5.97,25,0.992,99,0,-0.012,100,100,-0.89,-7.59,0.00,0,55.415800 12.873600,-1,2026-05-29 09:17:06,0,0,-1024,0,-430,1,49,0,322,0,0,-1,-1,-1,-1,-1,-1,0,-1,-1,-1,0,36,8,-1024,0,36,0,0,0,0,0,0,0,297,0,0,0,0,0,0,0,0,0,0,0,0,0,0,0,0,0,0,0,0,0,0,0,0,0,0,0,0,0,0,0,0,0,0,0,0,0,0,0,0,0,0,0,0,0,0,0,0,0,0,0,
2026-05-29,09:17:08.350,8.27,100,100,0,-0.130,5.97,25,0.999,99,0,-0.013,100,100,-0.90,-7.59,0.00,0,55.415800 12.873600,-1,2026-05-29 09:17:06,0,0,-1024,0,-430,1,50,0,322,0,0,-1,-1,-1,-1,-1,-1,0,-1,-1,-1,0,36,8,-1024,0,36,0,0,0,0,0,0,0,297,0,0,0,0,0,0,0,0,0,0,0,0,0,0,0,0,0,0,0,0,0,0,0,0,0,0,0,0,0,0,0,0,0,0,0,0,0,0,0,0,0,0,0,0,0,0,0,0,0,0,0,
2026-05-29,09:17:08.470,8.27,100,100,0,-0.130,5.99,25,0.995,99,0,-0.012,100,100,-0.91,-7.58,0.00,0,55.415800 12.873600,-1,2026-05-29 09:17:06,0,0,-1024,0,-429,1,50,0,321,0,0,-1,-1,-1,-1,-1,-1,0,-1,-1,-1,0,36,8,-1024,0,36,0,0,0,0,0,0,0,298,0,0,0,0,0,0,0,0,0,0,0,0,0,0,0,0,0,0,0,0,0,0,0,0,0,0,0,0,0,0,0,0,0,0,0,0,0,0,0,0,0,0,0,0,0,0,0,0,0,0,0,
2026-05-29,09:17:08.590,8.27,100,100,0,-0.131,5.99,25,0.993,99,0,-0.012,100,100,-0.91,-7.58,0.00,0,55.415800 12.873600,-1,2026-05-29 09:17:06,0,0,-1024,0,-430,0,50,0,322,0,0,-1,-1,-1,-1,-1,-1,0,-1,-1,-1,0,36,8,-1024,0,36,0,0,0,0,0,0,0,298,0,0,0,0,0,0,0,0,0,0,0,0,0,0,0,0,0,0,0,0,0,0,0,0,0,0,0,0,0,0,0,0,0,0,0,0,0,0,0,0,0,0,0,0,0,0,0,0,0,0,0,
2026-05-29,09:17:08.720,8.27,100,100,0,-0.131,5.99,25,0.993,98,0,-0.012,100,100,-0.91,-7.58,0.00,0,55.415800 12.873600,-1,2026-05-29 09:17:06,0,0,-1024,0,-429,0,51,0,322,0,0,-1,-1,-1,-1,-1,-1,0,-1,-1,-1,0,36,8,-1024,0,36,0,0,0,0,0,0,0,297,0,0,0,0,0,0,0,0,0,0,0,0,0,0,0,0,0,0,0,0,0,0,0,0,0,0,0,0,0,0,0,0,0,0,0,0,0,0,0,0,0,0,0,0,0,0,0,0,0,0,0,
2026-05-29,09:17:08.840,8.27,100,100,0,-0.133,5.99,25,0.990,99,0,-0.014,100,100,-0.92,-7.57,0.00,0,55.415800 12.873600,-1,2026-05-29 09:17:06,0,0,-1024,0,-430,2,49,0,322,0,0,-1,-1,-1,-1,-1,-1,0,-1,-1,-1,0,36,8,-1024,0,36,0,0,0,0,0,0,0,297,0,0,0,0,0,0,0,0,0,0,0,0,0,0,0,0,0,0,0,0,0,0,0,0,0,0,0,0,0,0,0,0,0,0,0,0,0,0,0,0,0,0,0,0,0,0,0,0,0,0,0,
2026-05-29,09:17:08.960,8.27,100,100,0,-0.130,6.00,25,0.988,99,0,-0.012,100,100,-0.92,-7.56,0.00,0,55.415800 12.873600,-1,2026-05-29 09:17:07,0,0,-1024,0,-430,0,50,0,322,0,0,-1,-1,-1,-1,-1,-1,0,-1,-1,-1,0,36,8,-1024,0,36,0,0,0,0,0,0,0,297,0,0,0,0,0,0,0,0,0,0,0,0,0,0,0,0,0,0,0,0,0,0,0,0,0,0,0,0,0,0,0,0,0,0,0,0,0,0,0,0,0,0,0,0,0,0,0,0,0,0,0,
2026-05-29,09:17:09.080,8.27,100,100,0,-0.130,5.97,25,0.988,99,0,-0.012,100,100,-0.92,-7.56,0.00,0,55.415800 12.873600,-1,2026-05-29 09:17:07,0,0,-1024,0,-430,1,50,0,322,0,0,-1,-1,-1,-1,-1,-1,0,-1,-1,-1,0,36,8,-1024,0,36,0,0,0,0,0,0,0,297,0,0,0,0,0,0,0,0,0,0,0,0,0,0,0,0,0,0,0,0,0,0,0,0,0,0,0,0,0,0,0,0,0,0,0,0,0,0,0,0,0,0,0,0,0,0,0,0,0,0,0,
2026-05-29,09:17:09.200,8.27,100,100,0,-0.130,5.98,25,0.988,99,0,-0.011,100,100,-0.93,-7.56,0.00,0,55.415800 12.873600,-1,2026-05-29 09:17:07,0,0,-1024,0,-429,0,50,0,322,0,0,-1,-1,-1,-1,-1,-1,0,-1,-1,-1,0,36,8,-1024,0,36,0,0,0,0,0,0,0,298,0,0,0,0,0,0,0,0,0,0,0,0,0,0,0,0,0,0,0,0,0,0,0,0,0,0,0,0,0,0,0,0,0,0,0,0,0,0,0,0,0,0,0,0,0,0,0,0,0,0,0,
2026-05-29,09:17:09.320,8.27,100,100,0,-0.129,5.96,25,0.991,100,0,-0.012,100,100,-0.93,-7.56,0.00,0,55.415800 12.873600,-1,2026-05-29 09:17:07,0,0,-1024,0,-429,0,50,0,322,0,0,-1,-1,-1,-1,-1,-1,0,-1,-1,-1,0,36,8,-1024,0,36,0,0,0,0,0,0,0,298,0,0,0,0,0,0,0,0,0,0,0,0,0,0,0,0,0,0,0,0,0,0,0,0,0,0,0,0,0,0,0,0,0,0,0,0,0,0,0,0,0,0,0,0,0,0,0,0,0,0,0,
2026-05-29,09:17:09.430,8.27,100,100,0,-0.129,5.97,25,0.991,100,0,-0.012,100,100,-0.94,-7.55,0.00,0,55.415800 12.873600,-1,2026-05-29 09:17:07,0,0,-1024,0,-430,0,50,0,322,0,0,-1,-1,-1,-1,-1,-1,0,-1,-1,-1,0,36,8,-1024,0,36,0,0,0,0,0,0,0,297,0,0,0,0,0,0,0,0,0,0,0,0,0,0,0,0,0,0,0,0,0,0,0,0,0,0,0,0,0,0,0,0,0,0,0,0,0,0,0,0,0,0,0,0,0,0,0,0,0,0,0,
2026-05-29,09:17:09.550,8.27,100,100,0,-0.129,5.94,25,1.000,100,0,-0.012,100,100,-0.94,-7.55,0.00,0,55.415800 12.873600,-1,2026-05-29 09:17:07,0,0,-1024,0,-430,0,50,0,322,0,0,-1,-1,-1,-1,-1,-1,0,-1,-1,-1,0,36,8,-1024,0,36,0,0,0,0,0,0,0,297,0,0,0,0,0,0,0,0,0,0,0,0,0,0,0,0,0,0,0,0,0,0,0,0,0,0,0,0,0,0,0,0,0,0,0,0,0,0,0,0,0,0,0,0,0,0,0,0,0,0,0,
2026-05-29,09:17:09.670,8.27,100,100,0,-0.129,5.93,25,0.998,100,0,-0.012,100,100,-0.94,-7.55,0.00,0,55.415800 12.873600,-1,2026-05-29 09:17:07,0,0,-1024,0,-430,0,50,0,321,0,0,-1,-1,-1,-1,-1,-1,0,-1,-1,-1,0,36,8,-1024,0,36,0,0,0,0,0,0,0,297,0,0,0,0,0,0,0,0,0,0,0,0,0,0,0,0,0,0,0,0,0,0,0,0,0,0,0,0,0,0,0,0,0,0,0,0,0,0,0,0,0,0,0,0,0,0,0,0,0,0,0,
2026-05-29,09:17:09.780,8.27,100,100,0,-0.129,5.95,25,0.992,100,0,-0.013,100,100,-0.95,-7.55,0.00,0,55.415800 12.873600,-1,2026-05-29 09:17:07,0,0,-1024,0,-430,2,50,0,322,0,0,-1,-1,-1,-1,-1,-1,0,-1,-1,-1,0,36,8,-1024,0,36,0,0,0,0,0,0,0,297,0,0,0,0,0,0,0,0,0,0,0,0,0,0,0,0,0,0,0,0,0,0,0,0,0,0,0,0,0,0,0,0,0,0,0,0,0,0,0,0,0,0,0,0,0,0,0,0,0,0,0,
2026-05-29,09:17:09.900,8.27,100,100,0,-0.129,5.96,25,0.992,100,0,-0.013,100,100,-0.95,-7.55,0.00,0,55.415800 12.873600,-1,2026-05-29 09:17:07,0,0,-1024,0,-430,2,50,0,322,0,0,-1,-1,-1,-1,-1,-1,0,-1,-1,-1,0,36,8,-1024,0,36,0,0,0,0,0,0,0,297,0,0,0,0,0,0,0,0,0,0,0,0,0,0,0,0,0,0,0,0,0,0,0,0,0,0,0,0,0,0,0,0,0,0,0,0,0,0,0,0,0,0,0,0,0,0,0,0,0,0,0,
2026-05-29,09:17:10.020,8.27,100,100,0,-0.129,5.97,25,0.995,100,0,-0.012,100,100,-0.95,-7.54,0.00,0,55.415800 12.873600,-1,2026-05-29 09:17:08,0,0,-1024,0,-430,0,50,0,322,0,0,-1,-1,-1,-1,-1,-1,0,-1,-1,-1,0,36,8,-1024,0,36,0,0,0,0,0,0,0,297,0,0,0,0,0,0,0,0,0,0,0,0,0,0,0,0,0,0,0,0,0,0,0,0,0,0,0,0,0,0,0,0,0,0,0,0,0,0,0,0,0,0,0,0,0,0,0,0,0,0,0,
2026-05-29,09:17:10.140,8.27,100,100,0,-0.131,5.96,25,0.988,100,0,-0.012,100,100,-0.95,-7.54,0.00,0,55.415800 12.873600,-1,2026-05-29 09:17:08,0,0,-1024,0,-430,1,50,0,322,0,0,-1,-1,-1,-1,-1,-1,0,-1,-1,-1,0,36,8,-1024,0,36,0,0,0,0,0,0,0,297,0,0,0,0,0,0,0,0,0,0,0,0,0,0,0,0,0,0,0,0,0,0,0,0,0,0,0,0,0,0,0,0,0,0,0,0,0,0,0,0,0,0,0,0,0,0,0,0,0,0,0,
2026-05-29,09:17:10.260,8.27,100,100,0,-0.129,5.97,25,0.988,100,0,-0.012,100,100,-0.95,-7.54,0.00,0,55.415800 12.873600,-1,2026-05-29 09:17:08,0,0,-1024,0,-430,0,50,0,322,0,0,-1,-1,-1,-1,-1,-1,0,-1,-1,-1,0,36,8,-1024,0,36,0,0,0,0,0,0,0,297,0,0,0,0,0,0,0,0,0,0,0,0,0,0,0,0,0,0,0,0,0,0,0,0,0,0,0,0,0,0,0,0,0,0,0,0,0,0,0,0,0,0,0,0,0,0,0,0,0,0,0,
2026-05-29,09:17:10.370,8.26,100,100,0,-0.129,5.98,25,0.995,100,0,-0.013,100,100,-0.96,-7.53,0.00,0,55.415800 12.873600,-1,2026-05-29 09:17:08,0,0,-1024,0,-430,1,50,0,322,0,0,-1,-1,-1,-1,-1,-1,0,-1,-1,-1,0,36,8,-1024,0,36,0,0,0,0,0,0,0,297,0,0,0,0,0,0,0,0,0,0,0,0,0,0,0,0,0,0,0,0,0,0,0,0,0,0,0,0,0,0,0,0,0,0,0,0,0,0,0,0,0,0,0,0,0,0,0,0,0,0,0,
2026-05-29,09:17:10.490,8.26,100,100,0,-0.129,5.96,25,0.990,100,0,-0.013,100,100,-0.96,-7.53,0.00,0,55.415800 12.873600,-1,2026-05-29 09:17:08,0,0,-1024,0,-430,0,50,0,322,0,0,-1,-1,-1,-1,-1,-1,0,-1,-1,-1,0,36,8,-1024,0,36,0,0,0,0,0,0,0,297,0,0,0,0,0,0,0,0,0,0,0,0,0,0,0,0,0,0,0,0,0,0,0,0,0,0,0,0,0,0,0,0,0,0,0,0,0,0,0,0,0,0,0,0,0,0,0,0,0,0,0,
2026-05-29,09:17:10.610,8.26,100,100,0,-0.130,5.97,25,0.988,100,0,-0.012,100,100,-0.96,-7.53,0.00,0,55.415800 12.873600,-1,2026-05-29 09:17:08,0,0,-1024,0,-430,0,50,0,322,0,0,-1,-1,-1,-1,-1,-1,0,-1,-1,-1,0,36,8,-1024,0,36,0,0,0,0,0,0,0,297,0,0,0,0,0,0,0,0,0,0,0,0,0,0,0,0,0,0,0,0,0,0,0,0,0,0,0,0,0,0,0,0,0,0,0,0,0,0,0,0,0,0,0,0,0,0,0,0,0,0,0,
2026-05-29,09:17:10.720,8.26,100,100,0,-0.130,5.96,25,0.988,100,0,-0.012,100,100,-0.96,-7.53,0.00,0,55.415800 12.873600,-1,2026-05-29 09:17:08,0,0,-1024,0,-430,0,51,0,321,0,0,-1,-1,-1,-1,-1,-1,0,-1,-1,-1,0,36,8,-1024,0,36,0,0,0,0,0,0,0,297,0,0,0,0,0,0,0,0,0,0,0,0,0,0,0,0,0,0,0,0,0,0,0,0,0,0,0,0,0,0,0,0,0,0,0,0,0,0,0,0,0,0,0,0,0,0,0,0,0,0,0,
2026-05-29,09:17:10.840,8.26,100,100,0,-0.129,5.97,25,1.000,100,0,-0.013,100,100,-0.96,-7.53,0.00,0,55.415800 12.873600,-1,2026-05-29 09:17:08,0,0,-1024,0,-430,0,50,0,322,0,0,-1,-1,-1,-1,-1,-1,0,-1,-1,-1,0,36,8,-1024,0,36,0,0,0,0,0,0,0,297,0,0,0,0,0,0,0,0,0,0,0,0,0,0,0,0,0,0,0,0,0,0,0,0,0,0,0,0,0,0,0,0,0,0,0,0,0,0,0,0,0,0,0,0,0,0,0,0,0,0,0,
2026-05-29,09:17:10.960,8.26,100,100,0,-0.130,5.98,25,0.998,100,0,-0.013,100,100,-0.97,-7.52,0.00,0,55.415800 12.873600,-1,2026-05-29 09:17:08,0,0,-1024,0,-429,0,50,0,322,0,0,-1,-1,-1,-1,-1,-1,0,-1,-1,-1,0,36,8,-1024,0,36,0,0,0,0,0,0,0,298,0,0,0,0,0,0,0,0,0,0,0,0,0,0,0,0,0,0,0,0,0,0,0,0,0,0,0,0,0,0,0,0,0,0,0,0,0,0,0,0,0,0,0,0,0,0,0,0,0,0,0,
2026-05-29,09:17:11.080,8.27,100,100,0,-0.130,5.98,25,0.998,100,0,-0.013,100,100,-0.97,-7.52,0.00,0,55.415800 12.873600,-1,2026-05-29 09:17:09,0,0,-1024,0,-430,0,50,0,322,0,0,-1,-1,-1,-1,-1,-1,0,-1,-1,-1,0,36,8,-1024,0,36,0,0,0,0,0,0,0,298,0,0,0,0,0,0,0,0,0,0,0,0,0,0,0,0,0,0,0,0,0,0,0,0,0,0,0,0,0,0,0,0,0,0,0,0,0,0,0,0,0,0,0,0,0,0,0,0,0,0,0,
2026-05-29,09:17:11.200,8.27,100,100,0,-0.130,5.99,25,0.990,100,0,-0.012,100,100,-0.97,-7.52,0.00,0,55.415800 12.873600,-1,2026-05-29 09:17:09,0,0,-1024,0,-430,1,50,0,322,0,0,-1,-1,-1,-1,-1,-1,0,-1,-1,-1,0,36,8,-1024,0,36,0,0,0,0,0,0,0,297,0,0,0,0,0,0,0,0,0,0,0,0,0,0,0,0,0,0,0,0,0,0,0,0,0,0,0,0,0,0,0,0,0,0,0,0,0,0,0,0,0,0,0,0,0,0,0,0,0,0,0,
2026-05-29,09:17:11.320,8.27,100,100,0,-0.129,5.99,25,0.990,100,0,-0.012,100,100,-0.97,-7.52,0.00,0,55.415800 12.873600,-1,2026-05-29 09:17:09,0,0,-1024,0,-430,2,50,0,321,0,0,-1,-1,-1,-1,-1,-1,0,-1,-1,-1,0,36,8,-1024,0,36,0,0,0,0,0,0,0,297,0,0,0,0,0,0,0,0,0,0,0,0,0,0,0,0,0,0,0,0,0,0,0,0,0,0,0,0,0,0,0,0,0,0,0,0,0,0,0,0,0,0,0,0,0,0,0,0,0,0,0,
2026-05-29,09:17:11.430,8.27,100,100,0,-0.129,5.99,25,0.990,100,0,-0.012,100,100,-0.97,-7.52,0.00,0,55.415800 12.873600,-1,2026-05-29 09:17:09,0,0,-1024,0,-430,1,50,0,322,0,0,-1,-1,-1,-1,-1,-1,0,-1,-1,-1,0,36,8,-1024,0,36,0,0,0,0,0,0,0,297,0,0,0,0,0,0,0,0,0,0,0,0,0,0,0,0,0,0,0,0,0,0,0,0,0,0,0,0,0,0,0,0,0,0,0,0,0,0,0,0,0,0,0,0,0,0,0,0,0,0,0,
2026-05-29,09:17:11.550,8.27,100,100,0,-0.130,6.00,25,0.991,100,0,-0.013,100,100,-0.97,-7.52,0.00,0,55.415800 12.873600,-1,2026-05-29 09:17:09,0,0,-1024,0,-430,0,51,0,322,0,0,-1,-1,-1,-1,-1,-1,0,-1,-1,-1,0,36,8,-1024,0,36,0,0,0,0,0,0,0,297,0,0,0,0,0,0,0,0,0,0,0,0,0,0,0,0,0,0,0,0,0,0,0,0,0,0,0,0,0,0,0,0,0,0,0,0,0,0,0,0,0,0,0,0,0,0,0,0,0,0,0,
2026-05-29,09:17:11.670,8.27,100,100,0,-0.129,6.00,25,0.995,100,0,-0.012,100,100,-0.97,-7.52,0.00,0,55.415800 12.873600,-1,2026-05-29 09:17:09,0,0,-1024,0,-430,2,50,0,322,0,0,-1,-1,-1,-1,-1,-1,0,-1,-1,-1,0,36,8,-1024,0,36,0,0,0,0,0,0,0,297,0,0,0,0,0,0,0,0,0,0,0,0,0,0,0,0,0,0,0,0,0,0,0,0,0,0,0,0,0,0,0,0,0,0,0,0,0,0,0,0,0,0,0,0,0,0,0,0,0,0,0,
2026-05-29,09:17:11.780,8.26,100,100,0,-0.129,6.00,25,0.995,100,0,-0.012,100,100,-0.97,-7.52,0.00,0,55.415800 12.873600,-1,2026-05-29 09:17:09,0,0,-1024,0,-430,0,50,0,322,0,0,-1,-1,-1,-1,-1,-1,0,-1,-1,-1,0,36,8,-1024,0,36,0,0,0,0,0,0,0,297,0,0,0,0,0,0,0,0,0,0,0,0,0,0,0,0,0,0,0,0,0,0,0,0,0,0,0,0,0,0,0,0,0,0,0,0,0,0,0,0,0,0,0,0,0,0,0,0,0,0,0,
2026-05-29,09:17:11.900,8.26,100,100,0,-0.129,6.00,25,0.997,100,0,-0.013,100,100,-0.97,-7.51,0.00,0,55.415800 12.873600,-1,2026-05-29 09:17:09,0,0,-1024,0,-429,0,51,0,322,0,0,-1,-1,-1,-1,-1,-1,0,-1,-1,-1,0,36,8,-1024,0,36,0,0,0,0,0,0,0,298,0,0,0,0,0,0,0,0,0,0,0,0,0,0,0,0,0,0,0,0,0,0,0,0,0,0,0,0,0,0,0,0,0,0,0,0,0,0,0,0,0,0,0,0,0,0,0,0,0,0,0,
2026-05-29,09:17:12.020,8.27,100,100,0,-0.130,6.00,25,0.994,100,0,-0.012,100,100,-0.97,-7.51,0.00,0,55.415800 12.873600,-1,2026-05-29 09:17:10,0,0,-1024,0,-430,0,50,0,322,0,0,-1,-1,-1,-1,-1,-1,0,-1,-1,-1,0,36,8,-1024,0,36,0,0,0,0,0,0,0,297,0,0,0,0,0,0,0,0,0,0,0,0,0,0,0,0,0,0,0,0,0,0,0,0,0,0,0,0,0,0,0,0,0,0,0,0,0,0,0,0,0,0,0,0,0,0,0,0,0,0,0,
2026-05-29,09:17:12.130,8.27,100,100,0,-0.129,6.00,25,0.993,100,0,-0.012,100,100,-0.97,-7.51,0.00,0,55.415800 12.873600,-1,2026-05-29 09:17:10,0,0,-1024,0,-430,0,50,0,322,0,0,-1,-1,-1,-1,-1,-1,0,-1,-1,-1,0,36,8,-1024,0,36,0,0,0,0,0,0,0,297,0,0,0,0,0,0,0,0,0,0,0,0,0,0,0,0,0,0,0,0,0,0,0,0,0,0,0,0,0,0,0,0,0,0,0,0,0,0,0,0,0,0,0,0,0,0,0,0,0,0,0,
2026-05-29,09:17:12.240,8.27,100,100,0,-0.129,5.97,25,0.993,100,0,-0.012,100,100,-0.97,-7.51,0.00,0,55.415800 12.873600,-1,2026-05-29 09:17:10,0,0,-1024,0,-429,1,50,0,322,0,0,-1,-1,-1,-1,-1,-1,0,-1,-1,-1,0,36,8,-1024,0,36,0,0,0,0,0,0,0,298,0,0,0,0,0,0,0,0,0,0,0,0,0,0,0,0,0,0,0,0,0,0,0,0,0,0,0,0,0,0,0,0,0,0,0,0,0,0,0,0,0,0,0,0,0,0,0,0,0,0,0,
2026-05-29,09:17:12.360,8.27,100,100,0,-0.130,5.98,25,0.992,100,0,-0.012,100,100,-0.97,-7.51,0.00,0,55.415800 12.873600,-1,2026-05-29 09:17:10,0,0,-1024,0,-430,0,50,0,322,0,0,-1,-1,-1,-1,-1,-1,0,-1,-1,-1,0,36,8,-1024,0,36,0,0,0,0,0,0,0,297,0,0,0,0,0,0,0,0,0,0,0,0,0,0,0,0,0,0,0,0,0,0,0,0,0,0,0,0,0,0,0,0,0,0,0,0,0,0,0,0,0,0,0,0,0,0,0,0,0,0,0,
2026-05-29,09:17:12.480,8.27,100,100,0,-0.129,5.96,25,0.992,100,0,-0.012,100,100,-0.97,-7.51,0.00,0,55.415800 12.873600,-1,2026-05-29 09:17:10,0,0,-1024,0,-430,0,50,0,322,0,0,-1,-1,-1,-1,-1,-1,0,-1,-1,-1,0,36,8,-1024,0,36,0,0,0,0,0,0,0,297,0,0,0,0,0,0,0,0,0,0,0,0,0,0,0,0,0,0,0,0,0,0,0,0,0,0,0,0,0,0,0,0,0,0,0,0,0,0,0,0,0,0,0,0,0,0,0,0,0,0,0,
2026-05-29,09:17:12.590,8.27,100,100,0,-0.129,5.98,25,0.992,100,0,-0.012,100,100,-0.97,-7.51,0.00,0,55.415800 12.873600,-1,2026-05-29 09:17:10,0,0,-1024,0,-430,0,50,0,322,0,0,-1,-1,-1,-1,-1,-1,0,-1,-1,-1,0,36,8,-1024,0,36,0,0,0,0,0,0,0,297,0,0,0,0,0,0,0,0,0,0,0,0,0,0,0,0,0,0,0,0,0,0,0,0,0,0,0,0,0,0,0,0,0,0,0,0,0,0,0,0,0,0,0,0,0,0,0,0,0,0,0,
2026-05-29,09:17:12.710,8.27,100,100,0,-0.130,5.98,25,0.995,100,0,-0.012,100,100,-0.97,-7.51,0.00,0,55.415800 12.873600,-1,2026-05-29 09:17:10,0,0,-1024,0,-429,0,50,0,322,0,0,-1,-1,-1,-1,-1,-1,0,-1,-1,-1,0,36,8,-1024,0,36,0,0,0,0,0,0,0,298,0,0,0,0,0,0,0,0,0,0,0,0,0,0,0,0,0,0,0,0,0,0,0,0,0,0,0,0,0,0,0,0,0,0,0,0,0,0,0,0,0,0,0,0,0,0,0,0,0,0,0,
2026-05-29,09:17:12.830,8.27,100,100,0,-0.130,5.99,25,0.995,100,0,-0.012,100,100,-0.97,-7.51,0.00,0,55.415800 12.873600,-1,2026-05-29 09:17:10,0,0,-1024,0,-430,0,50,0,322,0,0,-1,-1,-1,-1,-1,-1,0,-1,-1,-1,0,36,8,-1024,0,36,0,0,0,0,0,0,0,298,0,0,0,0,0,0,0,0,0,0,0,0,0,0,0,0,0,0,0,0,0,0,0,0,0,0,0,0,0,0,0,0,0,0,0,0,0,0,0,0,0,0,0,0,0,0,0,0,0,0,0,
2026-05-29,09:17:12.940,8.27,100,100,0,-0.130,5.99,25,0.995,100,0,-0.012,100,100,-0.97,-7.51,0.00,0,55.415800 12.873600,-1,2026-05-29 09:17:10,0,0,-1024,0,-430,0,49,0,322,0,0,-1,-1,-1,-1,-1,-1,0,-1,-1,-1,0,36,8,-1024,0,36,0,0,0,0,0,0,0,297,0,0,0,0,0,0,0,0,0,0,0,0,0,0,0,0,0,0,0,0,0,0,0,0,0,0,0,0,0,0,0,0,0,0,0,0,0,0,0,0,0,0,0,0,0,0,0,0,0,0,0,
2026-05-29,09:17:13.060,8.27,100,100,0,-0.130,5.99,25,0.996,100,0,-0.012,100,100,-0.97,-7.51,0.00,0,55.415800 12.873600,-1,2026-05-29 09:17:11,0,0,-1024,0,-429,0,50,0,322,0,0,-1,-1,-1,-1,-1,-1,0,-1,-1,-1,0,36,8,-1024,0,36,0,0,0,0,0,0,0,298,0,0,0,0,0,0,0,0,0,0,0,0,0,0,0,0,0,0,0,0,0,0,0,0,0,0,0,0,0,0,0,0,0,0,0,0,0,0,0,0,0,0,0,0,0,0,0,0,0,0,0,
2026-05-29,09:17:13.180,8.27,100,100,0,-0.128,5.99,25,0.996,100,0,-0.013,100,100,-0.97,-7.51,0.00,0,55.415800 12.873600,-1,2026-05-29 09:17:11,0,0,-1024,0,-430,0,50,0,322,0,0,-1,-1,-1,-1,-1,-1,0,-1,-1,-1,0,36,8,-1024,0,36,0,0,0,0,0,0,0,297,0,0,0,0,0,0,0,0,0,0,0,0,0,0,0,0,0,0,0,0,0,0,0,0,0,0,0,0,0,0,0,0,0,0,0,0,0,0,0,0,0,0,0,0,0,0,0,0,0,0,0,
2026-05-29,09:17:13.300,8.27,100,100,0,-0.130,5.97,25,0.996,100,0,-0.013,100,100,-0.97,-7.51,0.00,0,55.415800 12.873600,-1,2026-05-29 09:17:11,0,0,-1024,0,-430,4,50,0,322,0,0,-1,-1,-1,-1,-1,-1,0,-1,-1,-1,0,36,8,-1024,0,36,0,0,0,0,0,0,0,297,0,0,0,0,0,0,0,0,0,0,0,0,0,0,0,0,0,0,0,0,0,0,0,0,0,0,0,0,0,0,0,0,0,0,0,0,0,0,0,0,0,0,0,0,0,0,0,0,0,0,0,
2026-05-29,09:17:13.420,8.27,100,100,0,-0.130,5.95,25,0.992,100,0,-0.012,100,100,-0.97,-7.51,0.00,0,55.415800 12.873600,-1,2026-05-29 09:17:11,0,0,-1024,0,-430,0,51,0,322,0,0,-1,-1,-1,-1,-1,-1,0,-1,-1,-1,0,36,8,-1024,0,36,0,0,0,0,0,0,0,297,0,0,0,0,0,0,0,0,0,0,0,0,0,0,0,0,0,0,0,0,0,0,0,0,0,0,0,0,0,0,0,0,0,0,0,0,0,0,0,0,0,0,0,0,0,0,0,0,0,0,0,
2026-05-29,09:17:13.530,8.27,100,100,0,-0.129,5.97,25,0.995,100,0,-0.012,100,100,-0.97,-7.50,0.00,0,55.415800 12.873600,-1,2026-05-29 09:17:11,0,0,-1024,0,-430,1,50,0,321,0,0,-1,-1,-1,-1,-1,-1,0,-1,-1,-1,0,36,8,-1024,0,36,0,0,0,0,0,0,0,297,0,0,0,0,0,0,0,0,0,0,0,0,0,0,0,0,0,0,0,0,0,0,0,0,0,0,0,0,0,0,0,0,0,0,0,0,0,0,0,0,0,0,0,0,0,0,0,0,0,0,0,
2026-05-29,09:17:13.650,8.27,100,100,0,-0.129,5.97,25,0.995,100,0,-0.013,100,100,-0.97,-7.50,0.00,0,55.415800 12.873600,-1,2026-05-29 09:17:11,0,0,-1024,0,-430,0,51,0,322,0,0,-1,-1,-1,-1,-1,-1,0,-1,-1,-1,0,36,8,-1024,0,36,0,0,0,0,0,0,0,297,0,0,0,0,0,0,0,0,0,0,0,0,0,0,0,0,0,0,0,0,0,0,0,0,0,0,0,0,0,0,0,0,0,0,0,0,0,0,0,0,0,0,0,0,0,0,0,0,0,0,0,
2026-05-29,09:17:13.770,8.27,100,100,0,-0.129,5.99,25,0.993,100,0,-0.013,100,100,-0.97,-7.51,0.00,0,55.415800 12.873600,-1,2026-05-29 09:17:11,0,0,-1024,0,-430,0,51,0,322,0,0,-1,-1,-1,-1,-1,-1,0,-1,-1,-1,0,36,8,-1024,0,36,0,0,0,0,0,0,0,297,0,0,0,0,0,0,0,0,0,0,0,0,0,0,0,0,0,0,0,0,0,0,0,0,0,0,0,0,0,0,0,0,0,0,0,0,0,0,0,0,0,0,0,0,0,0,0,0,0,0,0,
2026-05-29,09:17:13.890,8.26,100,100,0,-0.129,5.99,25,0.995,100,0,-0.013,100,100,-0.97,-7.51,0.00,0,55.415800 12.873600,-1,2026-05-29 09:17:11,0,0,-1024,0,-429,0,50,0,322,0,0,-1,-1,-1,-1,-1,-1,0,-1,-1,-1,0,36,8,-1024,0,36,0,0,0,0,0,0,0,298,0,0,0,0,0,0,0,0,0,0,0,0,0,0,0,0,0,0,0,0,0,0,0,0,0,0,0,0,0,0,0,0,0,0,0,0,0,0,0,0,0,0,0,0,0,0,0,0,0,0,0,
2026-05-29,09:17:14.000,8.26,100,100,0,-0.128,5.99,25,0.995,100,0,-0.012,100,100,-0.97,-7.51,0.00,0,55.415800 12.873600,0,2026-05-29 09:17:12,0,0,-1024,0,-430,0,49,0,322,0,0,-1,-1,-1,-1,-1,-1,0,-1,-1,-1,0,36,8,-1024,0,36,0,0,0,0,0,0,0,297,0,0,0,0,0,0,0,0,0,0,0,0,0,0,0,0,0,0,0,0,0,0,0,0,0,0,0,0,0,0,0,0,0,0,0,0,0,0,0,0,0,0,0,0,0,0,0,0,0,0,0,
2026-05-29,09:17:14.130,8.26,100,100,0,-0.128,5.99,25,0.995,100,0,-0.012,100,100,-0.97,-7.51,0.00,0,55.415800 12.873600,0,2026-05-29 09:17:12,0,0,-1024,0,-429,0,51,0,322,0,0,-1,-1,-1,-1,-1,-1,0,-1,-1,-1,0,36,8,-1024,0,36,0,0,0,0,0,0,0,298,0,0,0,0,0,0,0,0,0,0,0,0,0,0,0,0,0,0,0,0,0,0,0,0,0,0,0,0,0,0,0,0,0,0,0,0,0,0,0,0,0,0,0,0,0,0,0,0,0,0,0,
2026-05-29,09:17:14.240,8.26,100,100,0,-0.129,6.00,25,0.993,100,0,-0.012,100,100,-0.97,-7.51,0.00,0,55.415800 12.873600,0,2026-05-29 09:17:12,0,0,-1024,0,-429,1,51,0,322,0,0,-1,-1,-1,-1,-1,-1,0,-1,-1,-1,0,36,8,-1024,0,36,0,0,0,0,0,0,0,298,0,0,0,0,0,0,0,0,0,0,0,0,0,0,0,0,0,0,0,0,0,0,0,0,0,0,0,0,0,0,0,0,0,0,0,0,0,0,0,0,0,0,0,0,0,0,0,0,0,0,0,
2026-05-29,09:17:14.360,8.27,100,100,0,-0.129,6.00,25,0.994,100,0,-0.011,100,100,-0.97,-7.51,0.00,0,55.415800 12.873600,0,2026-05-29 09:17:12,0,0,-1024,0,-430,0,50,0,322,0,0,-1,-1,-1,-1,-1,-1,0,-1,-1,-1,0,36,8,-1024,0,36,0,0,0,0,0,0,0,297,0,0,0,0,0,0,0,0,0,0,0,0,0,0,0,0,0,0,0,0,0,0,0,0,0,0,0,0,0,0,0,0,0,0,0,0,0,0,0,0,0,0,0,0,0,0,0,0,0,0,0,
2026-05-29,09:17:14.480,8.27,100,100,0,-0.130,6.00,25,0.994,100,0,-0.013,100,100,-0.97,-7.51,0.00,0,55.415800 12.873600,0,2026-05-29 09:17:12,0,0,-1024,0,-430,2,50,0,322,0,0,-1,-1,-1,-1,-1,-1,0,-1,-1,-1,0,36,8,-1024,0,36,0,0,0,0,0,0,0,297,0,0,0,0,0,0,0,0,0,0,0,0,0,0,0,0,0,0,0,0,0,0,0,0,0,0,0,0,0,0,0,0,0,0,0,0,0,0,0,0,0,0,0,0,0,0,0,0,0,0,0,
2026-05-29,09:17:14.590,8.27,100,100,0,-0.130,5.97,25,0.995,100,0,-0.013,100,100,-0.97,-7.51,0.00,0,55.415800 12.873600,0,2026-05-29 09:17:12,0,0,-1024,0,-430,1,50,0,322,0,0,-1,-1,-1,-1,-1,-1,0,-1,-1,-1,0,36,8,-1024,0,36,0,0,0,0,0,0,0,297,0,0,0,0,0,0,0,0,0,0,0,0,0,0,0,0,0,0,0,0,0,0,0,0,0,0,0,0,0,0,0,0,0,0,0,0,0,0,0,0,0,0,0,0,0,0,0,0,0,0,0,
2026-05-29,09:17:14.710,8.27,100,100,0,-0.128,5.98,25,0.991,100,0,-0.012,100,100,-0.97,-7.51,0.00,0,55.415800 12.873600,0,2026-05-29 09:17:12,0,0,-1024,0,-430,0,50,0,322,0,0,-1,-1,-1,-1,-1,-1,0,-1,-1,-1,0,36,8,-1024,0,36,0,0,0,0,0,0,0,297,0,0,0,0,0,0,0,0,0,0,0,0,0,0,0,0,0,0,0,0,0,0,0,0,0,0,0,0,0,0,0,0,0,0,0,0,0,0,0,0,0,0,0,0,0,0,0,0,0,0,0,
2026-05-29,09:17:14.830,8.27,100,100,0,-0.128,5.98,25,0.992,100,0,-0.012,100,100,-0.97,-7.51,0.00,0,55.415800 12.873600,0,2026-05-29 09:17:12,0,0,-1024,0,-429,0,50,0,322,0,0,-1,-1,-1,-1,-1,-1,0,-1,-1,-1,0,36,8,-1024,0,36,0,0,0,0,0,0,0,298,0,0,0,0,0,0,0,0,0,0,0,0,0,0,0,0,0,0,0,0,0,0,0,0,0,0,0,0,0,0,0,0,0,0,0,0,0,0,0,0,0,0,0,0,0,0,0,0,0,0,0,
2026-05-29,09:17:14.940,8.27,100,100,0,-0.128,5.99,25,0.992,100,0,-0.012,100,100,-0.97,-7.51,0.00,0,55.415800 12.873600,0,2026-05-29 09:17:12,0,0,-1024,0,-430,0,50,0,322,0,0,-1,-1,-1,-1,-1,-1,0,-1,-1,-1,0,36,8,-1024,0,36,0,0,0,0,0,0,0,297,0,0,0,0,0,0,0,0,0,0,0,0,0,0,0,0,0,0,0,0,0,0,0,0,0,0,0,0,0,0,0,0,0,0,0,0,0,0,0,0,0,0,0,0,0,0,0,0,0,0,0,
2026-05-29,09:17:15.060,8.27,100,100,0,-0.129,5.99,25,0.994,100,0,-0.013,100,100,-0.97,-7.50,0.00,0,55.415800 12.873600,0,2026-05-29 09:17:13,0,0,-1024,0,-430,0,50,0,322,0,0,-1,-1,-1,-1,-1,-1,0,-1,-1,-1,0,36,8,-1024,0,36,0,0,0,0,0,0,0,297,0,0,0,0,0,0,0,0,0,0,0,0,0,0,0,0,0,0,0,0,0,0,0,0,0,0,0,0,0,0,0,0,0,0,0,0,0,0,0,0,0,0,0,0,0,0,0,0,0,0,0,
2026-05-29,09:17:15.170,8.27,100,100,0,-0.129,5.97,25,0.990,100,0,-0.012,100,100,-0.97,-7.50,0.00,0,55.415800 12.873600,0,2026-05-29 09:17:13,0,0,-1024,0,-430,2,51,0,321,0,0,-1,-1,-1,-1,-1,-1,0,-1,-1,-1,0,36,8,-1024,0,36,0,0,0,0,0,0,0,297,0,0,0,0,0,0,0,0,0,0,0,0,0,0,0,0,0,0,0,0,0,0,0,0,0,0,0,0,0,0,0,0,0,0,0,0,0,0,0,0,0,0,0,0,0,0,0,0,0,0,0,
2026-05-29,09:17:15.280,8.27,100,100,0,-0.129,5.98,25,0.990,100,0,-0.012,100,100,-0.97,-7.50,0.00,0,55.415800 12.873600,0,2026-05-29 09:17:13,0,0,-1024,0,-430,3,50,0,322,0,0,-1,-1,-1,-1,-1,-1,0,-1,-1,-1,0,36,8,-1024,0,36,0,0,0,0,0,0,0,297,0,0,0,0,0,0,0,0,0,0,0,0,0,0,0,0,0,0,0,0,0,0,0,0,0,0,0,0,0,0,0,0,0,0,0,0,0,0,0,0,0,0,0,0,0,0,0,0,0,0,0,
2026-05-29,09:17:15.400,8.27,100,100,0,-0.128,5.96,25,0.992,100,0,-0.011,100,100,-0.98,-7.50,0.00,0,55.415800 12.873600,0,2026-05-29 09:17:13,0,0,-1024,0,-430,0,50,0,321,0,0,-1,-1,-1,-1,-1,-1,0,-1,-1,-1,0,36,8,-1024,0,36,0,0,0,0,0,0,0,297,0,0,0,0,0,0,0,0,0,0,0,0,0,0,0,0,0,0,0,0,0,0,0,0,0,0,0,0,0,0,0,0,0,0,0,0,0,0,0,0,0,0,0,0,0,0,0,0,0,0,0,
2026-05-29,09:17:15.520,8.27,100,100,0,-0.127,5.97,25,0.995,100,0,-0.011,100,100,-0.98,-7.50,0.00,0,55.415800 12.873600,0,2026-05-29 09:17:13,0,0,-1024,0,-430,0,51,0,322,0,0,-1,-1,-1,-1,-1,-1,0,-1,-1,-1,0,36,8,-1024,0,36,0,0,0,0,0,0,0,297,0,0,0,0,0,0,0,0,0,0,0,0,0,0,0,0,0,0,0,0,0,0,0,0,0,0,0,0,0,0,0,0,0,0,0,0,0,0,0,0,0,0,0,0,0,0,0,0,0,0,0,
2026-05-29,09:17:15.640,8.27,100,100,0,-0.127,5.98,25,0.995,100,0,-0.011,100,100,-0.98,-7.50,0.00,0,55.415800 12.873600,0,2026-05-29 09:17:13,0,0,-1024,0,-430,0,50,0,322,0,0,-1,-1,-1,-1,-1,-1,0,-1,-1,-1,0,36,8,-1024,0,36,0,0,0,0,0,0,0,297,0,0,0,0,0,0,0,0,0,0,0,0,0,0,0,0,0,0,0,0,0,0,0,0,0,0,0,0,0,0,0,0,0,0,0,0,0,0,0,0,0,0,0,0,0,0,0,0,0,0,0,
2026-05-29,09:17:15.750,8.27,100,100,0,-0.147,5.96,25,1.031,100,0,-0.012,100,100,-1.01,-7.51,0.00,0,55.415800 12.873600,0,2026-05-29 09:17:13,0,0,-1024,0,-430,0,49,0,322,0,0,-1,-1,-1,-1,-1,-1,0,-1,-1,-1,0,36,8,-1024,0,36,0,0,0,0,0,0,0,297,0,0,0,0,0,0,0,0,0,0,0,0,0,0,0,0,0,0,0,0,0,0,0,0,0,0,0,0,0,0,0,0,0,0,0,0,0,0,0,0,0,0,0,0,0,0,0,0,0,0,0,
2026-05-29,09:17:15.870,8.27,100,100,0,-0.302,5.97,25,1.010,100,0,-0.035,100,100,-0.93,-8.08,0.00,0,55.415800 12.873600,0,2026-05-29 09:17:13,0,0,-1024,0,-429,0,50,0,322,0,0,-1,-1,-1,-1,-1,-1,0,-1,-1,-1,0,36,8,-1024,0,36,0,0,0,0,0,0,0,298,0,0,0,0,0,0,0,0,0,0,0,0,0,0,0,0,0,0,0,0,0,0,0,0,0,0,0,0,0,0,0,0,0,0,0,0,0,0,0,0,0,0,0,0,0,0,0,0,0,0,0,
2026-05-29,09:17:15.990,8.27,100,100,0,-0.302,5.95,25,1.010,100,0,-0.035,100,100,-0.93,-8.08,0.00,0,55.415800 12.873600,0,2026-05-29 09:17:14,0,0,-1024,0,-429,0,50,0,322,0,0,-1,-1,-1,-1,-1,-1,0,-1,-1,-1,0,36,8,-1024,0,36,0,0,0,0,0,0,0,298,0,0,0,0,0,0,0,0,0,0,0,0,0,0,0,0,0,0,0,0,0,0,0,0,0,0,0,0,0,0,0,0,0,0,0,0,0,0,0,0,0,0,0,0,0,0,0,0,0,0,0,
2026-05-29,09:17:16.100,8.27,100,100,0,-0.268,5.94,25,0.694,99,0,-0.018,100,100,-0.67,-8.55,0.00,0,55.415800 12.873600,0,2026-05-29 09:17:14,0,0,-1024,0,-430,0,50,0,322,0,0,-1,-1,-1,-1,-1,-1,0,-1,-1,-1,0,36,8,-1024,0,36,0,0,0,0,0,0,0,297,0,0,0,0,0,0,0,0,0,0,0,0,0,0,0,0,0,0,0,0,0,0,0,0,0,0,0,0,0,0,0,0,0,0,0,0,0,0,0,0,0,0,0,0,0,0,0,0,0,0,0,
2026-05-29,09:17:16.210,8.27,100,99,0,-0.110,5.93,25,1.030,99,0,-0.056,100,100,-0.77,-9.38,0.00,0,55.415800 12.873600,0,2026-05-29 09:17:14,0,0,-1024,0,-430,0,50,0,321,0,0,-1,-1,-1,-1,-1,-1,0,-1,-1,-1,0,36,8,-1024,0,36,0,0,0,0,0,0,0,297,0,0,0,0,0,0,0,0,0,0,0,0,0,0,0,0,0,0,0,0,0,0,0,0,0,0,0,0,0,0,0,0,0,0,0,0,0,0,0,0,0,0,0,0,0,0,0,0,0,0,0,
2026-05-29,09:17:16.330,8.27,100,99,0,-0.110,5.95,25,1.030,97,0,-0.056,100,100,-0.77,-9.38,0.00,0,55.415800 12.873600,0,2026-05-29 09:17:14,0,0,-1024,0,-430,0,50,0,322,0,0,-1,-1,-1,-1,-1,-1,0,-1,-1,-1,0,36,8,-1024,0,36,0,0,0,0,0,0,0,297,0,0,0,0,0,0,0,0,0,0,0,0,0,0,0,0,0,0,0,0,0,0,0,0,0,0,0,0,0,0,0,0,0,0,0,0,0,0,0,0,0,0,0,0,0,0,0,0,0,0,0,
2026-05-29,09:17:16.470,8.27,100,100,0,-0.001,5.95,25,1.138,93,0,0.000,100,100,-0.35,-9.29,0.00,2,55.415800 12.873600,0,2026-05-29 09:17:14,0,0,-1024,0,-430,0,50,0,322,0,0,-1,-1,-1,-1,-1,-1,0,-1,-1,-1,0,36,8,-1024,0,36,0,0,0,0,0,0,0,297,0,0,0,0,0,0,0,0,0,0,0,0,0,0,0,0,0,0,0,0,0,0,0,0,0,0,0,0,0,0,0,0,0,0,0,0,0,0,0,0,0,0,0,0,0,0,0,0,0,0,0,
2026-05-29,09:17:16.590,8.27,100,100,0,0.044,5.96,25,0.944,92,0,0.047,100,100,0.55,-8.86,0.00,2,55.415800 12.873600,0,2026-05-29 09:17:14,0,0,-1024,0,-430,0,50,0,322,0,0,-1,-1,-1,-1,-1,-1,0,-1,-1,-1,0,36,8,-1024,0,36,0,0,0,0,0,0,0,297,0,0,0,0,0,0,0,0,0,0,0,0,0,0,0,0,0,0,0,0,0,0,0,0,0,0,0,0,0,0,0,0,0,0,0,0,0,0,0,0,0,0,0,0,0,0,0,0,0,0,0,
2026-05-29,09:17:16.700,8.27,100,100,0,-0.177,5.97,25,0.989,92,0,0.029,100,100,0.55,-8.86,0.00,2,55.415800 12.873600,0,2026-05-29 09:17:14,0,0,-1024,0,-430,1,50,0,321,0,0,-1,-1,-1,-1,-1,-1,0,-1,-1,-1,0,36,8,-1024,0,36,0,0,0,0,0,0,0,297,0,0,0,0,0,0,0,0,0,0,0,0,0,0,0,0,0,0,0,0,0,0,0,0,0,0,0,0,0,0,0,0,0,0,0,0,0,0,0,0,0,0,0,0,0,0,0,0,0,0,0,
2026-05-29,09:17:16.820,8.27,100,100,0,-0.177,5.96,25,0.989,92,0,0.029,100,100,0.31,-8.26,0.00,2,55.415800 12.873600,0,2026-05-29 09:17:14,0,0,-1024,0,-430,1,51,0,322,0,0,-1,-1,-1,-1,-1,-1,0,-1,-1,-1,0,36,8,-1024,0,36,0,0,0,0,0,0,0,297,0,0,0,0,0,0,0,0,0,0,0,0,0,0,0,0,0,0,0,0,0,0,0,0,0,0,0,0,0,0,0,0,0,0,0,0,0,0,0,0,0,0,0,0,0,0,0,0,0,0,0,
2026-05-29,09:17:16.940,8.27,100,100,0,-0.141,5.97,25,1.005,90,0,0.023,100,100,0.33,-8.28,0.00,2,55.415800 12.873600,0,2026-05-29 09:17:14,0,0,-1024,0,-430,0,50,0,322,0,0,-1,-1,-1,-1,-1,-1,0,-1,-1,-1,0,36,8,-1024,0,36,0,0,0,0,0,0,0,297,0,0,0,0,0,0,0,0,0,0,0,0,0,0,0,0,0,0,0,0,0,0,0,0,0,0,0,0,0,0,0,0,0,0,0,0,0,0,0,0,0,0,0,0,0,0,0,0,0,0,0,
2026-05-29,09:17:17.060,8.27,100,99,0,-0.140,5.98,25,0.995,90,0,0.001,100,100,0.41,-8.31,0.00,0,55.415800 12.873600,0,2026-05-29 09:17:15,0,0,-1024,0,-430,1,50,0,322,0,0,-1,-1,-1,-1,-1,-1,0,-1,-1,-1,0,36,8,-1024,0,36,0,0,0,0,0,0,0,298,0,0,0,0,0,0,0,0,0,0,0,0,0,0,0,0,0,0,0,0,0,0,0,0,0,0,0,0,0,0,0,0,0,0,0,0,0,0,0,0,0,0,0,0,0,0,0,0,0,0,0,
2026-05-29,09:17:17.170,8.27,100,99,0,-0.140,5.99,25,0.995,89,0,0.001,100,100,0.41,-8.31,0.00,0,55.415800 12.873600,0,2026-05-29 09:17:15,0,0,-1024,0,-430,0,51,0,322,0,0,-1,-1,-1,-1,-1,-1,0,-1,-1,-1,0,36,8,-1024,0,36,0,0,0,0,0,0,0,297,0,0,0,0,0,0,0,0,0,0,0,0,0,0,0,0,0,0,0,0,0,0,0,0,0,0,0,0,0,0,0,0,0,0,0,0,0,0,0,0,0,0,0,0,0,0,0,0,0,0,0,
2026-05-29,09:17:17.280,8.27,100,99,0,-0.131,5.99,25,0.986,89,0,0.031,100,100,0.51,-8.38,0.00,0,55.415800 12.873600,0,2026-05-29 09:17:15,0,0,-1024,0,-429,0,50,0,321,0,0,-1,-1,-1,-1,-1,-1,0,-1,-1,-1,0,36,8,-1024,0,36,0,0,0,0,0,0,0,298,0,0,0,0,0,0,0,0,0,0,0,0,0,0,0,0,0,0,0,0,0,0,0,0,0,0,0,0,0,0,0,0,0,0,0,0,0,0,0,0,0,0,0,0,0,0,0,0,0,0,0,
2026-05-29,09:17:17.400,8.27,100,99,0,-0.100,5.99,25,1.025,89,0,0.028,100,100,0.47,-8.40,0.00,0,55.415800 12.873600,0,2026-05-29 09:17:15,0,0,-1024,0,-430,0,50,0,321,0,0,-1,-1,-1,-1,-1,-1,0,-1,-1,-1,0,36,8,-1024,0,36,0,0,0,0,0,0,0,297,0,0,0,0,0,0,0,0,0,0,0,0,0,0,0,0,0,0,0,0,0,0,0,0,0,0,0,0,0,0,0,0,0,0,0,0,0,0,0,0,0,0,0,0,0,0,0,0,0,0,0,
2026-05-29,09:17:17.510,8.27,100,100,0,-0.100,5.97,25,1.025,88,0,0.028,100,100,0.47,-8.40,0.00,0,55.415800 12.873600,0,2026-05-29 09:17:15,0,0,-1024,0,-429,2,50,0,322,0,0,-1,-1,-1,-1,-1,-1,0,-1,-1,-1,0,36,8,-1024,0,36,0,0,0,0,0,0,0,298,0,0,0,0,0,0,0,0,0,0,0,0,0,0,0,0,0,0,0,0,0,0,0,0,0,0,0,0,0,0,0,0,0,0,0,0,0,0,0,0,0,0,0,0,0,0,0,0,0,0,0,
2026-05-29,09:17:17.630,8.27,100,100,0,-0.042,5.95,25,1.037,88,0,0.027,100,100,0.34,-8.49,0.00,0,55.415800 12.873600,0,2026-05-29 09:17:15,0,0,-1024,0,-429,0,50,0,322,0,0,-1,-1,-1,-1,-1,-1,0,-1,-1,-1,0,36,8,-1024,0,36,0,0,0,0,0,0,0,298,0,0,0,0,0,0,0,0,0,0,0,0,0,0,0,0,0,0,0,0,0,0,0,0,0,0,0,0,0,0,0,0,0,0,0,0,0,0,0,0,0,0,0,0,0,0,0,0,0,0,0,
2026-05-29,09:17:17.740,8.27,100,100,0,-0.249,5.97,25,0.989,88,0,0.071,100,100,0.22,-8.41,0.00,0,55.415800 12.873600,0,2026-05-29 09:17:15,0,0,-1024,0,-430,0,50,0,322,0,0,-1,-1,-1,-1,-1,-1,0,-1,-1,-1,0,36,8,-1024,0,36,0,0,0,0,0,0,0,297,0,0,0,0,0,0,0,0,0,0,0,0,0,0,0,0,0,0,0,0,0,0,0,0,0,0,0,0,0,0,0,0,0,0,0,0,0,0,0,0,0,0,0,0,0,0,0,0,0,0,0,
2026-05-29,09:17:17.860,8.27,100,100,0,-0.249,5.97,25,0.989,88,0,0.071,100,100,0.22,-8.41,0.00,0,55.415800 12.873600,0,2026-05-29 09:17:15,0,0,-1024,0,-429,1,50,0,322,0,0,-1,-1,-1,-1,-1,-1,0,-1,-1,-1,0,36,8,-1024,0,36,0,0,0,0,0,0,0,297,0,0,0,0,0,0,0,0,0,0,0,0,0,0,0,0,0,0,0,0,0,0,0,0,0,0,0,0,0,0,0,0,0,0,0,0,0,0,0,0,0,0,0,0,0,0,0,0,0,0,0,
2026-05-29,09:17:17.980,8.27,100,100,0,-0.113,5.96,25,0.979,88,0,-0.020,100,100,0.42,-8.41,0.00,0,55.415800 12.873600,0,2026-05-29 09:17:16,0,0,-1024,0,-430,0,50,0,322,0,0,-1,-1,-1,-1,-1,-1,0,-1,-1,-1,0,36,8,-1024,0,36,0,0,0,0,0,0,0,297,0,0,0,0,0,0,0,0,0,0,0,0,0,0,0,0,0,0,0,0,0,0,0,0,0,0,0,0,0,0,0,0,0,0,0,0,0,0,0,0,0,0,0,0,0,0,0,0,0,0,0,
2026-05-29,09:17:18.090,8.27,100,100,0,-0.145,5.97,25,1.014,88,0,0.020,100,100,0.41,-8.42,0.00,0,55.415800 12.873600,0,2026-05-29 09:17:16,0,0,-1024,0,-430,0,51,0,322,0,0,-1,-1,-1,-1,-1,-1,0,-1,-1,-1,0,36,8,-1024,0,36,0,0,0,0,0,0,0,297,0,0,0,0,0,0,0,0,0,0,0,0,0,0,0,0,0,0,0,0,0,0,0,0,0,0,0,0,0,0,0,0,0,0,0,0,0,0,0,0,0,0,0,0,0,0,0,0,0,0,0,
2026-05-29,09:17:18.220,8.27,100,100,0,-0.149,5.98,25,0.982,89,0,0.014,100,100,0.40,-8.42,0.00,0,55.415800 12.873600,0,2026-05-29 09:17:16,0,0,-1024,0,-430,0,51,0,322,0,0,-1,-1,-1,-1,-1,-1,0,-1,-1,-1,0,36,8,-1024,0,36,0,0,0,0,0,0,0,297,0,0,0,0,0,0,0,0,0,0,0,0,0,0,0,0,0,0,0,0,0,0,0,0,0,0,0,0,0,0,0,0,0,0,0,0,0,0,0,0,0,0,0,0,0,0,0,0,0,0,0,
2026-05-29,09:17:18.330,8.27,100,100,0,-0.149,5.99,25,0.982,89,0,0.014,100,100,0.40,-8.42,0.00,0,55.415800 12.873600,0,2026-05-29 09:17:16,0,0,-1024,0,-430,1,50,0,321,0,0,-1,-1,-1,-1,-1,-1,0,-1,-1,-1,0,36,8,-1024,0,36,0,0,0,0,0,0,0,297,0,0,0,0,0,0,0,0,0,0,0,0,0,0,0,0,0,0,0,0,0,0,0,0,0,0,0,0,0,0,0,0,0,0,0,0,0,0,0,0,0,0,0,0,0,0,0,0,0,0,0,
2026-05-29,09:17:18.450,8.27,100,100,0,-0.149,5.99,25,0.991,90,0,0.014,100,100,0.38,-8.43,0.00,1,55.415800 12.873600,0,2026-05-29 09:17:16,0,0,-1024,0,-430,1,50,0,321,0,0,-1,-1,-1,-1,-1,-1,0,-1,-1,-1,0,36,8,-1024,0,36,0,0,0,0,0,0,0,297,0,0,0,0,0,0,0,0,0,0,0,0,0,0,0,0,0,0,0,0,0,0,0,0,0,0,0,0,0,0,0,0,0,0,0,0,0,0,0,0,0,0,0,0,0,0,0,0,0,0,0,
2026-05-29,09:17:18.560,8.27,100,100,0,-0.147,5.97,25,0.991,91,0,0.011,100,100,0.38,-8.44,0.00,1,55.415800 12.873600,0,2026-05-29 09:17:16,0,0,-1024,0,-430,0,51,0,322,0,0,-1,-1,-1,-1,-1,-1,0,-1,-1,-1,0,36,8,-1024,0,36,0,0,0,0,0,0,0,297,0,0,0,0,0,0,0,0,0,0,0,0,0,0,0,0,0,0,0,0,0,0,0,0,0,0,0,0,0,0,0,0,0,0,0,0,0,0,0,0,0,0,0,0,0,0,0,0,0,0,0,
2026-05-29,09:17:18.680,8.27,100,100,0,-0.147,5.97,25,0.994,91,0,0.011,100,100,0.38,-8.44,0.00,1,55.415800 12.873600,0,2026-05-29 09:17:16,0,0,-1024,0,-430,4,50,0,322,0,0,-1,-1,-1,-1,-1,-1,0,-1,-1,-1,0,36,8,-1024,0,36,0,0,0,0,0,0,0,297,0,0,0,0,0,0,0,0,0,0,0,0,0,0,0,0,0,0,0,0,0,0,0,0,0,0,0,0,0,0,0,0,0,0,0,0,0,0,0,0,0,0,0,0,0,0,0,0,0,0,0,
2026-05-29,09:17:18.800,8.27,100,100,0,-0.149,5.99,25,0.996,91,0,0.011,100,100,0.39,-8.45,0.00,1,55.415800 12.873600,0,2026-05-29 09:17:16,0,0,-1024,0,-430,2,50,0,322,0,0,-1,-1,-1,-1,-1,-1,0,-1,-1,-1,0,36,8,-1024,0,36,0,0,0,0,0,0,0,298,0,0,0,0,0,0,0,0,0,0,0,0,0,0,0,0,0,0,0,0,0,0,0,0,0,0,0,0,0,0,0,0,0,0,0,0,0,0,0,0,0,0,0,0,0,0,0,0,0,0,0,
2026-05-29,09:17:18.910,8.27,100,100,0,-0.149,5.99,25,0.999,91,0,0.008,100,100,0.39,-8.46,0.00,1,55.415800 12.873600,0,2026-05-29 09:17:16,0,0,-1024,0,-429,0,50,0,322,0,0,-1,-1,-1,-1,-1,-1,0,-1,-1,-1,0,36,8,-1024,0,36,0,0,0,0,0,0,0,297,0,0,0,0,0,0,0,0,0,0,0,0,0,0,0,0,0,0,0,0,0,0,0,0,0,0,0,0,0,0,0,0,0,0,0,0,0,0,0,0,0,0,0,0,0,0,0,0,0,0,0,
2026-05-29,09:17:19.030,8.27,100,100,0,-0.149,5.97,25,0.999,91,0,0.008,100,100,0.39,-8.46,0.00,0,55.415800 12.873600,0,2026-05-29 09:17:17,0,0,-1024,0,-429,2,50,0,322,0,0,-1,-1,-1,-1,-1,-1,0,-1,-1,-1,0,36,8,-1024,0,36,0,0,0,0,0,0,0,298,0,0,0,0,0,0,0,0,0,0,0,0,0,0,0,0,0,0,0,0,0,0,0,0,0,0,0,0,0,0,0,0,0,0,0,0,0,0,0,0,0,0,0,0,0,0,0,0,0,0,0,
2026-05-29,09:17:19.150,8.27,100,100,0,-0.150,5.97,25,0.997,92,0,0.011,100,100,0.39,-8.46,0.00,0,55.415800 12.873600,0,2026-05-29 09:17:17,0,0,-1024,0,-429,0,51,0,322,0,0,-1,-1,-1,-1,-1,-1,0,-1,-1,-1,0,36,8,-1024,0,36,0,0,0,0,0,0,0,297,0,0,0,0,0,0,0,0,0,0,0,0,0,0,0,0,0,0,0,0,0,0,0,0,0,0,0,0,0,0,0,0,0,0,0,0,0,0,0,0,0,0,0,0,0,0,0,0,0,0,0,
2026-05-29,09:17:19.270,8.27,100,100,0,-0.147,5.96,25,0.991,92,0,0.009,100,100,0.40,-8.47,0.00,0,55.415800 12.873600,0,2026-05-29 09:17:17,0,0,-1024,0,-430,0,51,0,322,0,0,-1,-1,-1,-1,-1,-1,0,-1,-1,-1,0,36,8,-1024,0,36,0,0,0,0,0,0,0,297,0,0,0,0,0,0,0,0,0,0,0,0,0,0,0,0,0,0,0,0,0,0,0,0,0,0,0,0,0,0,0,0,0,0,0,0,0,0,0,0,0,0,0,0,0,0,0,0,0,0,0,
2026-05-29,09:17:19.390,8.27,100,100,0,-0.150,5.95,25,1.001,92,0,0.009,100,100,0.40,-8.47,0.00,0,55.415800 12.873600,0,2026-05-29 09:17:17,0,0,-1024,0,-430,1,50,0,322,0,0,-1,-1,-1,-1,-1,-1,0,-1,-1,-1,0,36,8,-1024,0,36,0,0,0,0,0,0,0,297,0,0,0,0,0,0,0,0,0,0,0,0,0,0,0,0,0,0,0,0,0,0,0,0,0,0,0,0,0,0,0,0,0,0,0,0,0,0,0,0,0,0,0,0,0,0,0,0,0,0,0,
2026-05-29,09:17:19.500,8.27,100,100,0,-0.150,5.96,25,1.001,92,0,0.010,100,100,0.40,-8.47,0.00,0,55.415800 12.873600,0,2026-05-29 09:17:17,0,0,-1024,0,-430,1,50,0,322,0,0,-1,-1,-1,-1,-1,-1,0,-1,-1,-1,0,36,8,-1024,0,36,0,0,0,0,0,0,0,297,0,0,0,0,0,0,0,0,0,0,0,0,0,0,0,0,0,0,0,0,0,0,0,0,0,0,0,0,0,0,0,0,0,0,0,0,0,0,0,0,0,0,0,0,0,0,0,0,0,0,0,
2026-05-29,09:17:19.620,8.27,100,100,0,-0.150,5.97,25,0.991,90,0,0.009,100,100,0.40,-8.48,0.00,0,55.415800 12.873600,0,2026-05-29 09:17:17,0,0,-1024,0,-430,1,50,0,322,0,0,-1,-1,-1,-1,-1,-1,0,-1,-1,-1,0,36,8,-1024,0,36,0,0,0,0,0,0,0,297,0,0,0,0,0,0,0,0,0,0,0,0,0,0,0,0,0,0,0,0,0,0,0,0,0,0,0,0,0,0,0,0,0,0,0,0,0,0,0,0,0,0,0,0,0,0,0,0,0,0,0,
2026-05-29,09:17:19.740,8.27,100,100,0,-0.146,5.95,25,0.995,90,0,0.011,100,100,0.40,-8.48,0.00,0,55.415800 12.873600,0,2026-05-29 09:17:17,0,0,-1024,0,-430,0,51,0,322,0,0,-1,-1,-1,-1,-1,-1,0,-1,-1,-1,0,36,8,-1024,0,36,0,0,0,0,0,0,0,297,0,0,0,0,0,0,0,0,0,0,0,0,0,0,0,0,0,0,0,0,0,0,0,0,0,0,0,0,0,0,0,0,0,0,0,0,0,0,0,0,0,0,0,0,0,0,0,0,0,0,0,
2026-05-29,09:17:19.850,8.27,100,100,0,-0.146,5.97,25,0.995,90,0,0.011,100,100,0.40,-8.48,0.00,0,55.415800 12.873600,0,2026-05-29 09:17:17,0,0,-1024,0,-429,0,51,0,321,0,0,-1,-1,-1,-1,-1,-1,0,-1,-1,-1,0,36,8,-1024,0,36,0,0,0,0,0,0,0,298,0,0,0,0,0,0,0,0,0,0,0,0,0,0,0,0,0,0,0,0,0,0,0,0,0,0,0,0,0,0,0,0,0,0,0,0,0,0,0,0,0,0,0,0,0,0,0,0,0,0,0,
2026-05-29,09:17:19.970,8.27,100,100,0,-0.145,5.95,25,0.990,88,0,0.011,100,100,0.41,-8.49,0.00,0,55.415800 12.873600,0,2026-05-29 09:17:18,0,0,-1024,0,-429,0,51,0,322,0,0,-1,-1,-1,-1,-1,-1,0,-1,-1,-1,0,36,8,-1024,0,36,0,0,0,0,0,0,0,298,0,0,0,0,0,0,0,0,0,0,0,0,0,0,0,0,0,0,0,0,0,0,0,0,0,0,0,0,0,0,0,0,0,0,0,0,0,0,0,0,0,0,0,0,0,0,0,0,0,0,0,
2026-05-29,09:17:20.090,8.27,100,100,0,-0.147,5.95,25,0.996,88,0,0.011,100,100,0.41,-8.49,0.00,0,55.415800 12.873600,0,2026-05-29 09:17:18,0,0,-1024,0,-429,0,51,0,322,0,0,-1,-1,-1,-1,-1,-1,0,-1,-1,-1,0,36,8,-1024,0,36,0,0,0,0,0,0,0,298,0,0,0,0,0,0,0,0,0,0,0,0,0,0,0,0,0,0,0,0,0,0,0,0,0,0,0,0,0,0,0,0,0,0,0,0,0,0,0,0,0,0,0,0,0,0,0,0,0,0,0,
2026-05-29,09:17:20.200,8.27,100,100,0,-0.147,5.96,25,0.996,88,0,0.011,100,100,0.41,-8.49,0.00,0,55.415800 12.873600,0,2026-05-29 09:17:18,0,0,-1024,0,-430,0,50,0,322,0,0,-1,-1,-1,-1,-1,-1,0,-1,-1,-1,0,36,8,-1024,0,36,0,0,0,0,0,0,0,297,0,0,0,0,0,0,0,0,0,0,0,0,0,0,0,0,0,0,0,0,0,0,0,0,0,0,0,0,0,0,0,0,0,0,0,0,0,0,0,0,0,0,0,0,0,0,0,0,0,0,0,
2026-05-29,09:17:20.310,8.27,100,100,0,-0.147,5.97,25,1.001,88,0,0.010,100,100,0.41,-8.50,0.00,0,55.415800 12.873600,0,2026-05-29 09:17:18,0,0,-1024,0,-430,0,50,0,322,0,0,-1,-1,-1,-1,-1,-1,0,-1,-1,-1,0,36,8,-1024,0,36,0,0,0,0,0,0,0,297,0,0,0,0,0,0,0,0,0,0,0,0,0,0,0,0,0,0,0,0,0,0,0,0,0,0,0,0,0,0,0,0,0,0,0,0,0,0,0,0,0,0,0,0,0,0,0,0,0,0,0,
2026-05-29,09:17:20.430,8.27,100,100,0,-0.148,5.98,25,1.004,87,0,0.009,100,100,0.40,-8.50,0.00,1,55.415800 12.873600,0,2026-05-29 09:17:18,0,0,-1024,0,-430,0,50,0,322,0,0,-1,-1,-1,-1,-1,-1,0,-1,-1,-1,0,36,8,-1024,0,36,0,0,0,0,0,0,0,297,0,0,0,0,0,0,0,0,0,0,0,0,0,0,0,0,0,0,0,0,0,0,0,0,0,0,0,0,0,0,0,0,0,0,0,0,0,0,0,0,0,0,0,0,0,0,0,0,0,0,0,
2026-05-29,09:17:20.540,8.27,100,100,0,-0.148,5.98,25,1.004,87,0,0.009,100,100,0.40,-8.50,0.00,1,55.415800 12.873600,0,2026-05-29 09:17:18,0,0,-1024,0,-430,1,50,0,322,0,0,-1,-1,-1,-1,-1,-1,0,-1,-1,-1,0,36,8,-1024,0,36,0,0,0,0,0,0,0,297,0,0,0,0,0,0,0,0,0,0,0,0,0,0,0,0,0,0,0,0,0,0,0,0,0,0,0,0,0,0,0,0,0,0,0,0,0,0,0,0,0,0,0,0,0,0,0,0,0,0,0,
2026-05-29,09:17:20.660,8.27,100,100,0,-0.148,5.97,25,1.001,88,0,0.011,100,100,0.40,-8.51,0.00,1,55.415800 12.873600,0,2026-05-29 09:17:18,0,0,-1024,0,-430,0,50,0,322,0,0,-1,-1,-1,-1,-1,-1,0,-1,-1,-1,0,36,8,-1024,0,36,0,0,0,0,0,0,0,297,0,0,0,0,0,0,0,0,0,0,0,0,0,0,0,0,0,0,0,0,0,0,0,0,0,0,0,0,0,0,0,0,0,0,0,0,0,0,0,0,0,0,0,0,0,0,0,0,0,0,0,
2026-05-29,09:17:20.770,8.27,100,100,0,-0.148,5.98,25,0.996,88,0,0.013,100,100,0.40,-8.51,0.00,1,55.415800 12.873600,0,2026-05-29 09:17:18,0,0,-1024,0,-430,0,50,0,322,0,0,-1,-1,-1,-1,-1,-1,0,-1,-1,-1,0,36,8,-1024,0,36,0,0,0,0,0,0,0,297,0,0,0,0,0,0,0,0,0,0,0,0,0,0,0,0,0,0,0,0,0,0,0,0,0,0,0,0,0,0,0,0,0,0,0,0,0,0,0,0,0,0,0,0,0,0,0,0,0,0,0,
2026-05-29,09:17:20.890,8.27,100,100,0,-0.148,5.98,25,0.996,89,0,0.013,100,100,0.40,-8.51,0.00,1,55.415800 12.873600,0,2026-05-29 09:17:18,0,0,-1024,0,-429,1,50,0,322,0,0,-1,-1,-1,-1,-1,-1,0,-1,-1,-1,0,36,8,-1024,0,36,0,0,0,0,0,0,0,298,0,0,0,0,0,0,0,0,0,0,0,0,0,0,0,0,0,0,0,0,0,0,0,0,0,0,0,0,0,0,0,0,0,0,0,0,0,0,0,0,0,0,0,0,0,0,0,0,0,0,0,
2026-05-29,09:17:21.000,8.27,100,100,0,-0.147,5.99,25,0.993,90,0,0.019,100,100,0.39,-8.52,0.00,1,55.415800 12.873600,0,2026-05-29 09:17:19,0,0,-1024,0,-430,1,51,0,322,0,0,-1,-1,-1,-1,-1,-1,0,-1,-1,-1,0,36,8,-1024,0,36,0,0,0,0,0,0,0,297,0,0,0,0,0,0,0,0,0,0,0,0,0,0,0,0,0,0,0,0,0,0,0,0,0,0,0,0,0,0,0,0,0,0,0,0,0,0,0,0,0,0,0,0,0,0,0,0,0,0,0,
2026-05-29,09:17:21.120,8.27,100,98,0,-0.140,5.99,25,0.992,90,0,0.023,100,100,0.39,-8.53,0.00,1,55.415800 12.873600,0,2026-05-29 09:17:19,0,0,-1024,0,-429,0,50,0,322,0,0,-1,-1,-1,-1,-1,-1,0,-1,-1,-1,0,36,8,-1024,0,36,0,0,0,0,0,0,0,298,0,0,0,0,0,0,0,0,0,0,0,0,0,0,0,0,0,0,0,0,0,0,0,0,0,0,0,0,0,0,0,0,0,0,0,0,0,0,0,0,0,0,0,0,0,0,0,0,0,0,0,
2026-05-29,09:17:21.240,8.27,100,99,0,-0.140,5.99,25,0.992,89,0,0.023,100,100,0.39,-8.53,0.00,1,55.415800 12.873600,0,2026-05-29 09:17:19,0,0,-1024,0,-430,1,51,0,322,0,0,-1,-1,-1,-1,-1,-1,0,-1,-1,-1,0,36,8,-1024,0,36,0,0,0,0,0,0,0,297,0,0,0,0,0,0,0,0,0,0,0,0,0,0,0,0,0,0,0,0,0,0,0,0,0,0,0,0,0,0,0,0,0,0,0,0,0,0,0,0,0,0,0,0,0,0,0,0,0,0,0,
2026-05-29,09:17:21.360,8.27,100,99,0,-0.163,6.00,25,0.986,89,0,0.013,100,100,0.39,-8.52,0.00,1,55.415800 12.873600,0,2026-05-29 09:17:19,0,0,-1024,0,-430,0,50,0,321,0,0,-1,-1,-1,-1,-1,-1,0,-1,-1,-1,0,36,8,-1024,0,36,0,0,0,0,0,0,0,297,0,0,0,0,0,0,0,0,0,0,0,0,0,0,0,0,0,0,0,0,0,0,0,0,0,0,0,0,0,0,0,0,0,0,0,0,0,0,0,0,0,0,0,0,0,0,0,0,0,0,0,
2026-05-29,09:17:21.480,8.27,100,99,0,-0.093,6.00,25,0.964,88,0,0.071,100,100,0.43,-8.51,0.00,0,55.415800 12.873600,0,2026-05-29 09:17:19,0,0,-1024,0,-429,0,51,0,322,0,0,-1,-1,-1,-1,-1,-1,0,-1,-1,-1,0,36,8,-1024,0,36,0,0,0,0,0,0,0,298,0,0,0,0,0,0,0,0,0,0,0,0,0,0,0,0,0,0,0,0,0,0,0,0,0,0,0,0,0,0,0,0,0,0,0,0,0,0,0,0,0,0,0,0,0,0,0,0,0,0,0,
2026-05-29,09:17:21.590,8.27,100,99,0,-0.133,6.00,25,0.964,88,0,0.071,100,100,0.43,-8.51,0.00,0,55.415800 12.873600,0,2026-05-29 09:17:19,0,0,-1024,0,-430,0,50,0,322,0,0,-1,-1,-1,-1,-1,-1,0,-1,-1,-1,0,36,8,-1024,0,36,0,0,0,0,0,0,0,297,0,0,0,0,0,0,0,0,0,0,0,0,0,0,0,0,0,0,0,0,0,0,0,0,0,0,0,0,0,0,0,0,0,0,0,0,0,0,0,0,0,0,0,0,0,0,0,0,0,0,0,
2026-05-29,09:17:21.710,8.26,100,99,0,-0.133,6.00,25,0.989,88,0,-0.004,100,100,0.44,-8.50,0.00,0,55.415800 12.873600,0,2026-05-29 09:17:19,0,0,-1024,0,-430,0,50,0,322,0,0,-1,-1,-1,-1,-1,-1,0,-1,-1,-1,0,36,8,-1024,0,36,0,0,0,0,0,0,0,297,0,0,0,0,0,0,0,0,0,0,0,0,0,0,0,0,0,0,0,0,0,0,0,0,0,0,0,0,0,0,0,0,0,0,0,0,0,0,0,0,0,0,0,0,0,0,0,0,0,0,0,
2026-05-29,09:17:21.830,8.27,100,100,0,-0.162,5.97,25,0.983,88,0,0.008,100,100,0.45,-8.52,0.00,0,55.415800 12.873600,0,2026-05-29 09:17:19,0,0,-1024,0,-430,0,51,0,322,0,0,-1,-1,-1,-1,-1,-1,0,-1,-1,-1,0,36,8,-1024,0,36,0,0,0,0,0,0,0,297,0,0,0,0,0,0,0,0,0,0,0,0,0,0,0,0,0,0,0,0,0,0,0,0,0,0,0,0,0,0,0,0,0,0,0,0,0,0,0,0,0,0,0,0,0,0,0,0,0,0,0,
2026-05-29,09:17:21.950,8.26,100,100,0,-0.161,5.96,25,0.994,88,0,0.016,100,100,0.48,-8.52,0.00,0,55.415800 12.873600,0,2026-05-29 09:17:19,0,0,-1024,0,-430,0,50,0,322,0,0,-1,-1,-1,-1,-1,-1,0,-1,-1,-1,0,36,8,-1024,0,36,0,0,0,0,0,0,0,297,0,0,0,0,0,0,0,0,0,0,0,0,0,0,0,0,0,0,0,0,0,0,0,0,0,0,0,0,0,0,0,0,0,0,0,0,0,0,0,0,0,0,0,0,0,0,0,0,0,0,0,
2026-05-29,09:17:22.080,8.26,100,100,0,-0.161,5.97,25,0.994,86,0,0.016,100,100,0.48,-8.52,0.00,0,55.415800 12.873600,0,2026-05-29 09:17:20,0,0,-1024,0,-430,0,51,0,322,0,0,-1,-1,-1,-1,-1,-1,0,-1,-1,-1,0,36,8,-1024,0,36,0,0,0,0,0,0,0,297,0,0,0,0,0,0,0,0,0,0,0,0,0,0,0,0,0,0,0,0,0,0,0,0,0,0,0,0,0,0,0,0,0,0,0,0,0,0,0,0,0,0,0,0,0,0,0,0,0,0,0,
2026-05-29,09:17:22.200,8.27,100,100,0,-0.239,5.98,25,0.970,86,0,-0.006,100,100,0.42,-8.48,0.00,0,55.415800 12.873600,0,2026-05-29 09:17:20,0,0,-1024,0,-430,1,50,0,321,0,0,-1,-1,-1,-1,-1,-1,0,-1,-1,-1,0,36,8,-1024,0,36,0,0,0,0,0,0,0,297,0,0,0,0,0,0,0,0,0,0,0,0,0,0,0,0,0,0,0,0,0,0,0,0,0,0,0,0,0,0,0,0,0,0,0,0,0,0,0,0,0,0,0,0,0,0,0,0,0,0,0,
2026-05-29,09:17:22.320,8.27,100,100,0,-0.166,5.98,25,1.000,86,0,0.007,100,100,0.48,-8.52,0.00,0,55.415800 12.873600,0,2026-05-29 09:17:20,0,0,-1024,0,-430,0,50,0,322,0,0,-1,-1,-1,-1,-1,-1,0,-1,-1,-1,0,36,8,-1024,0,36,0,0,0,0,0,0,0,297,0,0,0,0,0,0,0,0,0,0,0,0,0,0,0,0,0,0,0,0,0,0,0,0,0,0,0,0,0,0,0,0,0,0,0,0,0,0,0,0,0,0,0,0,0,0,0,0,0,0,0,
2026-05-29,09:17:22.440,8.27,100,99,0,-0.121,5.97,25,0.995,86,0,0.007,100,100,0.48,-8.52,0.00,0,55.415800 12.873600,0,2026-05-29 09:17:20,0,0,-1024,0,-430,0,50,0,322,0,0,-1,-1,-1,-1,-1,-1,0,-1,-1,-1,0,36,8,-1024,0,36,0,0,0,0,0,0,0,297,0,0,0,0,0,0,0,0,0,0,0,0,0,0,0,0,0,0,0,0,0,0,0,0,0,0,0,0,0,0,0,0,0,0,0,0,0,0,0,0,0,0,0,0,0,0,0,0,0,0,0,
2026-05-29,09:17:22.560,8.27,100,99,0,-0.121,5.98,25,0.995,87,0,0.037,100,100,0.50,-8.53,0.00,0,55.415800 12.873600,0,2026-05-29 09:17:20,0,0,-1024,0,-429,0,50,0,322,0,0,-1,-1,-1,-1,-1,-1,0,-1,-1,-1,0,36,8,-1024,0,36,0,0,0,0,0,0,0,298,0,0,0,0,0,0,0,0,0,0,0,0,0,0,0,0,0,0,0,0,0,0,0,0,0,0,0,0,0,0,0,0,0,0,0,0,0,0,0,0,0,0,0,0,0,0,0,0,0,0,0,
2026-05-29,09:17:22.670,8.27,100,95,0,-0.153,5.98,25,1.017,87,0,0.045,100,100,0.51,-8.54,0.00,0,55.415800 12.873600,0,2026-05-29 09:17:20,0,0,-1024,0,-429,0,50,0,322,0,0,-1,-1,-1,-1,-1,-1,0,-1,-1,-1,0,36,8,-1024,0,36,0,0,0,0,0,0,0,298,0,0,0,0,0,0,0,0,0,0,0,0,0,0,0,0,0,0,0,0,0,0,0,0,0,0,0,0,0,0,0,0,0,0,0,0,0,0,0,0,0,0,0,0,0,0,0,0,0,0,0,
2026-05-29,09:17:22.790,8.27,100,95,0,-0.151,5.99,25,0.994,87,0,0.059,100,100,0.50,-8.53,0.00,0,55.415800 12.873600,0,2026-05-29 09:17:20,0,0,-1024,0,-430,0,50,0,322,0,0,-1,-1,-1,-1,-1,-1,0,-1,-1,-1,0,36,8,-1024,0,36,0,0,0,0,0,0,0,297,0,0,0,0,0,0,0,0,0,0,0,0,0,0,0,0,0,0,0,0,0,0,0,0,0,0,0,0,0,0,0,0,0,0,0,0,0,0,0,0,0,0,0,0,0,0,0,0,0,0,0,
2026-05-29,09:17:22.910,8.27,100,94,0,-0.151,5.99,25,0.994,87,0,0.059,100,100,0.50,-8.53,0.00,0,55.415800 12.873600,0,2026-05-29 09:17:20,0,0,-1024,0,-430,0,50,0,322,0,0,-1,-1,-1,-1,-1,-1,0,-1,-1,-1,0,36,8,-1024,0,36,0,0,0,0,0,0,0,297,0,0,0,0,0,0,0,0,0,0,0,0,0,0,0,0,0,0,0,0,0,0,0,0,0,0,0,0,0,0,0,0,0,0,0,0,0,0,0,0,0,0,0,0,0,0,0,0,0,0,0,
2026-05-29,09:17:23.020,8.27,100,94,0,-0.140,5.99,25,0.995,87,0,0.024,100,100,0.48,-8.52,0.00,0,55.415800 12.873600,0,2026-05-29 09:17:21,0,0,-1024,0,-430,0,51,0,322,0,0,-1,-1,-1,-1,-1,-1,0,-1,-1,-1,0,36,8,-1024,0,36,0,0,0,0,0,0,0,297,0,0,0,0,0,0,0,0,0,0,0,0,0,0,0,0,0,0,0,0,0,0,0,0,0,0,0,0,0,0,0,0,0,0,0,0,0,0,0,0,0,0,0,0,0,0,0,0,0,0,0,
2026-05-29,09:17:23.160,8.27,100,97,0,-0.151,5.98,25,0.979,85,0,0.032,100,100,0.45,-8.53,0.00,0,55.415800 12.873600,0,2026-05-29 09:17:21,0,0,-1024,0,-430,0,51,0,322,0,0,-1,-1,-1,-1,-1,-1,0,-1,-1,-1,0,36,8,-1024,0,36,0,0,0,0,0,0,0,297,0,0,0,0,0,0,0,0,0,0,0,0,0,0,0,0,0,0,0,0,0,0,0,0,0,0,0,0,0,0,0,0,0,0,0,0,0,0,0,0,0,0,0,0,0,0,0,0,0,0,0,
2026-05-29,09:17:23.280,8.26,100,98,0,-0.153,5.98,25,0.997,83,0,0.032,100,100,0.45,-8.53,0.00,0,55.415800 12.873600,0,2026-05-29 09:17:21,0,0,-1024,0,-430,0,50,0,322,0,0,-1,-1,-1,-1,-1,-1,0,-1,-1,-1,0,36,8,-1024,0,36,0,0,0,0,0,0,0,297,0,0,0,0,0,0,0,0,0,0,0,0,0,0,0,0,0,0,0,0,0,0,0,0,0,0,0,0,0,0,0,0,0,0,0,0,0,0,0,0,0,0,0,0,0,0,0,0,0,0,0,
2026-05-29,09:17:23.390,8.27,100,98,0,-0.153,5.99,25,0.997,83,0,0.020,100,100,0.34,-8.53,0.00,1,55.415800 12.873600,0,2026-05-29 09:17:21,0,0,-1024,0,-430,2,50,0,322,0,0,-1,-1,-1,-1,-1,-1,0,-1,-1,-1,0,36,8,-1024,0,36,0,0,0,0,0,0,0,297,0,0,0,0,0,0,0,0,0,0,0,0,0,0,0,0,0,0,0,0,0,0,0,0,0,0,0,0,0,0,0,0,0,0,0,0,0,0,0,0,0,0,0,0,0,0,0,0,0,0,0,
2026-05-29,09:17:23.500,8.26,100,99,0,-0.109,5.99,25,0.983,82,0,0.009,100,100,0.45,-8.53,0.00,1,55.415800 12.873600,0,2026-05-29 09:17:21,0,0,-1024,0,-430,0,51,0,322,0,0,-1,-1,-1,-1,-1,-1,0,-1,-1,-1,0,36,8,-1024,0,36,0,0,0,0,0,0,0,297,0,0,0,0,0,0,0,0,0,0,0,0,0,0,0,0,0,0,0,0,0,0,0,0,0,0,0,0,0,0,0,0,0,0,0,0,0,0,0,0,0,0,0,0,0,0,0,0,0,0,0,
2026-05-29,09:17:23.620,8.26,100,99,0,-0.105,5.97,25,1.049,82,0,0.119,100,100,0.45,-8.53,0.00,1,55.415800 12.873600,0,2026-05-29 09:17:21,0,0,-1024,0,-430,0,50,0,322,0,0,-1,-1,-1,-1,-1,-1,0,-1,-1,-1,0,36,8,-1024,0,36,0,0,0,0,0,0,0,297,0,0,0,0,0,0,0,0,0,0,0,0,0,0,0,0,0,0,0,0,0,0,0,0,0,0,0,0,0,0,0,0,0,0,0,0,0,0,0,0,0,0,0,0,0,0,0,0,0,0,0,
2026-05-29,09:17:23.730,8.26,100,99,0,-0.105,5.98,25,1.049,81,0,0.119,100,100,0.39,-8.52,0.00,1,55.415800 12.873600,0,2026-05-29 09:17:21,0,0,-1024,0,-430,0,50,0,322,0,0,-1,-1,-1,-1,-1,-1,0,-1,-1,-1,0,36,8,-1024,0,36,0,0,0,0,0,0,0,297,0,0,0,0,0,0,0,0,0,0,0,0,0,0,0,0,0,0,0,0,0,0,0,0,0,0,0,0,0,0,0,0,0,0,0,0,0,0,0,0,0,0,0,0,0,0,0,0,0,0,0,
2026-05-29,09:17:23.870,8.27,100,99,0,-0.105,5.98,25,1.049,79,0,0.119,100,100,0.39,-8.52,0.00,1,55.415800 12.873600,0,2026-05-29 09:17:21,0,0,-1024,0,-430,1,50,0,322,0,0,-1,-1,-1,-1,-1,-1,0,-1,-1,-1,0,36,8,-1024,0,36,0,0,0,0,0,0,0,297,0,0,0,0,0,0,0,0,0,0,0,0,0,0,0,0,0,0,0,0,0,0,0,0,0,0,0,0,0,0,0,0,0,0,0,0,0,0,0,0,0,0,0,0,0,0,0,0,0,0,0,
2026-05-29,09:17:23.990,8.26,100,99,0,-0.105,5.98,25,1.049,77,0,0.119,100,100,0.39,-8.52,0.00,1,55.415800 12.873600,0,2026-05-29 09:17:21,0,0,-1024,0,-430,1,50,0,322,0,0,-1,-1,-1,-1,-1,-1,0,-1,-1,-1,0,36,8,-1024,0,36,0,0,0,0,0,0,0,298,0,0,0,0,0,0,0,0,0,0,0,0,0,0,0,0,0,0,0,0,0,0,0,0,0,0,0,0,0,0,0,0,0,0,0,0,0,0,0,0,0,0,0,0,0,0,0,0,0,0,0,
2026-05-29,09:17:24.110,8.27,100,99,0,-0.105,5.98,25,1.049,73,0,0.119,100,100,0.39,-8.52,0.00,1,55.415800 12.873600,0,2026-05-29 09:17:21,0,0,-1024,0,-429,0,50,0,322,0,0,-1,-1,-1,-1,-1,-1,0,-1,-1,-1,0,36,8,-1024,0,36,0,0,0,0,0,0,0,298,0,0,0,0,0,0,0,0,0,0,0,0,0,0,0,0,0,0,0,0,0,0,0,0,0,0,0,0,0,0,0,0,0,0,0,0,0,0,0,0,0,0,0,0,0,0,0,0,0,0,0,
2026-05-29,09:17:24.250,8.27,100,99,0,-0.105,5.98,25,1.049,67,0,0.119,100,100,0.39,-8.52,0.00,1,55.415800 12.873600,0,2026-05-29 09:17:21,0,0,-1024,0,-430,0,50,0,322,0,0,-1,-1,-1,-1,-1,-1,0,-1,-1,-1,0,36,8,-1024,0,36,0,0,0,0,0,0,0,297,0,0,0,0,0,0,0,0,0,0,0,0,0,0,0,0,0,0,0,0,0,0,0,0,0,0,0,0,0,0,0,0,0,0,0,0,0,0,0,0,0,0,0,0,0,0,0,0,0,0,0,
2026-05-29,09:17:24.360,8.27,100,99,0,-0.105,5.98,25,1.049,63,0,0.119,100,100,0.39,-8.52,0.00,1,55.415800 12.873600,0,2026-05-29 09:17:21,0,0,-1024,0,-430,1,50,0,322,0,0,-1,-1,-1,-1,-1,-1,0,-1,-1,-1,0,36,8,-1024,0,36,0,0,0,0,0,0,0,298,0,0,0,0,0,0,0,0,0,0,0,0,0,0,0,0,0,0,0,0,0,0,0,0,0,0,0,0,0,0,0,0,0,0,0,0,0,0,0,0,0,0,0,0,0,0,0,0,0,0,0,
2026-05-29,09:17:24.470,8.27,100,99,0,-0.105,5.98,25,1.049,59,0,0.119,100,100,0.39,-8.52,0.00,1,55.415800 12.873600,0,2026-05-29 09:17:21,0,0,-1024,0,-430,0,50,0,322,0,0,-1,-1,-1,-1,-1,-1,0,-1,-1,-1,0,36,8,-1024,0,36,0,0,0,0,0,0,0,297,0,0,0,0,0,0,0,0,0,0,0,0,0,0,0,0,0,0,0,0,0,0,0,0,0,0,0,0,0,0,0,0,0,0,0,0,0,0,0,0,0,0,0,0,0,0,0,0,0,0,0,
2026-05-29,09:17:24.590,8.27,100,99,1,-0.105,5.98,25,1.049,56,1,0.119,100,100,0.39,-8.52,0.00,1,55.415800 12.873600,0,2026-05-29 09:17:21,0,0,-1024,0,-430,0,50,0,322,0,0,-1,-1,-1,-1,-1,-1,0,-1,-1,-1,0,36,8,-1024,0,36,0,0,0,0,0,0,0,297,0,0,0,0,0,0,0,0,0,0,0,0,0,0,0,0,0,0,0,0,0,0,0,0,0,0,0,0,0,0,0,0,0,0,0,0,0,0,0,0,0,0,0,0,0,0,0,0,0,0,0,
2026-05-29,09:17:24.710,8.27,100,99,1,-0.105,5.98,25,1.049,56,1,0.119,100,100,0.39,-8.52,0.00,1,55.415800 12.873600,0,2026-05-29 09:17:21,0,0,-1024,0,-430,0,51,0,322,0,0,-1,-1,-1,-1,-1,-1,0,-1,-1,-1,0,36,8,-1024,0,36,0,0,0,0,0,0,0,297,0,0,0,0,0,0,0,0,0,0,0,0,0,0,0,0,0,0,0,0,0,0,0,0,0,0,0,0,0,0,0,0,0,0,0,0,0,0,0,0,0,0,0,0,0,0,0,0,0,0,0,
2026-05-29,09:17:24.820,8.27,100,99,1,-0.105,5.98,25,1.049,56,1,0.119,100,100,0.39,-8.52,0.00,1,55.415800 12.873600,0,2026-05-29 09:17:21,0,0,-1024,0,-429,0,50,0,321,0,0,-1,-1,-1,-1,-1,-1,0,-1,-1,-1,0,36,8,-1024,0,36,0,0,0,0,0,0,0,298,0,0,0,0,0,0,0,0,0,0,0,0,0,0,0,0,0,0,0,0,0,0,0,0,0,0,0,0,0,0,0,0,0,0,0,0,0,0,0,0,0,0,0,0,0,0,0,0,0,0,0,
2026-05-29,09:17:24.940,8.27,100,99,1,-0.105,5.98,25,1.049,56,1,0.119,100,100,0.39,-8.52,0.00,1,55.415800 12.873600,0,2026-05-29 09:17:21,0,0,-1024,0,-430,0,50,0,322,0,0,-1,-1,-1,-1,-1,-1,0,-1,-1,-1,0,36,8,-1024,0,36,0,0,0,0,0,0,0,297,0,0,0,0,0,0,0,0,0,0,0,0,0,0,0,0,0,0,0,0,0,0,0,0,0,0,0,0,0,0,0,0,0,0,0,0,0,0,0,0,0,0,0,0,0,0,0,0,0,0,0,
2026-05-29,09:17:25.060,8.27,100,99,1,-0.105,5.98,25,1.049,56,1,0.119,100,100,0.39,-8.52,0.00,1,55.415800 12.873600,0,2026-05-29 09:17:21,0,0,-1024,0,-429,0,50,0,321,0,0,-1,-1,-1,-1,-1,-1,0,-1,-1,-1,0,36,8,-1024,0,36,0,0,0,0,0,0,0,297,0,0,0,0,0,0,0,0,0,0,0,0,0,0,0,0,0,0,0,0,0,0,0,0,0,0,0,0,0,0,0,0,0,0,0,0,0,0,0,0,0,0,0,0,0,0,0,0,0,0,0,
2026-05-29,09:17:25.170,8.27,100,99,1,-0.105,5.98,25,1.049,56,1,0.119,100,100,0.39,-8.52,0.00,1,55.415800 12.873600,0,2026-05-29 09:17:21,0,0,-1024,0,-430,2,51,0,322,0,0,-1,-1,-1,-1,-1,-1,0,-1,-1,-1,0,36,8,-1024,0,36,0,0,0,0,0,0,0,297,0,0,0,0,0,0,0,0,0,0,0,0,0,0,0,0,0,0,0,0,0,0,0,0,0,0,0,0,0,0,0,0,0,0,0,0,0,0,0,0,0,0,0,0,0,0,0,0,0,0,0,
2026-05-29,09:17:25.290,8.27,100,99,1,-0.105,5.98,25,1.049,56,1,0.119,100,100,0.39,-8.52,0.00,1,55.415800 12.873600,0,2026-05-29 09:17:21,0,0,-1024,0,-429,0,50,0,322,0,0,-1,-1,-1,-1,-1,-1,0,-1,-1,-1,0,36,8,-1024,0,36,0,0,0,0,0,0,0,298,0,0,0,0,0,0,0,0,0,0,0,0,0,0,0,0,0,0,0,0,0,0,0,0,0,0,0,0,0,0,0,0,0,0,0,0,0,0,0,0,0,0,0,0,0,0,0,0,0,0,0,
2026-05-29,09:17:25.410,8.27,100,99,1,-0.105,5.98,25,1.049,56,1,0.119,100,100,0.39,-8.52,0.00,1,55.415800 12.873600,0,2026-05-29 09:17:21,0,0,-1024,0,-429,0,51,0,322,0,0,-1,-1,-1,-1,-1,-1,0,-1,-1,-1,0,36,8,-1024,0,36,0,0,0,0,0,0,0,297,0,0,0,0,0,0,0,0,0,0,0,0,0,0,0,0,0,0,0,0,0,0,0,0,0,0,0,0,0,0,0,0,0,0,0,0,0,0,0,0,0,0,0,0,0,0,0,0,0,0,0,
2026-05-29,09:17:25.530,8.27,100,99,1,-0.105,5.98,25,1.049,56,1,0.119,100,100,0.39,-8.52,0.00,1,55.415800 12.873600,0,2026-05-29 09:17:21,0,0,-1024,0,-429,0,50,0,321,0,0,-1,-1,-1,-1,-1,-1,0,-1,-1,-1,0,36,8,-1024,0,36,0,0,0,0,0,0,0,298,0,0,0,0,0,0,0,0,0,0,0,0,0,0,0,0,0,0,0,0,0,0,0,0,0,0,0,0,0,0,0,0,0,0,0,0,0,0,0,0,0,0,0,0,0,0,0,0,0,0,0,
2026-05-29,09:17:25.650,8.27,100,99,1,-0.105,5.98,25,1.049,56,1,0.119,100,100,0.39,-8.52,0.00,1,55.415800 12.873600,0,2026-05-29 09:17:21,0,0,-1024,0,-430,0,51,0,321,0,0,-1,-1,-1,-1,-1,-1,0,-1,-1,-1,0,36,8,-1024,0,36,0,0,0,0,0,0,0,297,0,0,0,0,0,0,0,0,0,0,0,0,0,0,0,0,0,0,0,0,0,0,0,0,0,0,0,0,0,0,0,0,0,0,0,0,0,0,0,0,0,0,0,0,0,0,0,0,0,0,0,
2026-05-29,09:17:25.760,8.26,100,99,1,-0.105,5.98,25,1.049,56,1,0.119,100,100,0.39,-8.52,0.00,1,55.415800 12.873600,0,2026-05-29 09:17:21,0,0,-1024,0,-430,0,50,0,322,0,0,-1,-1,-1,-1,-1,-1,0,-1,-1,-1,0,36,8,-1024,0,36,0,0,0,0,0,0,0,297,0,0,0,0,0,0,0,0,0,0,0,0,0,0,0,0,0,0,0,0,0,0,0,0,0,0,0,0,0,0,0,0,0,0,0,0,0,0,0,0,0,0,0,0,0,0,0,0,0,0,0,
2026-05-29,09:17:25.880,8.27,100,99,1,-0.105,5.98,25,1.049,56,1,0.119,100,100,0.39,-8.52,0.00,1,55.415800 12.873600,0,2026-05-29 09:17:21,0,0,-1024,0,-430,2,50,0,322,0,0,-1,-1,-1,-1,-1,-1,0,-1,-1,-1,0,36,8,-1024,0,36,0,0,0,0,0,0,0,297,0,0,0,0,0,0,0,0,0,0,0,0,0,0,0,0,0,0,0,0,0,0,0,0,0,0,0,0,0,0,0,0,0,0,0,0,0,0,0,0,0,0,0,0,0,0,0,0,0,0,0,
2026-05-29,09:17:26.000,8.26,100,99,1,-0.105,5.98,25,1.049,56,1,0.119,100,100,0.39,-8.52,0.00,1,55.415800 12.873600,0,2026-05-29 09:17:21,0,0,-1024,0,-430,1,50,0,322,0,0,-1,-1,-1,-1,-1,-1,0,-1,-1,-1,0,36,8,-1024,0,36,0,0,0,0,0,0,0,298,0,0,0,0,0,0,0,0,0,0,0,0,0,0,0,0,0,0,0,0,0,0,0,0,0,0,0,0,0,0,0,0,0,0,0,0,0,0,0,0,0,0,0,0,0,0,0,0,0,0,0,
2026-05-29,09:17:26.110,8.26,100,99,1,-0.105,5.98,25,1.049,56,1,0.119,100,100,0.39,-8.52,0.00,1,55.415800 12.873600,0,2026-05-29 09:17:21,0,0,-1024,0,-429,0,51,0,322,0,0,-1,-1,-1,-1,-1,-1,0,-1,-1,-1,0,36,8,-1024,0,36,0,0,0,0,0,0,0,297,0,0,0,0,0,0,0,0,0,0,0,0,0,0,0,0,0,0,0,0,0,0,0,0,0,0,0,0,0,0,0,0,0,0,0,0,0,0,0,0,0,0,0,0,0,0,0,0,0,0,0,
2026-05-29,09:17:26.230,8.27,100,99,1,-0.105,5.98,25,1.049,56,1,0.119,100,100,0.39,-8.52,0.00,1,55.415800 12.873600,0,2026-05-29 09:17:21,0,0,-1024,0,-430,0,50,0,322,0,0,-1,-1,-1,-1,-1,-1,0,-1,-1,-1,0,36,8,-1024,0,36,0,0,0,0,0,0,0,298,0,0,0,0,0,0,0,0,0,0,0,0,0,0,0,0,0,0,0,0,0,0,0,0,0,0,0,0,0,0,0,0,0,0,0,0,0,0,0,0,0,0,0,0,0,0,0,0,0,0,0,
2026-05-29,09:17:26.360,8.27,100,99,1,-0.105,5.98,25,1.049,56,1,0.119,100,100,0.39,-8.52,0.00,1,55.415800 12.873600,0,2026-05-29 09:17:21,0,0,-1024,0,-430,0,50,0,322,0,0,-1,-1,-1,-1,-1,-1,0,-1,-1,-1,0,36,8,-1024,0,36,0,0,0,0,0,0,0,297,0,0,0,0,0,0,0,0,0,0,0,0,0,0,0,0,0,0,0,0,0,0,0,0,0,0,0,0,0,0,0,0,0,0,0,0,0,0,0,0,0,0,0,0,0,0,0,0,0,0,0,
2026-05-29,09:17:26.470,8.27,100,99,1,-0.105,5.98,25,1.049,56,1,0.119,100,100,0.39,-8.52,0.00,1,55.415800 12.873600,0,2026-05-29 09:17:21,0,0,-1024,0,-430,0,50,0,322,0,0,-1,-1,-1,-1,-1,-1,0,-1,-1,-1,0,36,8,-1024,0,36,0,0,0,0,0,0,0,297,0,0,0,0,0,0,0,0,0,0,0,0,0,0,0,0,0,0,0,0,0,0,0,0,0,0,0,0,0,0,0,0,0,0,0,0,0,0,0,0,0,0,0,0,0,0,0,0,0,0,0,
2026-05-29,09:17:26.590,8.27,100,99,1,-0.105,5.98,25,1.049,56,1,0.119,100,100,0.39,-8.52,0.00,1,55.415800 12.873600,0,2026-05-29 09:17:21,0,0,-1024,0,-430,1,49,0,322,0,0,-1,-1,-1,-1,-1,-1,0,-1,-1,-1,0,36,8,-1024,0,36,0,0,0,0,0,0,0,297,0,0,0,0,0,0,0,0,0,0,0,0,0,0,0,0,0,0,0,0,0,0,0,0,0,0,0,0,0,0,0,0,0,0,0,0,0,0,0,0,0,0,0,0,0,0,0,0,0,0,0,
2026-05-29,09:17:26.710,8.27,100,99,1,-0.105,5.98,25,1.049,56,1,0.119,100,100,0.39,-8.52,0.00,1,55.415800 12.873600,0,2026-05-29 09:17:21,0,0,-1024,0,-430,1,50,0,322,0,0,-1,-1,-1,-1,-1,-1,0,-1,-1,-1,0,36,8,-1024,0,36,0,0,0,0,0,0,0,297,0,0,0,0,0,0,0,0,0,0,0,0,0,0,0,0,0,0,0,0,0,0,0,0,0,0,0,0,0,0,0,0,0,0,0,0,0,0,0,0,0,0,0,0,0,0,0,0,0,0,0,
2026-05-29,09:17:26.830,8.27,100,99,1,-0.105,5.98,25,1.049,56,1,0.119,100,100,0.39,-8.52,0.00,1,55.415800 12.873600,0,2026-05-29 09:17:21,0,0,-1024,0,-429,1,50,0,322,0,0,-1,-1,-1,-1,-1,-1,0,-1,-1,-1,0,36,8,-1024,0,36,0,0,0,0,0,0,0,298,0,0,0,0,0,0,0,0,0,0,0,0,0,0,0,0,0,0,0,0,0,0,0,0,0,0,0,0,0,0,0,0,0,0,0,0,0,0,0,0,0,0,0,0,0,0,0,0,0,0,0,
2026-05-29,09:17:26.950,8.26,100,99,1,-0.105,5.98,25,1.049,56,1,0.119,100,100,0.39,-8.52,0.00,1,55.415800 12.873600,0,2026-05-29 09:17:21,0,0,-1024,0,-430,0,50,0,322,0,0,-1,-1,-1,-1,-1,-1,0,-1,-1,-1,0,36,8,-1024,0,36,0,0,0,0,0,0,0,297,0,0,0,0,0,0,0,0,0,0,0,0,0,0,0,0,0,0,0,0,0,0,0,0,0,0,0,0,0,0,0,0,0,0,0,0,0,0,0,0,0,0,0,0,0,0,0,0,0,0,0,
2026-05-29,09:17:27.070,8.26,100,99,1,-0.105,5.98,25,1.049,56,1,0.119,100,100,0.39,-8.52,0.00,1,55.415800 12.873600,0,2026-05-29 09:17:21,0,0,-1024,0,-430,0,51,0,322,0,0,-1,-1,-1,-1,-1,-1,0,-1,-1,-1,0,36,8,-1024,0,36,0,0,0,0,0,0,0,297,0,0,0,0,0,0,0,0,0,0,0,0,0,0,0,0,0,0,0,0,0,0,0,0,0,0,0,0,0,0,0,0,0,0,0,0,0,0,0,0,0,0,0,0,0,0,0,0,0,0,0,
2026-05-29,09:17:27.180,8.26,100,99,1,-0.105,5.98,25,1.049,56,1,0.119,100,100,0.39,-8.52,0.00,1,55.415800 12.873600,0,2026-05-29 09:17:21,0,0,-1024,0,-430,1,51,0,322,0,0,-1,-1,-1,-1,-1,-1,0,-1,-1,-1,0,36,8,-1024,0,36,0,0,0,0,0,0,0,297,0,0,0,0,0,0,0,0,0,0,0,0,0,0,0,0,0,0,0,0,0,0,0,0,0,0,0,0,0,0,0,0,0,0,0,0,0,0,0,0,0,0,0,0,0,0,0,0,0,0,0,
2026-05-29,09:17:27.300,8.27,100,99,1,-0.105,5.98,25,1.049,56,1,0.119,100,100,0.39,-8.52,0.00,1,55.415800 12.873600,0,2026-05-29 09:17:21,0,0,-1024,0,-430,0,50,0,322,0,0,-1,-1,-1,-1,-1,-1,0,-1,-1,-1,0,36,8,-1024,0,36,0,0,0,0,0,0,0,297,0,0,0,0,0,0,0,0,0,0,0,0,0,0,0,0,0,0,0,0,0,0,0,0,0,0,0,0,0,0,0,0,0,0,0,0,0,0,0,0,0,0,0,0,0,0,0,0,0,0,0,
2026-05-29,09:17:27.410,8.27,100,99,1,-0.105,5.98,25,1.049,56,1,0.119,100,100,0.39,-8.52,0.00,1,55.415800 12.873600,0,2026-05-29 09:17:21,0,0,-1024,0,-429,0,50,0,322,0,0,-1,-1,-1,-1,-1,-1,0,-1,-1,-1,0,36,8,-1024,0,36,0,0,0,0,0,0,0,298,0,0,0,0,0,0,0,0,0,0,0,0,0,0,0,0,0,0,0,0,0,0,0,0,0,0,0,0,0,0,0,0,0,0,0,0,0,0,0,0,0,0,0,0,0,0,0,0,0,0,0,
2026-05-29,09:17:27.520,8.26,100,99,1,-0.105,5.98,25,1.049,56,1,0.119,100,100,0.39,-8.52,0.00,1,55.415800 12.873600,0,2026-05-29 09:17:21,0,0,-1024,0,-430,1,51,0,322,0,0,-1,-1,-1,-1,-1,-1,0,-1,-1,-1,0,36,8,-1024,0,36,0,0,0,0,0,0,0,297,0,0,0,0,0,0,0,0,0,0,0,0,0,0,0,0,0,0,0,0,0,0,0,0,0,0,0,0,0,0,0,0,0,0,0,0,0,0,0,0,0,0,0,0,0,0,0,0,0,0,0,
2026-05-29,09:17:27.640,8.26,100,99,1,-0.105,5.98,25,1.049,56,1,0.119,100,100,0.39,-8.52,0.00,1,55.415800 12.873600,0,2026-05-29 09:17:21,0,0,-1024,0,-430,0,50,0,322,0,0,-1,-1,-1,-1,-1,-1,0,-1,-1,-1,0,36,8,-1024,0,36,0,0,0,0,0,0,0,297,0,0,0,0,0,0,0,0,0,0,0,0,0,0,0,0,0,0,0,0,0,0,0,0,0,0,0,0,0,0,0,0,0,0,0,0,0,0,0,0,0,0,0,0,0,0,0,0,0,0,0,
2026-05-29,09:17:27.760,8.26,100,99,1,-0.105,5.98,25,1.049,56,1,0.119,100,100,0.39,-8.52,0.00,1,55.415800 12.873600,0,2026-05-29 09:17:21,0,0,-1024,0,-430,1,50,0,321,0,0,-1,-1,-1,-1,-1,-1,0,-1,-1,-1,0,36,8,-1024,0,36,0,0,0,0,0,0,0,297,0,0,0,0,0,0,0,0,0,0,0,0,0,0,0,0,0,0,0,0,0,0,0,0,0,0,0,0,0,0,0,0,0,0,0,0,0,0,0,0,0,0,0,0,0,0,0,0,0,0,0,
2026-05-29,09:17:27.880,8.26,100,99,1,-0.105,5.98,25,1.049,56,1,0.119,100,100,0.39,-8.52,0.00,1,55.415800 12.873600,0,2026-05-29 09:17:21,0,0,-1024,0,-430,0,50,0,322,0,0,-1,-1,-1,-1,-1,-1,0,-1,-1,-1,0,36,8,-1024,0,36,0,0,0,0,0,0,0,297,0,0,0,0,0,0,0,0,0,0,0,0,0,0,0,0,0,0,0,0,0,0,0,0,0,0,0,0,0,0,0,0,0,0,0,0,0,0,0,0,0,0,0,0,0,0,0,0,0,0,0,
2026-05-29,09:17:27.990,8.26,100,99,1,-0.105,5.98,25,1.049,56,1,0.119,100,100,0.39,-8.52,0.00,1,55.415800 12.873600,0,2026-05-29 09:17:21,0,0,-1024,0,-430,0,50,0,322,0,0,-1,-1,-1,-1,-1,-1,0,-1,-1,-1,0,36,8,-1024,0,36,0,0,0,0,0,0,0,297,0,0,0,0,0,0,0,0,0,0,0,0,0,0,0,0,0,0,0,0,0,0,0,0,0,0,0,0,0,0,0,0,0,0,0,0,0,0,0,0,0,0,0,0,0,0,0,0,0,0,0,
2026-05-29,09:17:28.110,8.26,100,99,1,-0.105,5.98,25,1.049,56,1,0.119,100,100,0.39,-8.52,0.00,1,55.415800 12.873600,0,2026-05-29 09:17:21,0,0,-1024,0,-430,0,50,0,322,0,0,-1,-1,-1,-1,-1,-1,0,-1,-1,-1,0,36,8,-1024,0,36,0,0,0,0,0,0,0,297,0,0,0,0,0,0,0,0,0,0,0,0,0,0,0,0,0,0,0,0,0,0,0,0,0,0,0,0,0,0,0,0,0,0,0,0,0,0,0,0,0,0,0,0,0,0,0,0,0,0,0,
2026-05-29,09:17:28.230,8.27,100,99,1,-0.105,5.98,25,1.049,56,1,0.119,100,100,0.39,-8.52,0.00,1,55.415800 12.873600,0,2026-05-29 09:17:21,0,0,-1024,0,-429,0,50,0,322,0,0,-1,-1,-1,-1,-1,-1,0,-1,-1,-1,0,36,8,-1024,0,36,0,0,0,0,0,0,0,297,0,0,0,0,0,0,0,0,0,0,0,0,0,0,0,0,0,0,0,0,0,0,0,0,0,0,0,0,0,0,0,0,0,0,0,0,0,0,0,0,0,0,0,0,0,0,0,0,0,0,0,
2026-05-29,09:17:28.340,8.27,100,99,1,-0.105,5.98,25,1.049,56,1,0.119,100,100,0.39,-8.52,0.00,1,55.415800 12.873600,0,2026-05-29 09:17:21,0,0,-1024,0,-430,0,51,0,321,0,0,-1,-1,-1,-1,-1,-1,0,-1,-1,-1,0,36,8,-1024,0,36,0,0,0,0,0,0,0,297,0,0,0,0,0,0,0,0,0,0,0,0,0,0,0,0,0,0,0,0,0,0,0,0,0,0,0,0,0,0,0,0,0,0,0,0,0,0,0,0,0,0,0,0,0,0,0,0,0,0,0,
2026-05-29,09:17:28.450,8.27,100,99,1,-0.105,5.98,25,1.049,56,1,0.119,100,100,0.39,-8.52,0.00,1,55.415800 12.873600,0,2026-05-29 09:17:21,0,0,-1024,0,-430,1,50,0,321,0,0,-1,-1,-1,-1,-1,-1,0,-1,-1,-1,0,36,8,-1024,0,36,0,0,0,0,0,0,0,297,0,0,0,0,0,0,0,0,0,0,0,0,0,0,0,0,0,0,0,0,0,0,0,0,0,0,0,0,0,0,0,0,0,0,0,0,0,0,0,0,0,0,0,0,0,0,0,0,0,0,0,
2026-05-29,09:17:28.560,8.27,100,99,1,-0.105,5.98,25,1.049,56,1,0.119,100,100,0.39,-8.52,0.00,1,55.415800 12.873600,0,2026-05-29 09:17:21,0,0,-1024,0,-430,0,50,0,322,0,0,-1,-1,-1,-1,-1,-1,0,-1,-1,-1,0,36,8,-1024,0,36,0,0,0,0,0,0,0,297,0,0,0,0,0,0,0,0,0,0,0,0,0,0,0,0,0,0,0,0,0,0,0,0,0,0,0,0,0,0,0,0,0,0,0,0,0,0,0,0,0,0,0,0,0,0,0,0,0,0,0,
2026-05-29,09:17:28.680,8.27,100,99,1,-0.105,5.98,25,1.049,56,1,0.119,100,100,0.39,-8.52,0.00,1,55.415800 12.873600,0,2026-05-29 09:17:21,0,0,-1024,0,-430,0,50,0,322,0,0,-1,-1,-1,-1,-1,-1,0,-1,-1,-1,0,36,8,-1024,0,36,0,0,0,0,0,0,0,297,0,0,0,0,0,0,0,0,0,0,0,0,0,0,0,0,0,0,0,0,0,0,0,0,0,0,0,0,0,0,0,0,0,0,0,0,0,0,0,0,0,0,0,0,0,0,0,0,0,0,0,
2026-05-29,09:17:28.800,8.26,100,99,1,-0.105,5.98,25,1.049,56,1,0.119,100,100,0.39,-8.52,0.00,1,55.415800 12.873600,0,2026-05-29 09:17:21,0,0,-1024,0,-430,0,50,0,322,0,0,-1,-1,-1,-1,-1,-1,0,-1,-1,-1,0,36,8,-1024,0,36,0,0,0,0,0,0,0,297,0,0,0,0,0,0,0,0,0,0,0,0,0,0,0,0,0,0,0,0,0,0,0,0,0,0,0,0,0,0,0,0,0,0,0,0,0,0,0,0,0,0,0,0,0,0,0,0,0,0,0,
2026-05-29,09:17:28.920,8.27,100,99,1,-0.105,5.98,25,1.049,56,1,0.119,100,100,0.39,-8.52,0.00,1,55.415800 12.873600,0,2026-05-29 09:17:21,0,0,-1024,0,-430,0,50,0,322,0,0,-1,-1,-1,-1,-1,-1,0,-1,-1,-1,0,36,8,-1024,0,36,0,0,0,0,0,0,0,297,0,0,0,0,0,0,0,0,0,0,0,0,0,0,0,0,0,0,0,0,0,0,0,0,0,0,0,0,0,0,0,0,0,0,0,0,0,0,0,0,0,0,0,0,0,0,0,0,0,0,0,
2026-05-29,09:17:29.030,8.27,100,99,1,-0.105,5.98,25,1.049,56,1,0.119,100,100,0.39,-8.52,0.00,1,55.415800 12.873600,0,2026-05-29 09:17:21,0,0,-1024,0,-430,0,51,0,322,0,0,-1,-1,-1,-1,-1,-1,0,-1,-1,-1,0,36,8,-1024,0,36,0,0,0,0,0,0,0,297,0,0,0,0,0,0,0,0,0,0,0,0,0,0,0,0,0,0,0,0,0,0,0,0,0,0,0,0,0,0,0,0,0,0,0,0,0,0,0,0,0,0,0,0,0,0,0,0,0,0,0,
2026-05-29,09:17:29.150,8.27,100,99,1,-0.105,5.98,25,1.049,56,1,0.119,100,100,0.39,-8.52,0.00,1,55.415800 12.873600,0,2026-05-29 09:17:21,0,0,-1024,0,-430,0,50,0,322,0,0,-1,-1,-1,-1,-1,-1,0,-1,-1,-1,0,36,8,-1024,0,36,0,0,0,0,0,0,0,297,0,0,0,0,0,0,0,0,0,0,0,0,0,0,0,0,0,0,0,0,0,0,0,0,0,0,0,0,0,0,0,0,0,0,0,0,0,0,0,0,0,0,0,0,0,0,0,0,0,0,0,
2026-05-29,09:17:29.270,8.27,100,99,1,-0.105,5.98,25,1.049,56,1,0.119,100,100,0.39,-8.52,0.00,1,55.415800 12.873600,0,2026-05-29 09:17:21,0,0,-1024,0,-429,0,50,0,322,0,0,-1,-1,-1,-1,-1,-1,0,-1,-1,-1,0,36,8,-1024,0,36,0,0,0,0,0,0,0,298,0,0,0,0,0,0,0,0,0,0,0,0,0,0,0,0,0,0,0,0,0,0,0,0,0,0,0,0,0,0,0,0,0,0,0,0,0,0,0,0,0,0,0,0,0,0,0,0,0,0,0,
2026-05-29,09:17:29.380,8.27,100,99,1,-0.105,5.98,25,1.049,56,1,0.119,100,100,0.39,-8.52,0.00,1,55.415800 12.873600,0,2026-05-29 09:17:21,0,0,-1024,0,-430,1,51,0,322,0,0,-1,-1,-1,-1,-1,-1,0,-1,-1,-1,0,36,8,-1024,0,36,0,0,0,0,0,0,0,298,0,0,0,0,0,0,0,0,0,0,0,0,0,0,0,0,0,0,0,0,0,0,0,0,0,0,0,0,0,0,0,0,0,0,0,0,0,0,0,0,0,0,0,0,0,0,0,0,0,0,0,
2026-05-29,09:17:29.490,8.27,100,99,1,-0.105,5.98,25,1.049,56,1,0.119,100,100,0.39,-8.52,0.00,1,55.415800 12.873600,0,2026-05-29 09:17:21,0,0,-1024,0,-430,0,50,0,322,0,0,-1,-1,-1,-1,-1,-1,0,-1,-1,-1,0,36,8,-1024,0,36,0,0,0,0,0,0,0,298,0,0,0,0,0,0,0,0,0,0,0,0,0,0,0,0,0,0,0,0,0,0,0,0,0,0,0,0,0,0,0,0,0,0,0,0,0,0,0,0,0,0,0,0,0,0,0,0,0,0,0,
2026-05-29,09:17:29.610,8.27,100,99,1,-0.105,5.98,25,1.049,56,1,0.119,100,100,0.39,-8.52,0.00,1,55.415800 12.873600,0,2026-05-29 09:17:21,0,0,-1024,0,-429,1,50,0,322,0,0,-1,-1,-1,-1,-1,-1,0,-1,-1,-1,0,36,8,-1024,0,36,0,0,0,0,0,0,0,298,0,0,0,0,0,0,0,0,0,0,0,0,0,0,0,0,0,0,0,0,0,0,0,0,0,0,0,0,0,0,0,0,0,0,0,0,0,0,0,0,0,0,0,0,0,0,0,0,0,0,0,
2026-05-29,09:17:29.720,8.27,100,99,1,-0.105,5.98,25,1.049,56,1,0.119,100,100,0.39,-8.52,0.00,1,55.415800 12.873600,0,2026-05-29 09:17:21,0,0,-1024,0,-430,1,50,0,322,0,0,-1,-1,-1,-1,-1,-1,0,-1,-1,-1,0,36,8,-1024,0,36,0,0,0,0,0,0,0,297,0,0,0,0,0,0,0,0,0,0,0,0,0,0,0,0,0,0,0,0,0,0,0,0,0,0,0,0,0,0,0,0,0,0,0,0,0,0,0,0,0,0,0,0,0,0,0,0,0,0,0,
2026-05-29,09:17:29.840,8.27,100,99,1,-0.105,5.98,25,1.049,56,1,0.119,100,100,0.39,-8.52,0.00,1,55.415800 12.873600,0,2026-05-29 09:17:21,0,0,-1024,0,-430,0,50,0,321,0,0,-1,-1,-1,-1,-1,-1,0,-1,-1,-1,0,36,8,-1024,0,36,0,0,0,0,0,0,0,298,0,0,0,0,0,0,0,0,0,0,0,0,0,0,0,0,0,0,0,0,0,0,0,0,0,0,0,0,0,0,0,0,0,0,0,0,0,0,0,0,0,0,0,0,0,0,0,0,0,0,0,
2026-05-29,09:17:29.960,8.27,100,99,1,-0.105,5.98,25,1.049,56,1,0.119,100,100,0.39,-8.52,0.00,1,55.415800 12.873600,0,2026-05-29 09:17:21,0,0,-1024,0,-429,2,51,0,322,0,0,-1,-1,-1,-1,-1,-1,0,-1,-1,-1,0,36,8,-1024,0,36,0,0,0,0,0,0,0,298,0,0,0,0,0,0,0,0,0,0,0,0,0,0,0,0,0,0,0,0,0,0,0,0,0,0,0,0,0,0,0,0,0,0,0,0,0,0,0,0,0,0,0,0,0,0,0,0,0,0,0,
2026-05-29,09:17:30.070,8.27,100,99,1,-0.105,5.98,25,1.049,56,1,0.119,100,100,0.39,-8.52,0.00,1,55.415800 12.873600,0,2026-05-29 09:17:21,0,0,-1024,0,-430,0,50,0,322,0,0,-1,-1,-1,-1,-1,-1,0,-1,-1,-1,0,36,8,-1024,0,36,0,0,0,0,0,0,0,297,0,0,0,0,0,0,0,0,0,0,0,0,0,0,0,0,0,0,0,0,0,0,0,0,0,0,0,0,0,0,0,0,0,0,0,0,0,0,0,0,0,0,0,0,0,0,0,0,0,0,0,
2026-05-29,09:17:30.190,8.27,100,99,1,-0.105,5.98,25,1.049,56,1,0.119,100,100,0.39,-8.52,0.00,1,55.415800 12.873600,0,2026-05-29 09:17:21,0,0,-1024,0,-429,0,51,0,322,0,0,-1,-1,-1,-1,-1,-1,0,-1,-1,-1,0,36,8,-1024,0,36,0,0,0,0,0,0,0,298,0,0,0,0,0,0,0,0,0,0,0,0,0,0,0,0,0,0,0,0,0,0,0,0,0,0,0,0,0,0,0,0,0,0,0,0,0,0,0,0,0,0,0,0,0,0,0,0,0,0,0,
2026-05-29,09:17:30.310,8.27,100,99,1,-0.105,5.98,25,1.049,56,1,0.119,100,100,0.39,-8.52,0.00,1,55.415800 12.873600,0,2026-05-29 09:17:21,0,0,-1024,0,-430,1,50,0,322,0,0,-1,-1,-1,-1,-1,-1,0,-1,-1,-1,0,36,8,-1024,0,36,0,0,0,0,0,0,0,298,0,0,0,0,0,0,0,0,0,0,0,0,0,0,0,0,0,0,0,0,0,0,0,0,0,0,0,0,0,0,0,0,0,0,0,0,0,0,0,0,0,0,0,0,0,0,0,0,0,0,0,
2026-05-29,09:17:30.420,8.27,100,99,1,-0.105,5.98,25,1.049,56,1,0.119,100,100,0.39,-8.52,0.00,1,55.415800 12.873600,0,2026-05-29 09:17:21,0,0,-1024,0,-430,0,50,0,321,0,0,-1,-1,-1,-1,-1,-1,0,-1,-1,-1,0,36,8,-1024,0,36,0,0,0,0,0,0,0,297,0,0,0,0,0,0,0,0,0,0,0,0,0,0,0,0,0,0,0,0,0,0,0,0,0,0,0,0,0,0,0,0,0,0,0,0,0,0,0,0,0,0,0,0,0,0,0,0,0,0,0,
2026-05-29,09:17:30.530,8.27,100,99,1,-0.105,5.98,25,1.049,56,1,0.119,100,100,0.39,-8.52,0.00,1,55.415800 12.873600,0,2026-05-29 09:17:21,0,0,-1024,0,-430,0,50,0,322,0,0,-1,-1,-1,-1,-1,-1,0,-1,-1,-1,0,36,8,-1024,0,36,0,0,0,0,0,0,0,297,0,0,0,0,0,0,0,0,0,0,0,0,0,0,0,0,0,0,0,0,0,0,0,0,0,0,0,0,0,0,0,0,0,0,0,0,0,0,0,0,0,0,0,0,0,0,0,0,0,0,0,
2026-05-29,09:17:30.650,8.26,100,99,1,-0.105,5.98,25,1.049,56,1,0.119,100,100,0.39,-8.52,0.00,1,55.415800 12.873600,0,2026-05-29 09:17:21,0,0,-1024,0,-430,0,50,0,322,0,0,-1,-1,-1,-1,-1,-1,0,-1,-1,-1,0,36,8,-1024,0,36,0,0,0,0,0,0,0,297,0,0,0,0,0,0,0,0,0,0,0,0,0,0,0,0,0,0,0,0,0,0,0,0,0,0,0,0,0,0,0,0,0,0,0,0,0,0,0,0,0,0,0,0,0,0,0,0,0,0,0,
2026-05-29,09:17:30.770,8.27,100,99,1,-0.105,5.98,25,1.049,56,1,0.119,100,100,0.39,-8.52,0.00,1,55.415800 12.873600,0,2026-05-29 09:17:21,0,0,-1024,0,-429,2,50,0,321,0,0,-1,-1,-1,-1,-1,-1,0,-1,-1,-1,0,36,8,-1024,0,36,0,0,0,0,0,0,0,298,0,0,0,0,0,0,0,0,0,0,0,0,0,0,0,0,0,0,0,0,0,0,0,0,0,0,0,0,0,0,0,0,0,0,0,0,0,0,0,0,0,0,0,0,0,0,0,0,0,0,0,
2026-05-29,09:17:30.890,8.27,100,99,1,-0.105,5.98,25,1.049,56,1,0.119,100,100,0.39,-8.52,0.00,1,55.415800 12.873600,0,2026-05-29 09:17:21,0,0,-1024,0,-429,0,50,0,322,0,0,-1,-1,-1,-1,-1,-1,0,-1,-1,-1,0,36,8,-1024,0,36,0,0,0,0,0,0,0,298,0,0,0,0,0,0,0,0,0,0,0,0,0,0,0,0,0,0,0,0,0,0,0,0,0,0,0,0,0,0,0,0,0,0,0,0,0,0,0,0,0,0,0,0,0,0,0,0,0,0,0,
2026-05-29,09:17:31.000,8.27,100,99,1,-0.105,5.98,25,1.049,56,1,0.119,100,100,0.39,-8.52,0.00,1,55.415800 12.873600,0,2026-05-29 09:17:21,0,0,-1024,0,-430,0,51,0,322,0,0,-1,-1,-1,-1,-1,-1,0,-1,-1,-1,0,36,8,-1024,0,36,0,0,0,0,0,0,0,297,0,0,0,0,0,0,0,0,0,0,0,0,0,0,0,0,0,0,0,0,0,0,0,0,0,0,0,0,0,0,0,0,0,0,0,0,0,0,0,0,0,0,0,0,0,0,0,0,0,0,0,
2026-05-29,09:17:31.120,8.27,100,99,1,-0.105,5.98,25,1.049,56,1,0.119,100,100,0.39,-8.52,0.00,1,55.415800 12.873600,0,2026-05-29 09:17:21,0,0,-1024,0,-430,1,50,0,322,0,0,-1,-1,-1,-1,-1,-1,0,-1,-1,-1,0,36,8,-1024,0,36,0,0,0,0,0,0,0,297,0,0,0,0,0,0,0,0,0,0,0,0,0,0,0,0,0,0,0,0,0,0,0,0,0,0,0,0,0,0,0,0,0,0,0,0,0,0,0,0,0,0,0,0,0,0,0,0,0,0,0,
2026-05-29,09:17:31.240,8.26,100,99,1,-0.105,5.98,25,1.049,56,1,0.119,100,100,0.39,-8.52,0.00,1,55.415800 12.873600,0,2026-05-29 09:17:21,0,0,-1024,0,-430,1,50,0,322,0,0,-1,-1,-1,-1,-1,-1,0,-1,-1,-1,0,36,8,-1024,0,36,0,0,0,0,0,0,0,297,0,0,0,0,0,0,0,0,0,0,0,0,0,0,0,0,0,0,0,0,0,0,0,0,0,0,0,0,0,0,0,0,0,0,0,0,0,0,0,0,0,0,0,0,0,0,0,0,0,0,0,
2026-05-29,09:17:31.370,8.26,100,99,1,-0.105,5.98,25,1.049,56,1,0.119,100,100,0.39,-8.52,0.00,1,55.415800 12.873600,0,2026-05-29 09:17:21,0,0,-1024,0,-430,1,50,0,322,0,0,-1,-1,-1,-1,-1,-1,0,-1,-1,-1,0,36,8,-1024,0,36,0,0,0,0,0,0,0,297,0,0,0,0,0,0,0,0,0,0,0,0,0,0,0,0,0,0,0,0,0,0,0,0,0,0,0,0,0,0,0,0,0,0,0,0,0,0,0,0,0,0,0,0,0,0,0,0,0,0,0,
2026-05-29,09:17:31.480,8.27,100,99,1,-0.105,5.98,25,1.049,56,1,0.119,100,100,0.39,-8.52,0.00,1,55.415800 12.873600,0,2026-05-29 09:17:21,0,0,-1024,0,-429,0,51,0,322,0,0,-1,-1,-1,-1,-1,-1,0,-1,-1,-1,0,36,8,-1024,0,36,0,0,0,0,0,0,0,298,0,0,0,0,0,0,0,0,0,0,0,0,0,0,0,0,0,0,0,0,0,0,0,0,0,0,0,0,0,0,0,0,0,0,0,0,0,0,0,0,0,0,0,0,0,0,0,0,0,0,0,
2026-05-29,09:17:31.600,8.26,100,99,1,-0.105,5.98,25,1.049,56,1,0.119,100,100,0.39,-8.52,0.00,1,55.415800 12.873600,0,2026-05-29 09:17:21,0,0,-1024,0,-430,1,51,0,322,0,0,-1,-1,-1,-1,-1,-1,0,-1,-1,-1,0,36,8,-1024,0,36,0,0,0,0,0,0,0,297,0,0,0,0,0,0,0,0,0,0,0,0,0,0,0,0,0,0,0,0,0,0,0,0,0,0,0,0,0,0,0,0,0,0,0,0,0,0,0,0,0,0,0,0,0,0,0,0,0,0,0,
2026-05-29,09:17:31.710,8.26,100,99,1,-0.105,5.98,25,1.049,56,1,0.119,100,100,0.39,-8.52,0.00,1,55.415800 12.873600,0,2026-05-29 09:17:21,0,0,-1024,0,-430,3,51,0,322,0,0,-1,-1,-1,-1,-1,-1,0,-1,-1,-1,0,36,8,-1024,0,36,0,0,0,0,0,0,0,297,0,0,0,0,0,0,0,0,0,0,0,0,0,0,0,0,0,0,0,0,0,0,0,0,0,0,0,0,0,0,0,0,0,0,0,0,0,0,0,0,0,0,0,0,0,0,0,0,0,0,0,
2026-05-29,09:17:31.830,8.26,100,99,1,-0.105,5.98,25,1.049,56,1,0.119,100,100,0.39,-8.52,0.00,1,55.415800 12.873600,0,2026-05-29 09:17:21,0,0,-1024,0,-429,0,50,0,322,0,0,-1,-1,-1,-1,-1,-1,0,-1,-1,-1,0,36,8,-1024,0,36,0,0,0,0,0,0,0,298,0,0,0,0,0,0,0,0,0,0,0,0,0,0,0,0,0,0,0,0,0,0,0,0,0,0,0,0,0,0,0,0,0,0,0,0,0,0,0,0,0,0,0,0,0,0,0,0,0,0,0,
2026-05-29,09:17:31.950,8.26,100,99,1,-0.105,5.98,25,1.049,56,1,0.119,100,100,0.39,-8.52,0.00,1,55.415800 12.873600,0,2026-05-29 09:17:21,0,0,-1024,0,-429,0,51,0,322,0,0,-1,-1,-1,-1,-1,-1,0,-1,-1,-1,0,36,8,-1024,0,36,0,0,0,0,0,0,0,298,0,0,0,0,0,0,0,0,0,0,0,0,0,0,0,0,0,0,0,0,0,0,0,0,0,0,0,0,0,0,0,0,0,0,0,0,0,0,0,0,0,0,0,0,0,0,0,0,0,0,0,
2026-05-29,09:17:32.060,8.26,100,99,1,-0.105,5.98,25,1.049,56,1,0.119,100,100,0.39,-8.52,0.00,1,55.415800 12.873600,0,2026-05-29 09:17:21,0,0,-1024,0,-430,1,51,0,322,0,0,-1,-1,-1,-1,-1,-1,0,-1,-1,-1,0,36,8,-1024,0,36,0,0,0,0,0,0,0,297,0,0,0,0,0,0,0,0,0,0,0,0,0,0,0,0,0,0,0,0,0,0,0,0,0,0,0,0,0,0,0,0,0,0,0,0,0,0,0,0,0,0,0,0,0,0,0,0,0,0,0,
2026-05-29,09:17:32.180,8.27,100,99,1,-0.105,5.98,25,1.049,56,1,0.119,100,100,0.39,-8.52,0.00,1,55.415800 12.873600,0,2026-05-29 09:17:21,0,0,-1024,0,-430,3,49,0,322,0,0,-1,-1,-1,-1,-1,-1,0,-1,-1,-1,0,36,8,-1024,0,36,0,0,0,0,0,0,0,297,0,0,0,0,0,0,0,0,0,0,0,0,0,0,0,0,0,0,0,0,0,0,0,0,0,0,0,0,0,0,0,0,0,0,0,0,0,0,0,0,0,0,0,0,0,0,0,0,0,0,0,
2026-05-29,09:17:32.300,8.27,100,99,1,-0.105,5.98,25,1.049,56,1,0.119,100,100,0.39,-8.52,0.00,1,55.415800 12.873600,0,2026-05-29 09:17:21,0,0,-1024,0,-429,1,51,0,322,0,0,-1,-1,-1,-1,-1,-1,0,-1,-1,-1,0,36,8,-1024,0,36,0,0,0,0,0,0,0,298,0,0,0,0,0,0,0,0,0,0,0,0,0,0,0,0,0,0,0,0,0,0,0,0,0,0,0,0,0,0,0,0,0,0,0,0,0,0,0,0,0,0,0,0,0,0,0,0,0,0,0,
2026-05-29,09:17:32.410,8.27,100,99,1,-0.105,5.98,25,1.049,56,1,0.119,100,100,0.39,-8.52,0.00,1,55.415800 12.873600,0,2026-05-29 09:17:21,0,0,-1024,0,-430,0,50,0,322,0,0,-1,-1,-1,-1,-1,-1,0,-1,-1,-1,0,36,8,-1024,0,36,0,0,0,0,0,0,0,297,0,0,0,0,0,0,0,0,0,0,0,0,0,0,0,0,0,0,0,0,0,0,0,0,0,0,0,0,0,0,0,0,0,0,0,0,0,0,0,0,0,0,0,0,0,0,0,0,0,0,0,
2026-05-29,09:17:32.520,8.26,100,99,1,-0.105,5.98,25,1.049,56,1,0.119,100,100,0.39,-8.52,0.00,1,55.415800 12.873600,0,2026-05-29 09:17:21,0,0,-1024,0,-430,1,51,0,322,0,0,-1,-1,-1,-1,-1,-1,0,-1,-1,-1,0,36,8,-1024,0,36,0,0,0,0,0,0,0,297,0,0,0,0,0,0,0,0,0,0,0,0,0,0,0,0,0,0,0,0,0,0,0,0,0,0,0,0,0,0,0,0,0,0,0,0,0,0,0,0,0,0,0,0,0,0,0,0,0,0,0,
2026-05-29,09:17:32.640,8.26,100,99,1,-0.105,5.98,25,1.049,56,1,0.119,100,100,0.39,-8.52,0.00,1,55.415800 12.873600,0,2026-05-29 09:17:21,0,0,-1024,0,-430,0,50,0,322,0,0,-1,-1,-1,-1,-1,-1,0,-1,-1,-1,0,36,8,-1024,0,36,0,0,0,0,0,0,0,297,0,0,0,0,0,0,0,0,0,0,0,0,0,0,0,0,0,0,0,0,0,0,0,0,0,0,0,0,0,0,0,0,0,0,0,0,0,0,0,0,0,0,0,0,0,0,0,0,0,0,0,
2026-05-29,09:17:32.750,8.26,100,99,1,-0.105,5.98,25,1.049,56,1,0.119,100,100,0.39,-8.52,0.00,1,55.415800 12.873600,0,2026-05-29 09:17:21,0,0,-1024,0,-430,0,50,0,322,0,0,-1,-1,-1,-1,-1,-1,0,-1,-1,-1,0,36,8,-1024,0,36,0,0,0,0,0,0,0,298,0,0,0,0,0,0,0,0,0,0,0,0,0,0,0,0,0,0,0,0,0,0,0,0,0,0,0,0,0,0,0,0,0,0,0,0,0,0,0,0,0,0,0,0,0,0,0,0,0,0,0,
2026-05-29,09:17:32.870,8.26,100,99,1,-0.105,5.98,25,1.049,56,1,0.119,100,100,0.39,-8.52,0.00,1,55.415800 12.873600,0,2026-05-29 09:17:21,0,0,-1024,0,-430,0,51,0,322,0,0,-1,-1,-1,-1,-1,-1,0,-1,-1,-1,0,36,8,-1024,0,36,0,0,0,0,0,0,0,297,0,0,0,0,0,0,0,0,0,0,0,0,0,0,0,0,0,0,0,0,0,0,0,0,0,0,0,0,0,0,0,0,0,0,0,0,0,0,0,0,0,0,0,0,0,0,0,0,0,0,0,
